[2025-07-04T12:26:23.435+0530] {manager.py:469} INFO - Processing files using up to 1 processes at a time 
[2025-07-04T12:26:23.436+0530] {manager.py:470} INFO - Process each file at most once every 30 seconds
[2025-07-04T12:26:23.436+0530] {manager.py:471} INFO - Checking for new files in /home/tejhanagarajan/Projects/small-projects/NewsImpact/airflow/dags every 300 seconds
[2025-07-04T12:26:23.436+0530] {manager.py:738} INFO - Searching for files in /home/tejhanagarajan/Projects/small-projects/NewsImpact/airflow/dags
[2025-07-04T12:26:23.443+0530] {manager.py:741} INFO - There are 49 files in /home/tejhanagarajan/Projects/small-projects/NewsImpact/airflow/dags
[2025-07-04T12:26:23.571+0530] {manager.py:879} INFO - 
================================================================================
DAG File Processing Stats

File Path                                                                                                                                                                    PID    Runtime      # DAGs    # Errors  Last Runtime    Last Run
---------------------------------------------------------------------------------------------------------------------------------------------------------------------------  -----  ---------  --------  ----------  --------------  -------------------
/home/tejhanagarajan/Projects/small-projects/NewsImpact/airflow/dags/correlate_dag.py                                                                                                                 0           0
/home/tejhanagarajan/Projects/small-projects/NewsImpact/venv/lib64/python3.10/site-packages/airflow/example_dags/example_bash_operator.py                                                             0           0
/home/tejhanagarajan/Projects/small-projects/NewsImpact/venv/lib64/python3.10/site-packages/airflow/example_dags/example_branch_datetime_operator.py                                                  0           0
/home/tejhanagarajan/Projects/small-projects/NewsImpact/venv/lib64/python3.10/site-packages/airflow/example_dags/example_branch_day_of_week_operator.py                                               0           0
/home/tejhanagarajan/Projects/small-projects/NewsImpact/venv/lib64/python3.10/site-packages/airflow/example_dags/example_branch_labels.py                                                             0           0
/home/tejhanagarajan/Projects/small-projects/NewsImpact/venv/lib64/python3.10/site-packages/airflow/example_dags/example_branch_operator.py                                                           0           0
/home/tejhanagarajan/Projects/small-projects/NewsImpact/venv/lib64/python3.10/site-packages/airflow/example_dags/example_branch_operator_decorator.py                                                 0           0
/home/tejhanagarajan/Projects/small-projects/NewsImpact/venv/lib64/python3.10/site-packages/airflow/example_dags/example_branch_python_dop_operator_3.py                                              0           0
/home/tejhanagarajan/Projects/small-projects/NewsImpact/venv/lib64/python3.10/site-packages/airflow/example_dags/example_complex.py                                                                   0           0
/home/tejhanagarajan/Projects/small-projects/NewsImpact/venv/lib64/python3.10/site-packages/airflow/example_dags/example_dag_decorator.py                                                             0           0
/home/tejhanagarajan/Projects/small-projects/NewsImpact/venv/lib64/python3.10/site-packages/airflow/example_dags/example_datasets.py                                                                  0           0
/home/tejhanagarajan/Projects/small-projects/NewsImpact/venv/lib64/python3.10/site-packages/airflow/example_dags/example_dynamic_task_mapping.py                                                      0           0
/home/tejhanagarajan/Projects/small-projects/NewsImpact/venv/lib64/python3.10/site-packages/airflow/example_dags/example_dynamic_task_mapping_with_no_taskflow_operators.py                           0           0
/home/tejhanagarajan/Projects/small-projects/NewsImpact/venv/lib64/python3.10/site-packages/airflow/example_dags/example_external_task_marker_dag.py                                                  0           0
/home/tejhanagarajan/Projects/small-projects/NewsImpact/venv/lib64/python3.10/site-packages/airflow/example_dags/example_kubernetes_executor.py                                                       0           0
/home/tejhanagarajan/Projects/small-projects/NewsImpact/venv/lib64/python3.10/site-packages/airflow/example_dags/example_latest_only.py                                                               0           0
/home/tejhanagarajan/Projects/small-projects/NewsImpact/venv/lib64/python3.10/site-packages/airflow/example_dags/example_latest_only_with_trigger.py                                                  0           0
/home/tejhanagarajan/Projects/small-projects/NewsImpact/venv/lib64/python3.10/site-packages/airflow/example_dags/example_local_kubernetes_executor.py                                                 0           0
/home/tejhanagarajan/Projects/small-projects/NewsImpact/venv/lib64/python3.10/site-packages/airflow/example_dags/example_nested_branch_dag.py                                                         0           0
/home/tejhanagarajan/Projects/small-projects/NewsImpact/venv/lib64/python3.10/site-packages/airflow/example_dags/example_params_trigger_ui.py                                                         0           0
/home/tejhanagarajan/Projects/small-projects/NewsImpact/venv/lib64/python3.10/site-packages/airflow/example_dags/example_params_ui_tutorial.py                                                        0           0
/home/tejhanagarajan/Projects/small-projects/NewsImpact/venv/lib64/python3.10/site-packages/airflow/example_dags/example_passing_params_via_test_command.py                                           0           0
/home/tejhanagarajan/Projects/small-projects/NewsImpact/venv/lib64/python3.10/site-packages/airflow/example_dags/example_python_decorator.py                                                          0           0
/home/tejhanagarajan/Projects/small-projects/NewsImpact/venv/lib64/python3.10/site-packages/airflow/example_dags/example_python_operator.py                                                           0           0
/home/tejhanagarajan/Projects/small-projects/NewsImpact/venv/lib64/python3.10/site-packages/airflow/example_dags/example_sensor_decorator.py                                                          0           0
/home/tejhanagarajan/Projects/small-projects/NewsImpact/venv/lib64/python3.10/site-packages/airflow/example_dags/example_sensors.py                                                                   0           0
/home/tejhanagarajan/Projects/small-projects/NewsImpact/venv/lib64/python3.10/site-packages/airflow/example_dags/example_setup_teardown.py                                                            0           0
/home/tejhanagarajan/Projects/small-projects/NewsImpact/venv/lib64/python3.10/site-packages/airflow/example_dags/example_setup_teardown_taskflow.py                                                   0           0
/home/tejhanagarajan/Projects/small-projects/NewsImpact/venv/lib64/python3.10/site-packages/airflow/example_dags/example_short_circuit_decorator.py                                                   0           0
/home/tejhanagarajan/Projects/small-projects/NewsImpact/venv/lib64/python3.10/site-packages/airflow/example_dags/example_short_circuit_operator.py                                                    0           0
/home/tejhanagarajan/Projects/small-projects/NewsImpact/venv/lib64/python3.10/site-packages/airflow/example_dags/example_skip_dag.py                                                                  0           0
/home/tejhanagarajan/Projects/small-projects/NewsImpact/venv/lib64/python3.10/site-packages/airflow/example_dags/example_sla_dag.py                                                                   0           0
/home/tejhanagarajan/Projects/small-projects/NewsImpact/venv/lib64/python3.10/site-packages/airflow/example_dags/example_subdag_operator.py                                                           0           0
/home/tejhanagarajan/Projects/small-projects/NewsImpact/venv/lib64/python3.10/site-packages/airflow/example_dags/example_task_group.py                                                                0           0
/home/tejhanagarajan/Projects/small-projects/NewsImpact/venv/lib64/python3.10/site-packages/airflow/example_dags/example_task_group_decorator.py                                                      0           0
/home/tejhanagarajan/Projects/small-projects/NewsImpact/venv/lib64/python3.10/site-packages/airflow/example_dags/example_time_delta_sensor_async.py                                                   0           0
/home/tejhanagarajan/Projects/small-projects/NewsImpact/venv/lib64/python3.10/site-packages/airflow/example_dags/example_trigger_controller_dag.py                                                    0           0
/home/tejhanagarajan/Projects/small-projects/NewsImpact/venv/lib64/python3.10/site-packages/airflow/example_dags/example_trigger_target_dag.py                                                        0           0
/home/tejhanagarajan/Projects/small-projects/NewsImpact/venv/lib64/python3.10/site-packages/airflow/example_dags/example_xcom.py                                                                      0           0
/home/tejhanagarajan/Projects/small-projects/NewsImpact/venv/lib64/python3.10/site-packages/airflow/example_dags/example_xcomargs.py                                                                  0           0
/home/tejhanagarajan/Projects/small-projects/NewsImpact/venv/lib64/python3.10/site-packages/airflow/example_dags/tutorial.py                                                                          0           0
/home/tejhanagarajan/Projects/small-projects/NewsImpact/venv/lib64/python3.10/site-packages/airflow/example_dags/tutorial_dag.py                                                                      0           0
/home/tejhanagarajan/Projects/small-projects/NewsImpact/venv/lib64/python3.10/site-packages/airflow/example_dags/tutorial_objectstorage.py                                                            0           0
/home/tejhanagarajan/Projects/small-projects/NewsImpact/venv/lib64/python3.10/site-packages/airflow/example_dags/tutorial_taskflow_api.py                                                             0           0
/home/tejhanagarajan/Projects/small-projects/NewsImpact/venv/lib64/python3.10/site-packages/airflow/example_dags/tutorial_taskflow_api_virtualenv.py                                                  0           0
/home/tejhanagarajan/Projects/small-projects/NewsImpact/venv/lib64/python3.10/site-packages/airflow/example_dags/plugins/event_listener.py                                                            0           0
/home/tejhanagarajan/Projects/small-projects/NewsImpact/venv/lib64/python3.10/site-packages/airflow/example_dags/plugins/listener_plugin.py                                                           0           0
/home/tejhanagarajan/Projects/small-projects/NewsImpact/venv/lib64/python3.10/site-packages/airflow/example_dags/plugins/workday.py                                                                   0           0
/home/tejhanagarajan/Projects/small-projects/NewsImpact/venv/lib64/python3.10/site-packages/airflow/example_dags/subdags/subdag.py                                                                    0           0  0.10s           2025-07-04T06:56:23
================================================================================
[2025-07-04T12:26:53.745+0530] {manager.py:879} INFO - 
================================================================================
DAG File Processing Stats

File Path                                                                                                                                                                    PID    Runtime      # DAGs    # Errors  Last Runtime    Last Run
---------------------------------------------------------------------------------------------------------------------------------------------------------------------------  -----  ---------  --------  ----------  --------------  -------------------
/home/tejhanagarajan/Projects/small-projects/NewsImpact/airflow/dags/correlate_dag.py                                                                                                                 0           0
/home/tejhanagarajan/Projects/small-projects/NewsImpact/venv/lib64/python3.10/site-packages/airflow/example_dags/example_bash_operator.py                                                             0           0
/home/tejhanagarajan/Projects/small-projects/NewsImpact/venv/lib64/python3.10/site-packages/airflow/example_dags/example_branch_datetime_operator.py                                                  0           0
/home/tejhanagarajan/Projects/small-projects/NewsImpact/venv/lib64/python3.10/site-packages/airflow/example_dags/example_branch_day_of_week_operator.py                                               0           0
/home/tejhanagarajan/Projects/small-projects/NewsImpact/venv/lib64/python3.10/site-packages/airflow/example_dags/example_branch_labels.py                                                             0           0
/home/tejhanagarajan/Projects/small-projects/NewsImpact/venv/lib64/python3.10/site-packages/airflow/example_dags/example_branch_operator.py                                                           0           0
/home/tejhanagarajan/Projects/small-projects/NewsImpact/venv/lib64/python3.10/site-packages/airflow/example_dags/example_branch_operator_decorator.py                                                 0           0
/home/tejhanagarajan/Projects/small-projects/NewsImpact/venv/lib64/python3.10/site-packages/airflow/example_dags/example_branch_python_dop_operator_3.py                                              0           0
/home/tejhanagarajan/Projects/small-projects/NewsImpact/venv/lib64/python3.10/site-packages/airflow/example_dags/example_complex.py                                                                   0           0
/home/tejhanagarajan/Projects/small-projects/NewsImpact/venv/lib64/python3.10/site-packages/airflow/example_dags/example_dag_decorator.py                                                             0           0
/home/tejhanagarajan/Projects/small-projects/NewsImpact/venv/lib64/python3.10/site-packages/airflow/example_dags/example_datasets.py                                                                  0           0
/home/tejhanagarajan/Projects/small-projects/NewsImpact/venv/lib64/python3.10/site-packages/airflow/example_dags/example_dynamic_task_mapping.py                                                      0           0
/home/tejhanagarajan/Projects/small-projects/NewsImpact/venv/lib64/python3.10/site-packages/airflow/example_dags/example_dynamic_task_mapping_with_no_taskflow_operators.py                           0           0
/home/tejhanagarajan/Projects/small-projects/NewsImpact/venv/lib64/python3.10/site-packages/airflow/example_dags/example_external_task_marker_dag.py                                                  0           0
/home/tejhanagarajan/Projects/small-projects/NewsImpact/venv/lib64/python3.10/site-packages/airflow/example_dags/example_kubernetes_executor.py                                                       0           0
/home/tejhanagarajan/Projects/small-projects/NewsImpact/venv/lib64/python3.10/site-packages/airflow/example_dags/example_latest_only.py                                                               0           0
/home/tejhanagarajan/Projects/small-projects/NewsImpact/venv/lib64/python3.10/site-packages/airflow/example_dags/example_latest_only_with_trigger.py                                                  0           0
/home/tejhanagarajan/Projects/small-projects/NewsImpact/venv/lib64/python3.10/site-packages/airflow/example_dags/example_local_kubernetes_executor.py                                                 0           0
/home/tejhanagarajan/Projects/small-projects/NewsImpact/venv/lib64/python3.10/site-packages/airflow/example_dags/example_nested_branch_dag.py                                                         0           0
/home/tejhanagarajan/Projects/small-projects/NewsImpact/venv/lib64/python3.10/site-packages/airflow/example_dags/example_params_trigger_ui.py                                                         0           0
/home/tejhanagarajan/Projects/small-projects/NewsImpact/venv/lib64/python3.10/site-packages/airflow/example_dags/example_params_ui_tutorial.py                                                        0           0
/home/tejhanagarajan/Projects/small-projects/NewsImpact/venv/lib64/python3.10/site-packages/airflow/example_dags/plugins/event_listener.py                                                            0           0  0.10s           2025-07-04T06:56:27
/home/tejhanagarajan/Projects/small-projects/NewsImpact/venv/lib64/python3.10/site-packages/airflow/example_dags/plugins/listener_plugin.py                                                           0           0  0.10s           2025-07-04T06:56:26
/home/tejhanagarajan/Projects/small-projects/NewsImpact/venv/lib64/python3.10/site-packages/airflow/example_dags/plugins/workday.py                                                                   0           0  0.31s           2025-07-04T06:56:24
/home/tejhanagarajan/Projects/small-projects/NewsImpact/venv/lib64/python3.10/site-packages/airflow/example_dags/subdags/subdag.py                                                                    0           0  0.10s           2025-07-04T06:56:23
/home/tejhanagarajan/Projects/small-projects/NewsImpact/venv/lib64/python3.10/site-packages/airflow/example_dags/example_passing_params_via_test_command.py                                           1           0  0.20s           2025-07-04T06:56:53
/home/tejhanagarajan/Projects/small-projects/NewsImpact/venv/lib64/python3.10/site-packages/airflow/example_dags/example_python_decorator.py                                                          1           0  0.30s           2025-07-04T06:56:53
/home/tejhanagarajan/Projects/small-projects/NewsImpact/venv/lib64/python3.10/site-packages/airflow/example_dags/example_python_operator.py                                                           1           0  0.30s           2025-07-04T06:56:51
/home/tejhanagarajan/Projects/small-projects/NewsImpact/venv/lib64/python3.10/site-packages/airflow/example_dags/example_sensor_decorator.py                                                          1           0  0.20s           2025-07-04T06:56:50
/home/tejhanagarajan/Projects/small-projects/NewsImpact/venv/lib64/python3.10/site-packages/airflow/example_dags/example_sensors.py                                                                   1           0  0.20s           2025-07-04T06:56:49
/home/tejhanagarajan/Projects/small-projects/NewsImpact/venv/lib64/python3.10/site-packages/airflow/example_dags/example_setup_teardown.py                                                            1           0  0.20s           2025-07-04T06:56:49
/home/tejhanagarajan/Projects/small-projects/NewsImpact/venv/lib64/python3.10/site-packages/airflow/example_dags/example_setup_teardown_taskflow.py                                                   1           0  0.20s           2025-07-04T06:56:47
/home/tejhanagarajan/Projects/small-projects/NewsImpact/venv/lib64/python3.10/site-packages/airflow/example_dags/example_short_circuit_decorator.py                                                   1           0  0.20s           2025-07-04T06:56:46
/home/tejhanagarajan/Projects/small-projects/NewsImpact/venv/lib64/python3.10/site-packages/airflow/example_dags/example_short_circuit_operator.py                                                    1           0  0.20s           2025-07-04T06:56:45
/home/tejhanagarajan/Projects/small-projects/NewsImpact/venv/lib64/python3.10/site-packages/airflow/example_dags/example_skip_dag.py                                                                  1           0  0.20s           2025-07-04T06:56:44
/home/tejhanagarajan/Projects/small-projects/NewsImpact/venv/lib64/python3.10/site-packages/airflow/example_dags/example_sla_dag.py                                                                   1           0  0.20s           2025-07-04T06:56:43
/home/tejhanagarajan/Projects/small-projects/NewsImpact/venv/lib64/python3.10/site-packages/airflow/example_dags/example_task_group.py                                                                1           0  0.20s           2025-07-04T06:56:41
/home/tejhanagarajan/Projects/small-projects/NewsImpact/venv/lib64/python3.10/site-packages/airflow/example_dags/example_task_group_decorator.py                                                      1           0  0.20s           2025-07-04T06:56:40
/home/tejhanagarajan/Projects/small-projects/NewsImpact/venv/lib64/python3.10/site-packages/airflow/example_dags/example_time_delta_sensor_async.py                                                   1           0  0.20s           2025-07-04T06:56:38
/home/tejhanagarajan/Projects/small-projects/NewsImpact/venv/lib64/python3.10/site-packages/airflow/example_dags/example_trigger_controller_dag.py                                                    1           0  0.20s           2025-07-04T06:56:38
/home/tejhanagarajan/Projects/small-projects/NewsImpact/venv/lib64/python3.10/site-packages/airflow/example_dags/example_trigger_target_dag.py                                                        1           0  0.20s           2025-07-04T06:56:37
/home/tejhanagarajan/Projects/small-projects/NewsImpact/venv/lib64/python3.10/site-packages/airflow/example_dags/example_xcom.py                                                                      1           0  0.20s           2025-07-04T06:56:36
/home/tejhanagarajan/Projects/small-projects/NewsImpact/venv/lib64/python3.10/site-packages/airflow/example_dags/tutorial.py                                                                          1           0  0.20s           2025-07-04T06:56:33
/home/tejhanagarajan/Projects/small-projects/NewsImpact/venv/lib64/python3.10/site-packages/airflow/example_dags/tutorial_dag.py                                                                      1           0  0.20s           2025-07-04T06:56:32
/home/tejhanagarajan/Projects/small-projects/NewsImpact/venv/lib64/python3.10/site-packages/airflow/example_dags/tutorial_objectstorage.py                                                            1           0  0.20s           2025-07-04T06:56:31
/home/tejhanagarajan/Projects/small-projects/NewsImpact/venv/lib64/python3.10/site-packages/airflow/example_dags/tutorial_taskflow_api.py                                                             1           0  0.20s           2025-07-04T06:56:29
/home/tejhanagarajan/Projects/small-projects/NewsImpact/venv/lib64/python3.10/site-packages/airflow/example_dags/tutorial_taskflow_api_virtualenv.py                                                  1           0  0.20s           2025-07-04T06:56:28
/home/tejhanagarajan/Projects/small-projects/NewsImpact/venv/lib64/python3.10/site-packages/airflow/example_dags/example_xcomargs.py                                                                  2           0  0.20s           2025-07-04T06:56:34
/home/tejhanagarajan/Projects/small-projects/NewsImpact/venv/lib64/python3.10/site-packages/airflow/example_dags/example_subdag_operator.py                                                           3           0  0.20s           2025-07-04T06:56:42
================================================================================
[2025-07-04T12:27:24.302+0530] {manager.py:879} INFO - 
================================================================================
DAG File Processing Stats

File Path                                                                                                                                                                    PID    Runtime      # DAGs    # Errors  Last Runtime    Last Run
---------------------------------------------------------------------------------------------------------------------------------------------------------------------------  -----  ---------  --------  ----------  --------------  -------------------
/home/tejhanagarajan/Projects/small-projects/NewsImpact/venv/lib64/python3.10/site-packages/airflow/example_dags/example_kubernetes_executor.py                                                       0           0  0.10s           2025-07-04T06:57:01
/home/tejhanagarajan/Projects/small-projects/NewsImpact/venv/lib64/python3.10/site-packages/airflow/example_dags/example_local_kubernetes_executor.py                                                 0           0  0.10s           2025-07-04T06:56:58
/home/tejhanagarajan/Projects/small-projects/NewsImpact/venv/lib64/python3.10/site-packages/airflow/example_dags/plugins/event_listener.py                                                            0           0  0.10s           2025-07-04T06:57:20
/home/tejhanagarajan/Projects/small-projects/NewsImpact/venv/lib64/python3.10/site-packages/airflow/example_dags/plugins/listener_plugin.py                                                           0           0  0.10s           2025-07-04T06:57:19
/home/tejhanagarajan/Projects/small-projects/NewsImpact/venv/lib64/python3.10/site-packages/airflow/example_dags/plugins/workday.py                                                                   0           0  0.20s           2025-07-04T06:57:18
/home/tejhanagarajan/Projects/small-projects/NewsImpact/venv/lib64/python3.10/site-packages/airflow/example_dags/subdags/subdag.py                                                                    0           0  0.10s           2025-07-04T06:57:17
/home/tejhanagarajan/Projects/small-projects/NewsImpact/airflow/dags/correlate_dag.py                                                                                                                 1           0  0.20s           2025-07-04T06:57:16
/home/tejhanagarajan/Projects/small-projects/NewsImpact/venv/lib64/python3.10/site-packages/airflow/example_dags/example_bash_operator.py                                                             1           0  0.20s           2025-07-04T06:57:15
/home/tejhanagarajan/Projects/small-projects/NewsImpact/venv/lib64/python3.10/site-packages/airflow/example_dags/example_branch_day_of_week_operator.py                                               1           0  0.20s           2025-07-04T06:57:13
/home/tejhanagarajan/Projects/small-projects/NewsImpact/venv/lib64/python3.10/site-packages/airflow/example_dags/example_branch_labels.py                                                             1           0  0.20s           2025-07-04T06:57:12
/home/tejhanagarajan/Projects/small-projects/NewsImpact/venv/lib64/python3.10/site-packages/airflow/example_dags/example_branch_operator.py                                                           1           0  0.20s           2025-07-04T06:57:10
/home/tejhanagarajan/Projects/small-projects/NewsImpact/venv/lib64/python3.10/site-packages/airflow/example_dags/example_branch_operator_decorator.py                                                 1           0  0.20s           2025-07-04T06:57:10
/home/tejhanagarajan/Projects/small-projects/NewsImpact/venv/lib64/python3.10/site-packages/airflow/example_dags/example_branch_python_dop_operator_3.py                                              1           0  0.20s           2025-07-04T06:57:09
/home/tejhanagarajan/Projects/small-projects/NewsImpact/venv/lib64/python3.10/site-packages/airflow/example_dags/example_complex.py                                                                   1           0  0.20s           2025-07-04T06:57:08
/home/tejhanagarajan/Projects/small-projects/NewsImpact/venv/lib64/python3.10/site-packages/airflow/example_dags/example_dag_decorator.py                                                             1           0  0.20s           2025-07-04T06:57:06
/home/tejhanagarajan/Projects/small-projects/NewsImpact/venv/lib64/python3.10/site-packages/airflow/example_dags/example_dynamic_task_mapping.py                                                      1           0  0.20s           2025-07-04T06:57:04
/home/tejhanagarajan/Projects/small-projects/NewsImpact/venv/lib64/python3.10/site-packages/airflow/example_dags/example_dynamic_task_mapping_with_no_taskflow_operators.py                           1           0  0.21s           2025-07-04T06:57:03
/home/tejhanagarajan/Projects/small-projects/NewsImpact/venv/lib64/python3.10/site-packages/airflow/example_dags/example_latest_only.py                                                               1           0  0.20s           2025-07-04T06:57:00
/home/tejhanagarajan/Projects/small-projects/NewsImpact/venv/lib64/python3.10/site-packages/airflow/example_dags/example_latest_only_with_trigger.py                                                  1           0  0.20s           2025-07-04T06:56:59
/home/tejhanagarajan/Projects/small-projects/NewsImpact/venv/lib64/python3.10/site-packages/airflow/example_dags/example_nested_branch_dag.py                                                         1           0  0.20s           2025-07-04T06:56:57
/home/tejhanagarajan/Projects/small-projects/NewsImpact/venv/lib64/python3.10/site-packages/airflow/example_dags/example_params_trigger_ui.py                                                         1           0  0.20s           2025-07-04T06:56:56
/home/tejhanagarajan/Projects/small-projects/NewsImpact/venv/lib64/python3.10/site-packages/airflow/example_dags/example_params_ui_tutorial.py                                                        1           0  0.40s           2025-07-04T06:56:54
/home/tejhanagarajan/Projects/small-projects/NewsImpact/venv/lib64/python3.10/site-packages/airflow/example_dags/example_passing_params_via_test_command.py                                           1           0  0.20s           2025-07-04T06:56:53
/home/tejhanagarajan/Projects/small-projects/NewsImpact/venv/lib64/python3.10/site-packages/airflow/example_dags/example_python_decorator.py                                                          1           0  0.30s           2025-07-04T06:56:53
/home/tejhanagarajan/Projects/small-projects/NewsImpact/venv/lib64/python3.10/site-packages/airflow/example_dags/example_python_operator.py                                                           1           0  0.30s           2025-07-04T06:56:51
/home/tejhanagarajan/Projects/small-projects/NewsImpact/venv/lib64/python3.10/site-packages/airflow/example_dags/example_sensor_decorator.py                                                          1           0  0.20s           2025-07-04T06:56:50
/home/tejhanagarajan/Projects/small-projects/NewsImpact/venv/lib64/python3.10/site-packages/airflow/example_dags/example_sensors.py                                                                   1           0  0.20s           2025-07-04T06:56:49
/home/tejhanagarajan/Projects/small-projects/NewsImpact/venv/lib64/python3.10/site-packages/airflow/example_dags/example_setup_teardown.py                                                            1           0  0.20s           2025-07-04T06:56:49
/home/tejhanagarajan/Projects/small-projects/NewsImpact/venv/lib64/python3.10/site-packages/airflow/example_dags/example_setup_teardown_taskflow.py                                                   1           0  0.20s           2025-07-04T06:56:47
/home/tejhanagarajan/Projects/small-projects/NewsImpact/venv/lib64/python3.10/site-packages/airflow/example_dags/example_short_circuit_decorator.py                                                   1           0  0.20s           2025-07-04T06:56:46
/home/tejhanagarajan/Projects/small-projects/NewsImpact/venv/lib64/python3.10/site-packages/airflow/example_dags/example_short_circuit_operator.py                                                    1           0  0.20s           2025-07-04T06:56:45
/home/tejhanagarajan/Projects/small-projects/NewsImpact/venv/lib64/python3.10/site-packages/airflow/example_dags/example_skip_dag.py                                                                  1           0  0.20s           2025-07-04T06:56:44
/home/tejhanagarajan/Projects/small-projects/NewsImpact/venv/lib64/python3.10/site-packages/airflow/example_dags/example_sla_dag.py                                                                   1           0  0.20s           2025-07-04T06:56:43
/home/tejhanagarajan/Projects/small-projects/NewsImpact/venv/lib64/python3.10/site-packages/airflow/example_dags/example_task_group.py                                                                1           0  0.20s           2025-07-04T06:56:41
/home/tejhanagarajan/Projects/small-projects/NewsImpact/venv/lib64/python3.10/site-packages/airflow/example_dags/example_task_group_decorator.py                                                      1           0  0.20s           2025-07-04T06:56:40
/home/tejhanagarajan/Projects/small-projects/NewsImpact/venv/lib64/python3.10/site-packages/airflow/example_dags/example_time_delta_sensor_async.py                                                   1           0  0.20s           2025-07-04T06:56:38
/home/tejhanagarajan/Projects/small-projects/NewsImpact/venv/lib64/python3.10/site-packages/airflow/example_dags/example_trigger_controller_dag.py                                                    1           0  0.20s           2025-07-04T06:56:38
/home/tejhanagarajan/Projects/small-projects/NewsImpact/venv/lib64/python3.10/site-packages/airflow/example_dags/example_trigger_target_dag.py                                                        1           0  0.20s           2025-07-04T06:56:37
/home/tejhanagarajan/Projects/small-projects/NewsImpact/venv/lib64/python3.10/site-packages/airflow/example_dags/example_xcom.py                                                                      1           0  0.20s           2025-07-04T06:56:36
/home/tejhanagarajan/Projects/small-projects/NewsImpact/venv/lib64/python3.10/site-packages/airflow/example_dags/tutorial.py                                                                          1           0  0.20s           2025-07-04T06:56:33
/home/tejhanagarajan/Projects/small-projects/NewsImpact/venv/lib64/python3.10/site-packages/airflow/example_dags/tutorial_dag.py                                                                      1           0  0.10s           2025-07-04T06:57:24
/home/tejhanagarajan/Projects/small-projects/NewsImpact/venv/lib64/python3.10/site-packages/airflow/example_dags/tutorial_objectstorage.py                                                            1           0  0.10s           2025-07-04T06:57:23
/home/tejhanagarajan/Projects/small-projects/NewsImpact/venv/lib64/python3.10/site-packages/airflow/example_dags/tutorial_taskflow_api.py                                                             1           0  0.10s           2025-07-04T06:57:22
/home/tejhanagarajan/Projects/small-projects/NewsImpact/venv/lib64/python3.10/site-packages/airflow/example_dags/tutorial_taskflow_api_virtualenv.py                                                  1           0  0.20s           2025-07-04T06:57:21
/home/tejhanagarajan/Projects/small-projects/NewsImpact/venv/lib64/python3.10/site-packages/airflow/example_dags/example_external_task_marker_dag.py                                                  2           0  0.30s           2025-07-04T06:57:02
/home/tejhanagarajan/Projects/small-projects/NewsImpact/venv/lib64/python3.10/site-packages/airflow/example_dags/example_xcomargs.py                                                                  2           0  0.20s           2025-07-04T06:56:34
/home/tejhanagarajan/Projects/small-projects/NewsImpact/venv/lib64/python3.10/site-packages/airflow/example_dags/example_branch_datetime_operator.py                                                  3           0  0.30s           2025-07-04T06:57:14
/home/tejhanagarajan/Projects/small-projects/NewsImpact/venv/lib64/python3.10/site-packages/airflow/example_dags/example_subdag_operator.py                                                           3           0  0.20s           2025-07-04T06:56:42
/home/tejhanagarajan/Projects/small-projects/NewsImpact/venv/lib64/python3.10/site-packages/airflow/example_dags/example_datasets.py                                                                  6           0  0.40s           2025-07-04T06:57:05
================================================================================
[2025-07-04T12:27:54.523+0530] {manager.py:879} INFO - 
================================================================================
DAG File Processing Stats

File Path                                                                                                                                                                    PID    Runtime      # DAGs    # Errors  Last Runtime    Last Run
---------------------------------------------------------------------------------------------------------------------------------------------------------------------------  -----  ---------  --------  ----------  --------------  -------------------
/home/tejhanagarajan/Projects/small-projects/NewsImpact/venv/lib64/python3.10/site-packages/airflow/example_dags/example_kubernetes_executor.py                                                       0           0  0.10s           2025-07-04T06:57:50
/home/tejhanagarajan/Projects/small-projects/NewsImpact/venv/lib64/python3.10/site-packages/airflow/example_dags/example_local_kubernetes_executor.py                                                 0           0  0.10s           2025-07-04T06:57:47
/home/tejhanagarajan/Projects/small-projects/NewsImpact/venv/lib64/python3.10/site-packages/airflow/example_dags/plugins/event_listener.py                                                            0           0  0.10s           2025-07-04T06:57:20
/home/tejhanagarajan/Projects/small-projects/NewsImpact/venv/lib64/python3.10/site-packages/airflow/example_dags/plugins/listener_plugin.py                                                           0           0  0.10s           2025-07-04T06:57:19
/home/tejhanagarajan/Projects/small-projects/NewsImpact/venv/lib64/python3.10/site-packages/airflow/example_dags/plugins/workday.py                                                                   0           0  0.20s           2025-07-04T06:57:18
/home/tejhanagarajan/Projects/small-projects/NewsImpact/venv/lib64/python3.10/site-packages/airflow/example_dags/subdags/subdag.py                                                                    0           0  0.10s           2025-07-04T06:57:17
/home/tejhanagarajan/Projects/small-projects/NewsImpact/airflow/dags/correlate_dag.py                                                                                                                 1           0  0.20s           2025-07-04T06:57:16
/home/tejhanagarajan/Projects/small-projects/NewsImpact/venv/lib64/python3.10/site-packages/airflow/example_dags/example_bash_operator.py                                                             1           0  0.20s           2025-07-04T06:57:15
/home/tejhanagarajan/Projects/small-projects/NewsImpact/venv/lib64/python3.10/site-packages/airflow/example_dags/example_branch_day_of_week_operator.py                                               1           0  0.20s           2025-07-04T06:57:13
/home/tejhanagarajan/Projects/small-projects/NewsImpact/venv/lib64/python3.10/site-packages/airflow/example_dags/example_branch_labels.py                                                             1           0  0.20s           2025-07-04T06:57:12
/home/tejhanagarajan/Projects/small-projects/NewsImpact/venv/lib64/python3.10/site-packages/airflow/example_dags/example_branch_operator.py                                                           1           0  0.20s           2025-07-04T06:57:10
/home/tejhanagarajan/Projects/small-projects/NewsImpact/venv/lib64/python3.10/site-packages/airflow/example_dags/example_branch_operator_decorator.py                                                 1           0  0.20s           2025-07-04T06:57:10
/home/tejhanagarajan/Projects/small-projects/NewsImpact/venv/lib64/python3.10/site-packages/airflow/example_dags/example_branch_python_dop_operator_3.py                                              1           0  0.20s           2025-07-04T06:57:09
/home/tejhanagarajan/Projects/small-projects/NewsImpact/venv/lib64/python3.10/site-packages/airflow/example_dags/example_complex.py                                                                   1           0  0.20s           2025-07-04T06:57:08
/home/tejhanagarajan/Projects/small-projects/NewsImpact/venv/lib64/python3.10/site-packages/airflow/example_dags/example_dag_decorator.py                                                             1           0  0.20s           2025-07-04T06:57:06
/home/tejhanagarajan/Projects/small-projects/NewsImpact/venv/lib64/python3.10/site-packages/airflow/example_dags/example_dynamic_task_mapping.py                                                      1           0  0.10s           2025-07-04T06:57:53
/home/tejhanagarajan/Projects/small-projects/NewsImpact/venv/lib64/python3.10/site-packages/airflow/example_dags/example_dynamic_task_mapping_with_no_taskflow_operators.py                           1           0  0.10s           2025-07-04T06:57:52
/home/tejhanagarajan/Projects/small-projects/NewsImpact/venv/lib64/python3.10/site-packages/airflow/example_dags/example_latest_only.py                                                               1           0  0.10s           2025-07-04T06:57:49
/home/tejhanagarajan/Projects/small-projects/NewsImpact/venv/lib64/python3.10/site-packages/airflow/example_dags/example_latest_only_with_trigger.py                                                  1           0  0.10s           2025-07-04T06:57:48
/home/tejhanagarajan/Projects/small-projects/NewsImpact/venv/lib64/python3.10/site-packages/airflow/example_dags/example_nested_branch_dag.py                                                         1           0  0.10s           2025-07-04T06:57:46
/home/tejhanagarajan/Projects/small-projects/NewsImpact/venv/lib64/python3.10/site-packages/airflow/example_dags/example_params_trigger_ui.py                                                         1           0  0.10s           2025-07-04T06:57:44
/home/tejhanagarajan/Projects/small-projects/NewsImpact/venv/lib64/python3.10/site-packages/airflow/example_dags/example_params_ui_tutorial.py                                                        1           0  0.10s           2025-07-04T06:57:44
/home/tejhanagarajan/Projects/small-projects/NewsImpact/venv/lib64/python3.10/site-packages/airflow/example_dags/example_passing_params_via_test_command.py                                           1           0  0.10s           2025-07-04T06:57:43
/home/tejhanagarajan/Projects/small-projects/NewsImpact/venv/lib64/python3.10/site-packages/airflow/example_dags/example_python_decorator.py                                                          1           0  0.10s           2025-07-04T06:57:41
/home/tejhanagarajan/Projects/small-projects/NewsImpact/venv/lib64/python3.10/site-packages/airflow/example_dags/example_python_operator.py                                                           1           0  0.10s           2025-07-04T06:57:41
/home/tejhanagarajan/Projects/small-projects/NewsImpact/venv/lib64/python3.10/site-packages/airflow/example_dags/example_sensor_decorator.py                                                          1           0  0.10s           2025-07-04T06:57:40
/home/tejhanagarajan/Projects/small-projects/NewsImpact/venv/lib64/python3.10/site-packages/airflow/example_dags/example_sensors.py                                                                   1           0  0.10s           2025-07-04T06:57:39
/home/tejhanagarajan/Projects/small-projects/NewsImpact/venv/lib64/python3.10/site-packages/airflow/example_dags/example_setup_teardown.py                                                            1           0  0.10s           2025-07-04T06:57:39
/home/tejhanagarajan/Projects/small-projects/NewsImpact/venv/lib64/python3.10/site-packages/airflow/example_dags/example_setup_teardown_taskflow.py                                                   1           0  0.10s           2025-07-04T06:57:37
/home/tejhanagarajan/Projects/small-projects/NewsImpact/venv/lib64/python3.10/site-packages/airflow/example_dags/example_short_circuit_decorator.py                                                   1           0  0.10s           2025-07-04T06:57:36
/home/tejhanagarajan/Projects/small-projects/NewsImpact/venv/lib64/python3.10/site-packages/airflow/example_dags/example_short_circuit_operator.py                                                    1           0  0.10s           2025-07-04T06:57:35
/home/tejhanagarajan/Projects/small-projects/NewsImpact/venv/lib64/python3.10/site-packages/airflow/example_dags/example_skip_dag.py                                                                  1           0  0.10s           2025-07-04T06:57:34
/home/tejhanagarajan/Projects/small-projects/NewsImpact/venv/lib64/python3.10/site-packages/airflow/example_dags/example_sla_dag.py                                                                   1           0  0.10s           2025-07-04T06:57:33
/home/tejhanagarajan/Projects/small-projects/NewsImpact/venv/lib64/python3.10/site-packages/airflow/example_dags/example_task_group.py                                                                1           0  0.10s           2025-07-04T06:57:31
/home/tejhanagarajan/Projects/small-projects/NewsImpact/venv/lib64/python3.10/site-packages/airflow/example_dags/example_task_group_decorator.py                                                      1           0  0.10s           2025-07-04T06:57:31
/home/tejhanagarajan/Projects/small-projects/NewsImpact/venv/lib64/python3.10/site-packages/airflow/example_dags/example_time_delta_sensor_async.py                                                   1           0  0.10s           2025-07-04T06:57:29
/home/tejhanagarajan/Projects/small-projects/NewsImpact/venv/lib64/python3.10/site-packages/airflow/example_dags/example_trigger_controller_dag.py                                                    1           0  0.10s           2025-07-04T06:57:28
/home/tejhanagarajan/Projects/small-projects/NewsImpact/venv/lib64/python3.10/site-packages/airflow/example_dags/example_trigger_target_dag.py                                                        1           0  0.10s           2025-07-04T06:57:27
/home/tejhanagarajan/Projects/small-projects/NewsImpact/venv/lib64/python3.10/site-packages/airflow/example_dags/example_xcom.py                                                                      1           0  0.10s           2025-07-04T06:57:26
/home/tejhanagarajan/Projects/small-projects/NewsImpact/venv/lib64/python3.10/site-packages/airflow/example_dags/tutorial.py                                                                          1           0  0.10s           2025-07-04T06:57:24
/home/tejhanagarajan/Projects/small-projects/NewsImpact/venv/lib64/python3.10/site-packages/airflow/example_dags/tutorial_dag.py                                                                      1           0  0.10s           2025-07-04T06:57:24
/home/tejhanagarajan/Projects/small-projects/NewsImpact/venv/lib64/python3.10/site-packages/airflow/example_dags/tutorial_objectstorage.py                                                            1           0  0.10s           2025-07-04T06:57:23
/home/tejhanagarajan/Projects/small-projects/NewsImpact/venv/lib64/python3.10/site-packages/airflow/example_dags/tutorial_taskflow_api.py                                                             1           0  0.10s           2025-07-04T06:57:22
/home/tejhanagarajan/Projects/small-projects/NewsImpact/venv/lib64/python3.10/site-packages/airflow/example_dags/tutorial_taskflow_api_virtualenv.py                                                  1           0  0.20s           2025-07-04T06:57:21
/home/tejhanagarajan/Projects/small-projects/NewsImpact/venv/lib64/python3.10/site-packages/airflow/example_dags/example_external_task_marker_dag.py                                                  2           0  0.10s           2025-07-04T06:57:51
/home/tejhanagarajan/Projects/small-projects/NewsImpact/venv/lib64/python3.10/site-packages/airflow/example_dags/example_xcomargs.py                                                                  2           0  0.10s           2025-07-04T06:57:25
/home/tejhanagarajan/Projects/small-projects/NewsImpact/venv/lib64/python3.10/site-packages/airflow/example_dags/example_branch_datetime_operator.py                                                  3           0  0.30s           2025-07-04T06:57:14
/home/tejhanagarajan/Projects/small-projects/NewsImpact/venv/lib64/python3.10/site-packages/airflow/example_dags/example_subdag_operator.py                                                           3           0  0.10s           2025-07-04T06:57:32
/home/tejhanagarajan/Projects/small-projects/NewsImpact/venv/lib64/python3.10/site-packages/airflow/example_dags/example_datasets.py                                                                  6           0  0.10s           2025-07-04T06:57:54
================================================================================
[2025-07-04T12:28:24.703+0530] {manager.py:879} INFO - 
================================================================================
DAG File Processing Stats

File Path                                                                                                                                                                    PID    Runtime      # DAGs    # Errors  Last Runtime    Last Run
---------------------------------------------------------------------------------------------------------------------------------------------------------------------------  -----  ---------  --------  ----------  --------------  -------------------
/home/tejhanagarajan/Projects/small-projects/NewsImpact/venv/lib64/python3.10/site-packages/airflow/example_dags/example_kubernetes_executor.py                                                       0           0  0.10s           2025-07-04T06:57:50
/home/tejhanagarajan/Projects/small-projects/NewsImpact/venv/lib64/python3.10/site-packages/airflow/example_dags/example_local_kubernetes_executor.py                                                 0           0  0.10s           2025-07-04T06:57:47
/home/tejhanagarajan/Projects/small-projects/NewsImpact/venv/lib64/python3.10/site-packages/airflow/example_dags/plugins/event_listener.py                                                            0           0  0.10s           2025-07-04T06:57:59
/home/tejhanagarajan/Projects/small-projects/NewsImpact/venv/lib64/python3.10/site-packages/airflow/example_dags/plugins/listener_plugin.py                                                           0           0  0.10s           2025-07-04T06:57:58
/home/tejhanagarajan/Projects/small-projects/NewsImpact/venv/lib64/python3.10/site-packages/airflow/example_dags/plugins/workday.py                                                                   0           0  0.20s           2025-07-04T06:57:57
/home/tejhanagarajan/Projects/small-projects/NewsImpact/venv/lib64/python3.10/site-packages/airflow/example_dags/subdags/subdag.py                                                                    0           0  0.10s           2025-07-04T06:57:56
/home/tejhanagarajan/Projects/small-projects/NewsImpact/airflow/dags/correlate_dag.py                                                                                                                 1           0  0.10s           2025-07-04T06:58:14
/home/tejhanagarajan/Projects/small-projects/NewsImpact/venv/lib64/python3.10/site-packages/airflow/example_dags/example_bash_operator.py                                                             1           0  0.10s           2025-07-04T06:58:12
/home/tejhanagarajan/Projects/small-projects/NewsImpact/venv/lib64/python3.10/site-packages/airflow/example_dags/example_branch_day_of_week_operator.py                                               1           0  0.10s           2025-07-04T06:58:10
/home/tejhanagarajan/Projects/small-projects/NewsImpact/venv/lib64/python3.10/site-packages/airflow/example_dags/example_branch_labels.py                                                             1           0  0.10s           2025-07-04T06:58:09
/home/tejhanagarajan/Projects/small-projects/NewsImpact/venv/lib64/python3.10/site-packages/airflow/example_dags/example_branch_operator.py                                                           1           0  0.10s           2025-07-04T06:58:08
/home/tejhanagarajan/Projects/small-projects/NewsImpact/venv/lib64/python3.10/site-packages/airflow/example_dags/example_branch_operator_decorator.py                                                 1           0  0.10s           2025-07-04T06:58:07
/home/tejhanagarajan/Projects/small-projects/NewsImpact/venv/lib64/python3.10/site-packages/airflow/example_dags/example_branch_python_dop_operator_3.py                                              1           0  0.10s           2025-07-04T06:58:07
/home/tejhanagarajan/Projects/small-projects/NewsImpact/venv/lib64/python3.10/site-packages/airflow/example_dags/example_complex.py                                                                   1           0  0.10s           2025-07-04T06:58:06
/home/tejhanagarajan/Projects/small-projects/NewsImpact/venv/lib64/python3.10/site-packages/airflow/example_dags/example_dag_decorator.py                                                             1           0  0.10s           2025-07-04T06:57:55
/home/tejhanagarajan/Projects/small-projects/NewsImpact/venv/lib64/python3.10/site-packages/airflow/example_dags/example_dynamic_task_mapping.py                                                      1           0  0.10s           2025-07-04T06:57:53
/home/tejhanagarajan/Projects/small-projects/NewsImpact/venv/lib64/python3.10/site-packages/airflow/example_dags/example_dynamic_task_mapping_with_no_taskflow_operators.py                           1           0  0.10s           2025-07-04T06:57:52
/home/tejhanagarajan/Projects/small-projects/NewsImpact/venv/lib64/python3.10/site-packages/airflow/example_dags/example_latest_only.py                                                               1           0  0.10s           2025-07-04T06:57:49
/home/tejhanagarajan/Projects/small-projects/NewsImpact/venv/lib64/python3.10/site-packages/airflow/example_dags/example_latest_only_with_trigger.py                                                  1           0  0.10s           2025-07-04T06:57:48
/home/tejhanagarajan/Projects/small-projects/NewsImpact/venv/lib64/python3.10/site-packages/airflow/example_dags/example_nested_branch_dag.py                                                         1           0  0.10s           2025-07-04T06:57:46
/home/tejhanagarajan/Projects/small-projects/NewsImpact/venv/lib64/python3.10/site-packages/airflow/example_dags/example_params_trigger_ui.py                                                         1           0  0.10s           2025-07-04T06:57:44
/home/tejhanagarajan/Projects/small-projects/NewsImpact/venv/lib64/python3.10/site-packages/airflow/example_dags/example_params_ui_tutorial.py                                                        1           0  0.10s           2025-07-04T06:57:44
/home/tejhanagarajan/Projects/small-projects/NewsImpact/venv/lib64/python3.10/site-packages/airflow/example_dags/example_passing_params_via_test_command.py                                           1           0  0.10s           2025-07-04T06:57:43
/home/tejhanagarajan/Projects/small-projects/NewsImpact/venv/lib64/python3.10/site-packages/airflow/example_dags/example_python_decorator.py                                                          1           0  0.10s           2025-07-04T06:57:41
/home/tejhanagarajan/Projects/small-projects/NewsImpact/venv/lib64/python3.10/site-packages/airflow/example_dags/example_python_operator.py                                                           1           0  0.10s           2025-07-04T06:57:41
/home/tejhanagarajan/Projects/small-projects/NewsImpact/venv/lib64/python3.10/site-packages/airflow/example_dags/example_sensor_decorator.py                                                          1           0  0.10s           2025-07-04T06:57:40
/home/tejhanagarajan/Projects/small-projects/NewsImpact/venv/lib64/python3.10/site-packages/airflow/example_dags/example_sensors.py                                                                   1           0  0.10s           2025-07-04T06:57:39
/home/tejhanagarajan/Projects/small-projects/NewsImpact/venv/lib64/python3.10/site-packages/airflow/example_dags/example_setup_teardown.py                                                            1           0  0.10s           2025-07-04T06:57:39
/home/tejhanagarajan/Projects/small-projects/NewsImpact/venv/lib64/python3.10/site-packages/airflow/example_dags/example_setup_teardown_taskflow.py                                                   1           0  0.10s           2025-07-04T06:57:37
/home/tejhanagarajan/Projects/small-projects/NewsImpact/venv/lib64/python3.10/site-packages/airflow/example_dags/example_short_circuit_decorator.py                                                   1           0  0.10s           2025-07-04T06:58:24
/home/tejhanagarajan/Projects/small-projects/NewsImpact/venv/lib64/python3.10/site-packages/airflow/example_dags/example_short_circuit_operator.py                                                    1           0  0.10s           2025-07-04T06:58:23
/home/tejhanagarajan/Projects/small-projects/NewsImpact/venv/lib64/python3.10/site-packages/airflow/example_dags/example_skip_dag.py                                                                  1           0  0.10s           2025-07-04T06:58:23
/home/tejhanagarajan/Projects/small-projects/NewsImpact/venv/lib64/python3.10/site-packages/airflow/example_dags/example_sla_dag.py                                                                   1           0  0.10s           2025-07-04T06:58:22
/home/tejhanagarajan/Projects/small-projects/NewsImpact/venv/lib64/python3.10/site-packages/airflow/example_dags/example_task_group.py                                                                1           0  0.10s           2025-07-04T06:58:20
/home/tejhanagarajan/Projects/small-projects/NewsImpact/venv/lib64/python3.10/site-packages/airflow/example_dags/example_task_group_decorator.py                                                      1           0  0.10s           2025-07-04T06:58:19
/home/tejhanagarajan/Projects/small-projects/NewsImpact/venv/lib64/python3.10/site-packages/airflow/example_dags/example_time_delta_sensor_async.py                                                   1           0  0.10s           2025-07-04T06:58:18
/home/tejhanagarajan/Projects/small-projects/NewsImpact/venv/lib64/python3.10/site-packages/airflow/example_dags/example_trigger_controller_dag.py                                                    1           0  0.11s           2025-07-04T06:58:17
/home/tejhanagarajan/Projects/small-projects/NewsImpact/venv/lib64/python3.10/site-packages/airflow/example_dags/example_trigger_target_dag.py                                                        1           0  0.10s           2025-07-04T06:58:16
/home/tejhanagarajan/Projects/small-projects/NewsImpact/venv/lib64/python3.10/site-packages/airflow/example_dags/example_xcom.py                                                                      1           0  0.10s           2025-07-04T06:58:15
/home/tejhanagarajan/Projects/small-projects/NewsImpact/venv/lib64/python3.10/site-packages/airflow/example_dags/tutorial.py                                                                          1           0  0.10s           2025-07-04T06:58:04
/home/tejhanagarajan/Projects/small-projects/NewsImpact/venv/lib64/python3.10/site-packages/airflow/example_dags/tutorial_dag.py                                                                      1           0  0.10s           2025-07-04T06:58:03
/home/tejhanagarajan/Projects/small-projects/NewsImpact/venv/lib64/python3.10/site-packages/airflow/example_dags/tutorial_objectstorage.py                                                            1           0  0.10s           2025-07-04T06:58:02
/home/tejhanagarajan/Projects/small-projects/NewsImpact/venv/lib64/python3.10/site-packages/airflow/example_dags/tutorial_taskflow_api.py                                                             1           0  0.10s           2025-07-04T06:58:02
/home/tejhanagarajan/Projects/small-projects/NewsImpact/venv/lib64/python3.10/site-packages/airflow/example_dags/tutorial_taskflow_api_virtualenv.py                                                  1           0  0.10s           2025-07-04T06:58:00
/home/tejhanagarajan/Projects/small-projects/NewsImpact/venv/lib64/python3.10/site-packages/airflow/example_dags/example_external_task_marker_dag.py                                                  2           0  0.10s           2025-07-04T06:57:51
/home/tejhanagarajan/Projects/small-projects/NewsImpact/venv/lib64/python3.10/site-packages/airflow/example_dags/example_xcomargs.py                                                                  2           0  0.10s           2025-07-04T06:58:05
/home/tejhanagarajan/Projects/small-projects/NewsImpact/venv/lib64/python3.10/site-packages/airflow/example_dags/example_branch_datetime_operator.py                                                  3           0  0.10s           2025-07-04T06:58:11
/home/tejhanagarajan/Projects/small-projects/NewsImpact/venv/lib64/python3.10/site-packages/airflow/example_dags/example_subdag_operator.py                                                           3           0  0.10s           2025-07-04T06:58:21
/home/tejhanagarajan/Projects/small-projects/NewsImpact/venv/lib64/python3.10/site-packages/airflow/example_dags/example_datasets.py                                                                  6           0  0.10s           2025-07-04T06:57:54
================================================================================
[2025-07-04T12:28:54.981+0530] {manager.py:879} INFO - 
================================================================================
DAG File Processing Stats

File Path                                                                                                                                                                    PID    Runtime      # DAGs    # Errors  Last Runtime    Last Run
---------------------------------------------------------------------------------------------------------------------------------------------------------------------------  -----  ---------  --------  ----------  --------------  -------------------
/home/tejhanagarajan/Projects/small-projects/NewsImpact/venv/lib64/python3.10/site-packages/airflow/example_dags/example_kubernetes_executor.py                                                       0           0  0.10s           2025-07-04T06:58:46
/home/tejhanagarajan/Projects/small-projects/NewsImpact/venv/lib64/python3.10/site-packages/airflow/example_dags/example_local_kubernetes_executor.py                                                 0           0  0.10s           2025-07-04T06:58:43
/home/tejhanagarajan/Projects/small-projects/NewsImpact/venv/lib64/python3.10/site-packages/airflow/example_dags/plugins/event_listener.py                                                            0           0  0.10s           2025-07-04T06:58:37
/home/tejhanagarajan/Projects/small-projects/NewsImpact/venv/lib64/python3.10/site-packages/airflow/example_dags/plugins/listener_plugin.py                                                           0           0  0.10s           2025-07-04T06:58:36
/home/tejhanagarajan/Projects/small-projects/NewsImpact/venv/lib64/python3.10/site-packages/airflow/example_dags/plugins/workday.py                                                                   0           0  0.20s           2025-07-04T06:58:35
/home/tejhanagarajan/Projects/small-projects/NewsImpact/venv/lib64/python3.10/site-packages/airflow/example_dags/subdags/subdag.py                                                                    0           0  0.10s           2025-07-04T06:58:34
/home/tejhanagarajan/Projects/small-projects/NewsImpact/airflow/dags/correlate_dag.py                                                                                                                 1           0  0.10s           2025-07-04T06:58:14
/home/tejhanagarajan/Projects/small-projects/NewsImpact/venv/lib64/python3.10/site-packages/airflow/example_dags/example_bash_operator.py                                                             1           0  0.10s           2025-07-04T06:58:12
/home/tejhanagarajan/Projects/small-projects/NewsImpact/venv/lib64/python3.10/site-packages/airflow/example_dags/example_branch_day_of_week_operator.py                                               1           0  0.10s           2025-07-04T06:58:10
/home/tejhanagarajan/Projects/small-projects/NewsImpact/venv/lib64/python3.10/site-packages/airflow/example_dags/example_branch_labels.py                                                             1           0  0.10s           2025-07-04T06:58:09
/home/tejhanagarajan/Projects/small-projects/NewsImpact/venv/lib64/python3.10/site-packages/airflow/example_dags/example_branch_operator.py                                                           1           0  0.10s           2025-07-04T06:58:08
/home/tejhanagarajan/Projects/small-projects/NewsImpact/venv/lib64/python3.10/site-packages/airflow/example_dags/example_branch_operator_decorator.py                                                 1           0  0.10s           2025-07-04T06:58:07
/home/tejhanagarajan/Projects/small-projects/NewsImpact/venv/lib64/python3.10/site-packages/airflow/example_dags/example_branch_python_dop_operator_3.py                                              1           0  0.10s           2025-07-04T06:58:07
/home/tejhanagarajan/Projects/small-projects/NewsImpact/venv/lib64/python3.10/site-packages/airflow/example_dags/example_complex.py                                                                   1           0  0.10s           2025-07-04T06:58:06
/home/tejhanagarajan/Projects/small-projects/NewsImpact/venv/lib64/python3.10/site-packages/airflow/example_dags/example_dag_decorator.py                                                             1           0  0.20s           2025-07-04T06:58:52
/home/tejhanagarajan/Projects/small-projects/NewsImpact/venv/lib64/python3.10/site-packages/airflow/example_dags/example_dynamic_task_mapping.py                                                      1           0  0.10s           2025-07-04T06:58:50
/home/tejhanagarajan/Projects/small-projects/NewsImpact/venv/lib64/python3.10/site-packages/airflow/example_dags/example_dynamic_task_mapping_with_no_taskflow_operators.py                           1           0  0.10s           2025-07-04T06:58:48
/home/tejhanagarajan/Projects/small-projects/NewsImpact/venv/lib64/python3.10/site-packages/airflow/example_dags/example_latest_only.py                                                               1           0  0.10s           2025-07-04T06:58:45
/home/tejhanagarajan/Projects/small-projects/NewsImpact/venv/lib64/python3.10/site-packages/airflow/example_dags/example_latest_only_with_trigger.py                                                  1           0  0.10s           2025-07-04T06:58:44
/home/tejhanagarajan/Projects/small-projects/NewsImpact/venv/lib64/python3.10/site-packages/airflow/example_dags/example_nested_branch_dag.py                                                         1           0  0.10s           2025-07-04T06:58:43
/home/tejhanagarajan/Projects/small-projects/NewsImpact/venv/lib64/python3.10/site-packages/airflow/example_dags/example_params_trigger_ui.py                                                         1           0  0.10s           2025-07-04T06:58:33
/home/tejhanagarajan/Projects/small-projects/NewsImpact/venv/lib64/python3.10/site-packages/airflow/example_dags/example_params_ui_tutorial.py                                                        1           0  0.10s           2025-07-04T06:58:33
/home/tejhanagarajan/Projects/small-projects/NewsImpact/venv/lib64/python3.10/site-packages/airflow/example_dags/example_passing_params_via_test_command.py                                           1           0  0.10s           2025-07-04T06:58:31
/home/tejhanagarajan/Projects/small-projects/NewsImpact/venv/lib64/python3.10/site-packages/airflow/example_dags/example_python_decorator.py                                                          1           0  0.10s           2025-07-04T06:58:30
/home/tejhanagarajan/Projects/small-projects/NewsImpact/venv/lib64/python3.10/site-packages/airflow/example_dags/example_python_operator.py                                                           1           0  0.20s           2025-07-04T06:58:29
/home/tejhanagarajan/Projects/small-projects/NewsImpact/venv/lib64/python3.10/site-packages/airflow/example_dags/example_sensor_decorator.py                                                          1           0  0.10s           2025-07-04T06:58:28
/home/tejhanagarajan/Projects/small-projects/NewsImpact/venv/lib64/python3.10/site-packages/airflow/example_dags/example_sensors.py                                                                   1           0  0.10s           2025-07-04T06:58:27
/home/tejhanagarajan/Projects/small-projects/NewsImpact/venv/lib64/python3.10/site-packages/airflow/example_dags/example_setup_teardown.py                                                            1           0  0.10s           2025-07-04T06:58:26
/home/tejhanagarajan/Projects/small-projects/NewsImpact/venv/lib64/python3.10/site-packages/airflow/example_dags/example_setup_teardown_taskflow.py                                                   1           0  0.10s           2025-07-04T06:58:25
/home/tejhanagarajan/Projects/small-projects/NewsImpact/venv/lib64/python3.10/site-packages/airflow/example_dags/example_short_circuit_decorator.py                                                   1           0  0.10s           2025-07-04T06:58:24
/home/tejhanagarajan/Projects/small-projects/NewsImpact/venv/lib64/python3.10/site-packages/airflow/example_dags/example_short_circuit_operator.py                                                    1           0  0.10s           2025-07-04T06:58:23
/home/tejhanagarajan/Projects/small-projects/NewsImpact/venv/lib64/python3.10/site-packages/airflow/example_dags/example_skip_dag.py                                                                  1           0  0.10s           2025-07-04T06:58:23
/home/tejhanagarajan/Projects/small-projects/NewsImpact/venv/lib64/python3.10/site-packages/airflow/example_dags/example_sla_dag.py                                                                   1           0  0.10s           2025-07-04T06:58:22
/home/tejhanagarajan/Projects/small-projects/NewsImpact/venv/lib64/python3.10/site-packages/airflow/example_dags/example_task_group.py                                                                1           0  0.10s           2025-07-04T06:58:20
/home/tejhanagarajan/Projects/small-projects/NewsImpact/venv/lib64/python3.10/site-packages/airflow/example_dags/example_task_group_decorator.py                                                      1           0  0.10s           2025-07-04T06:58:19
/home/tejhanagarajan/Projects/small-projects/NewsImpact/venv/lib64/python3.10/site-packages/airflow/example_dags/example_time_delta_sensor_async.py                                                   1           0  0.10s           2025-07-04T06:58:18
/home/tejhanagarajan/Projects/small-projects/NewsImpact/venv/lib64/python3.10/site-packages/airflow/example_dags/example_trigger_controller_dag.py                                                    1           0  0.11s           2025-07-04T06:58:17
/home/tejhanagarajan/Projects/small-projects/NewsImpact/venv/lib64/python3.10/site-packages/airflow/example_dags/example_trigger_target_dag.py                                                        1           0  0.10s           2025-07-04T06:58:16
/home/tejhanagarajan/Projects/small-projects/NewsImpact/venv/lib64/python3.10/site-packages/airflow/example_dags/example_xcom.py                                                                      1           0  0.10s           2025-07-04T06:58:54
/home/tejhanagarajan/Projects/small-projects/NewsImpact/venv/lib64/python3.10/site-packages/airflow/example_dags/tutorial.py                                                                          1           0  0.10s           2025-07-04T06:58:53
/home/tejhanagarajan/Projects/small-projects/NewsImpact/venv/lib64/python3.10/site-packages/airflow/example_dags/tutorial_dag.py                                                                      1           0  0.10s           2025-07-04T06:58:42
/home/tejhanagarajan/Projects/small-projects/NewsImpact/venv/lib64/python3.10/site-packages/airflow/example_dags/tutorial_objectstorage.py                                                            1           0  0.10s           2025-07-04T06:58:40
/home/tejhanagarajan/Projects/small-projects/NewsImpact/venv/lib64/python3.10/site-packages/airflow/example_dags/tutorial_taskflow_api.py                                                             1           0  0.10s           2025-07-04T06:58:39
/home/tejhanagarajan/Projects/small-projects/NewsImpact/venv/lib64/python3.10/site-packages/airflow/example_dags/tutorial_taskflow_api_virtualenv.py                                                  1           0  0.10s           2025-07-04T06:58:38
/home/tejhanagarajan/Projects/small-projects/NewsImpact/venv/lib64/python3.10/site-packages/airflow/example_dags/example_external_task_marker_dag.py                                                  2           0  0.10s           2025-07-04T06:58:48
/home/tejhanagarajan/Projects/small-projects/NewsImpact/venv/lib64/python3.10/site-packages/airflow/example_dags/example_xcomargs.py                                                                  2           0  0.10s           2025-07-04T06:58:54
/home/tejhanagarajan/Projects/small-projects/NewsImpact/venv/lib64/python3.10/site-packages/airflow/example_dags/example_branch_datetime_operator.py                                                  3           0  0.10s           2025-07-04T06:58:11
/home/tejhanagarajan/Projects/small-projects/NewsImpact/venv/lib64/python3.10/site-packages/airflow/example_dags/example_subdag_operator.py                                                           3           0  0.10s           2025-07-04T06:58:21
/home/tejhanagarajan/Projects/small-projects/NewsImpact/venv/lib64/python3.10/site-packages/airflow/example_dags/example_datasets.py                                                                  6           0  0.10s           2025-07-04T06:58:51
================================================================================
[2025-07-04T12:29:25.263+0530] {manager.py:879} INFO - 
================================================================================
DAG File Processing Stats

File Path                                                                                                                                                                    PID    Runtime      # DAGs    # Errors  Last Runtime    Last Run
---------------------------------------------------------------------------------------------------------------------------------------------------------------------------  -----  ---------  --------  ----------  --------------  -------------------
/home/tejhanagarajan/Projects/small-projects/NewsImpact/venv/lib64/python3.10/site-packages/airflow/example_dags/example_kubernetes_executor.py                                                       0           0  0.10s           2025-07-04T06:58:46
/home/tejhanagarajan/Projects/small-projects/NewsImpact/venv/lib64/python3.10/site-packages/airflow/example_dags/example_local_kubernetes_executor.py                                                 0           0  0.10s           2025-07-04T06:58:43
/home/tejhanagarajan/Projects/small-projects/NewsImpact/venv/lib64/python3.10/site-packages/airflow/example_dags/plugins/event_listener.py                                                            0           0  0.10s           2025-07-04T06:59:17
/home/tejhanagarajan/Projects/small-projects/NewsImpact/venv/lib64/python3.10/site-packages/airflow/example_dags/plugins/listener_plugin.py                                                           0           0  0.11s           2025-07-04T06:59:15
/home/tejhanagarajan/Projects/small-projects/NewsImpact/venv/lib64/python3.10/site-packages/airflow/example_dags/plugins/workday.py                                                                   0           0  0.21s           2025-07-04T06:59:14
/home/tejhanagarajan/Projects/small-projects/NewsImpact/venv/lib64/python3.10/site-packages/airflow/example_dags/subdags/subdag.py                                                                    0           0  0.10s           2025-07-04T06:59:13
/home/tejhanagarajan/Projects/small-projects/NewsImpact/airflow/dags/correlate_dag.py                                                                                                                 1           0  0.20s           2025-07-04T06:59:12
/home/tejhanagarajan/Projects/small-projects/NewsImpact/venv/lib64/python3.10/site-packages/airflow/example_dags/example_bash_operator.py                                                             1           0  0.10s           2025-07-04T06:59:11
/home/tejhanagarajan/Projects/small-projects/NewsImpact/venv/lib64/python3.10/site-packages/airflow/example_dags/example_branch_day_of_week_operator.py                                               1           0  0.10s           2025-07-04T06:59:09
/home/tejhanagarajan/Projects/small-projects/NewsImpact/venv/lib64/python3.10/site-packages/airflow/example_dags/example_branch_labels.py                                                             1           0  0.10s           2025-07-04T06:59:08
/home/tejhanagarajan/Projects/small-projects/NewsImpact/venv/lib64/python3.10/site-packages/airflow/example_dags/example_branch_operator.py                                                           1           0  0.10s           2025-07-04T06:59:07
/home/tejhanagarajan/Projects/small-projects/NewsImpact/venv/lib64/python3.10/site-packages/airflow/example_dags/example_branch_operator_decorator.py                                                 1           0  0.10s           2025-07-04T06:59:06
/home/tejhanagarajan/Projects/small-projects/NewsImpact/venv/lib64/python3.10/site-packages/airflow/example_dags/example_branch_python_dop_operator_3.py                                              1           0  0.10s           2025-07-04T06:59:05
/home/tejhanagarajan/Projects/small-projects/NewsImpact/venv/lib64/python3.10/site-packages/airflow/example_dags/example_complex.py                                                                   1           0  0.10s           2025-07-04T06:59:04
/home/tejhanagarajan/Projects/small-projects/NewsImpact/venv/lib64/python3.10/site-packages/airflow/example_dags/example_dag_decorator.py                                                             1           0  0.20s           2025-07-04T06:58:52
/home/tejhanagarajan/Projects/small-projects/NewsImpact/venv/lib64/python3.10/site-packages/airflow/example_dags/example_dynamic_task_mapping.py                                                      1           0  0.10s           2025-07-04T06:58:50
/home/tejhanagarajan/Projects/small-projects/NewsImpact/venv/lib64/python3.10/site-packages/airflow/example_dags/example_dynamic_task_mapping_with_no_taskflow_operators.py                           1           0  0.10s           2025-07-04T06:58:48
/home/tejhanagarajan/Projects/small-projects/NewsImpact/venv/lib64/python3.10/site-packages/airflow/example_dags/example_latest_only.py                                                               1           0  0.10s           2025-07-04T06:58:45
/home/tejhanagarajan/Projects/small-projects/NewsImpact/venv/lib64/python3.10/site-packages/airflow/example_dags/example_latest_only_with_trigger.py                                                  1           0  0.10s           2025-07-04T06:58:44
/home/tejhanagarajan/Projects/small-projects/NewsImpact/venv/lib64/python3.10/site-packages/airflow/example_dags/example_nested_branch_dag.py                                                         1           0  0.10s           2025-07-04T06:58:43
/home/tejhanagarajan/Projects/small-projects/NewsImpact/venv/lib64/python3.10/site-packages/airflow/example_dags/example_params_trigger_ui.py                                                         1           0  0.10s           2025-07-04T06:58:33
/home/tejhanagarajan/Projects/small-projects/NewsImpact/venv/lib64/python3.10/site-packages/airflow/example_dags/example_params_ui_tutorial.py                                                        1           0  0.10s           2025-07-04T06:58:33
/home/tejhanagarajan/Projects/small-projects/NewsImpact/venv/lib64/python3.10/site-packages/airflow/example_dags/example_passing_params_via_test_command.py                                           1           0  0.10s           2025-07-04T06:58:31
/home/tejhanagarajan/Projects/small-projects/NewsImpact/venv/lib64/python3.10/site-packages/airflow/example_dags/example_python_decorator.py                                                          1           0  0.10s           2025-07-04T06:58:30
/home/tejhanagarajan/Projects/small-projects/NewsImpact/venv/lib64/python3.10/site-packages/airflow/example_dags/example_python_operator.py                                                           1           0  0.20s           2025-07-04T06:58:29
/home/tejhanagarajan/Projects/small-projects/NewsImpact/venv/lib64/python3.10/site-packages/airflow/example_dags/example_sensor_decorator.py                                                          1           0  0.10s           2025-07-04T06:58:28
/home/tejhanagarajan/Projects/small-projects/NewsImpact/venv/lib64/python3.10/site-packages/airflow/example_dags/example_sensors.py                                                                   1           0  0.10s           2025-07-04T06:59:25
/home/tejhanagarajan/Projects/small-projects/NewsImpact/venv/lib64/python3.10/site-packages/airflow/example_dags/example_setup_teardown.py                                                            1           0  0.10s           2025-07-04T06:59:24
/home/tejhanagarajan/Projects/small-projects/NewsImpact/venv/lib64/python3.10/site-packages/airflow/example_dags/example_setup_teardown_taskflow.py                                                   1           0  0.10s           2025-07-04T06:59:24
/home/tejhanagarajan/Projects/small-projects/NewsImpact/venv/lib64/python3.10/site-packages/airflow/example_dags/example_short_circuit_decorator.py                                                   1           0  0.10s           2025-07-04T06:59:23
/home/tejhanagarajan/Projects/small-projects/NewsImpact/venv/lib64/python3.10/site-packages/airflow/example_dags/example_short_circuit_operator.py                                                    1           0  0.10s           2025-07-04T06:59:23
/home/tejhanagarajan/Projects/small-projects/NewsImpact/venv/lib64/python3.10/site-packages/airflow/example_dags/example_skip_dag.py                                                                  1           0  0.10s           2025-07-04T06:59:04
/home/tejhanagarajan/Projects/small-projects/NewsImpact/venv/lib64/python3.10/site-packages/airflow/example_dags/example_sla_dag.py                                                                   1           0  0.50s           2025-07-04T06:59:03
/home/tejhanagarajan/Projects/small-projects/NewsImpact/venv/lib64/python3.10/site-packages/airflow/example_dags/example_task_group.py                                                                1           0  0.10s           2025-07-04T06:59:00
/home/tejhanagarajan/Projects/small-projects/NewsImpact/venv/lib64/python3.10/site-packages/airflow/example_dags/example_task_group_decorator.py                                                      1           0  0.10s           2025-07-04T06:58:59
/home/tejhanagarajan/Projects/small-projects/NewsImpact/venv/lib64/python3.10/site-packages/airflow/example_dags/example_time_delta_sensor_async.py                                                   1           0  0.10s           2025-07-04T06:58:58
/home/tejhanagarajan/Projects/small-projects/NewsImpact/venv/lib64/python3.10/site-packages/airflow/example_dags/example_trigger_controller_dag.py                                                    1           0  0.10s           2025-07-04T06:58:57
/home/tejhanagarajan/Projects/small-projects/NewsImpact/venv/lib64/python3.10/site-packages/airflow/example_dags/example_trigger_target_dag.py                                                        1           0  0.10s           2025-07-04T06:58:55
/home/tejhanagarajan/Projects/small-projects/NewsImpact/venv/lib64/python3.10/site-packages/airflow/example_dags/example_xcom.py                                                                      1           0  0.10s           2025-07-04T06:58:54
/home/tejhanagarajan/Projects/small-projects/NewsImpact/venv/lib64/python3.10/site-packages/airflow/example_dags/tutorial.py                                                                          1           0  0.10s           2025-07-04T06:58:53
/home/tejhanagarajan/Projects/small-projects/NewsImpact/venv/lib64/python3.10/site-packages/airflow/example_dags/tutorial_dag.py                                                                      1           0  0.10s           2025-07-04T06:59:22
/home/tejhanagarajan/Projects/small-projects/NewsImpact/venv/lib64/python3.10/site-packages/airflow/example_dags/tutorial_objectstorage.py                                                            1           0  0.10s           2025-07-04T06:59:20
/home/tejhanagarajan/Projects/small-projects/NewsImpact/venv/lib64/python3.10/site-packages/airflow/example_dags/tutorial_taskflow_api.py                                                             1           0  0.10s           2025-07-04T06:59:19
/home/tejhanagarajan/Projects/small-projects/NewsImpact/venv/lib64/python3.10/site-packages/airflow/example_dags/tutorial_taskflow_api_virtualenv.py                                                  1           0  0.10s           2025-07-04T06:59:18
/home/tejhanagarajan/Projects/small-projects/NewsImpact/venv/lib64/python3.10/site-packages/airflow/example_dags/example_external_task_marker_dag.py                                                  2           0  0.10s           2025-07-04T06:58:48
/home/tejhanagarajan/Projects/small-projects/NewsImpact/venv/lib64/python3.10/site-packages/airflow/example_dags/example_xcomargs.py                                                                  2           0  0.10s           2025-07-04T06:58:54
/home/tejhanagarajan/Projects/small-projects/NewsImpact/venv/lib64/python3.10/site-packages/airflow/example_dags/example_branch_datetime_operator.py                                                  3           0  0.10s           2025-07-04T06:59:10
/home/tejhanagarajan/Projects/small-projects/NewsImpact/venv/lib64/python3.10/site-packages/airflow/example_dags/example_subdag_operator.py                                                           3           0  0.10s           2025-07-04T06:59:01
/home/tejhanagarajan/Projects/small-projects/NewsImpact/venv/lib64/python3.10/site-packages/airflow/example_dags/example_datasets.py                                                                  6           0  0.10s           2025-07-04T06:58:51
================================================================================
[2025-07-04T12:29:55.427+0530] {manager.py:879} INFO - 
================================================================================
DAG File Processing Stats

File Path                                                                                                                                                                    PID    Runtime      # DAGs    # Errors  Last Runtime    Last Run
---------------------------------------------------------------------------------------------------------------------------------------------------------------------------  -----  ---------  --------  ----------  --------------  -------------------
/home/tejhanagarajan/Projects/small-projects/NewsImpact/venv/lib64/python3.10/site-packages/airflow/example_dags/example_kubernetes_executor.py                                                       0           0  0.10s           2025-07-04T06:59:45
/home/tejhanagarajan/Projects/small-projects/NewsImpact/venv/lib64/python3.10/site-packages/airflow/example_dags/example_local_kubernetes_executor.py                                                 0           0  0.10s           2025-07-04T06:59:42
/home/tejhanagarajan/Projects/small-projects/NewsImpact/venv/lib64/python3.10/site-packages/airflow/example_dags/plugins/event_listener.py                                                            0           0  0.10s           2025-07-04T06:59:54
/home/tejhanagarajan/Projects/small-projects/NewsImpact/venv/lib64/python3.10/site-packages/airflow/example_dags/plugins/listener_plugin.py                                                           0           0  0.10s           2025-07-04T06:59:52
/home/tejhanagarajan/Projects/small-projects/NewsImpact/venv/lib64/python3.10/site-packages/airflow/example_dags/plugins/workday.py                                                                   0           0  0.20s           2025-07-04T06:59:51
/home/tejhanagarajan/Projects/small-projects/NewsImpact/venv/lib64/python3.10/site-packages/airflow/example_dags/subdags/subdag.py                                                                    0           0  0.10s           2025-07-04T06:59:50
/home/tejhanagarajan/Projects/small-projects/NewsImpact/airflow/dags/correlate_dag.py                                                                                                                 1           0  0.20s           2025-07-04T06:59:12
/home/tejhanagarajan/Projects/small-projects/NewsImpact/venv/lib64/python3.10/site-packages/airflow/example_dags/example_bash_operator.py                                                             1           0  0.10s           2025-07-04T06:59:11
/home/tejhanagarajan/Projects/small-projects/NewsImpact/venv/lib64/python3.10/site-packages/airflow/example_dags/example_branch_day_of_week_operator.py                                               1           0  0.10s           2025-07-04T06:59:09
/home/tejhanagarajan/Projects/small-projects/NewsImpact/venv/lib64/python3.10/site-packages/airflow/example_dags/example_branch_labels.py                                                             1           0  0.10s           2025-07-04T06:59:08
/home/tejhanagarajan/Projects/small-projects/NewsImpact/venv/lib64/python3.10/site-packages/airflow/example_dags/example_branch_operator.py                                                           1           0  0.10s           2025-07-04T06:59:07
/home/tejhanagarajan/Projects/small-projects/NewsImpact/venv/lib64/python3.10/site-packages/airflow/example_dags/example_branch_operator_decorator.py                                                 1           0  0.10s           2025-07-04T06:59:06
/home/tejhanagarajan/Projects/small-projects/NewsImpact/venv/lib64/python3.10/site-packages/airflow/example_dags/example_branch_python_dop_operator_3.py                                              1           0  0.10s           2025-07-04T06:59:05
/home/tejhanagarajan/Projects/small-projects/NewsImpact/venv/lib64/python3.10/site-packages/airflow/example_dags/example_complex.py                                                                   1           0  0.10s           2025-07-04T06:59:04
/home/tejhanagarajan/Projects/small-projects/NewsImpact/venv/lib64/python3.10/site-packages/airflow/example_dags/example_dag_decorator.py                                                             1           0  0.21s           2025-07-04T06:59:50
/home/tejhanagarajan/Projects/small-projects/NewsImpact/venv/lib64/python3.10/site-packages/airflow/example_dags/example_dynamic_task_mapping.py                                                      1           0  0.10s           2025-07-04T06:59:47
/home/tejhanagarajan/Projects/small-projects/NewsImpact/venv/lib64/python3.10/site-packages/airflow/example_dags/example_dynamic_task_mapping_with_no_taskflow_operators.py                           1           0  0.10s           2025-07-04T06:59:47
/home/tejhanagarajan/Projects/small-projects/NewsImpact/venv/lib64/python3.10/site-packages/airflow/example_dags/example_latest_only.py                                                               1           0  0.10s           2025-07-04T06:59:44
/home/tejhanagarajan/Projects/small-projects/NewsImpact/venv/lib64/python3.10/site-packages/airflow/example_dags/example_latest_only_with_trigger.py                                                  1           0  0.10s           2025-07-04T06:59:43
/home/tejhanagarajan/Projects/small-projects/NewsImpact/venv/lib64/python3.10/site-packages/airflow/example_dags/example_nested_branch_dag.py                                                         1           0  0.10s           2025-07-04T06:59:32
/home/tejhanagarajan/Projects/small-projects/NewsImpact/venv/lib64/python3.10/site-packages/airflow/example_dags/example_params_trigger_ui.py                                                         1           0  0.10s           2025-07-04T06:59:31
/home/tejhanagarajan/Projects/small-projects/NewsImpact/venv/lib64/python3.10/site-packages/airflow/example_dags/example_params_ui_tutorial.py                                                        1           0  0.10s           2025-07-04T06:59:29
/home/tejhanagarajan/Projects/small-projects/NewsImpact/venv/lib64/python3.10/site-packages/airflow/example_dags/example_passing_params_via_test_command.py                                           1           0  0.10s           2025-07-04T06:59:28
/home/tejhanagarajan/Projects/small-projects/NewsImpact/venv/lib64/python3.10/site-packages/airflow/example_dags/example_python_decorator.py                                                          1           0  0.10s           2025-07-04T06:59:27
/home/tejhanagarajan/Projects/small-projects/NewsImpact/venv/lib64/python3.10/site-packages/airflow/example_dags/example_python_operator.py                                                           1           0  0.10s           2025-07-04T06:59:27
/home/tejhanagarajan/Projects/small-projects/NewsImpact/venv/lib64/python3.10/site-packages/airflow/example_dags/example_sensor_decorator.py                                                          1           0  0.10s           2025-07-04T06:59:26
/home/tejhanagarajan/Projects/small-projects/NewsImpact/venv/lib64/python3.10/site-packages/airflow/example_dags/example_sensors.py                                                                   1           0  0.10s           2025-07-04T06:59:25
/home/tejhanagarajan/Projects/small-projects/NewsImpact/venv/lib64/python3.10/site-packages/airflow/example_dags/example_setup_teardown.py                                                            1           0  0.10s           2025-07-04T06:59:24
/home/tejhanagarajan/Projects/small-projects/NewsImpact/venv/lib64/python3.10/site-packages/airflow/example_dags/example_setup_teardown_taskflow.py                                                   1           0  0.10s           2025-07-04T06:59:24
/home/tejhanagarajan/Projects/small-projects/NewsImpact/venv/lib64/python3.10/site-packages/airflow/example_dags/example_short_circuit_decorator.py                                                   1           0  0.10s           2025-07-04T06:59:23
/home/tejhanagarajan/Projects/small-projects/NewsImpact/venv/lib64/python3.10/site-packages/airflow/example_dags/example_short_circuit_operator.py                                                    1           0  0.10s           2025-07-04T06:59:23
/home/tejhanagarajan/Projects/small-projects/NewsImpact/venv/lib64/python3.10/site-packages/airflow/example_dags/example_skip_dag.py                                                                  1           0  0.10s           2025-07-04T06:59:04
/home/tejhanagarajan/Projects/small-projects/NewsImpact/venv/lib64/python3.10/site-packages/airflow/example_dags/example_sla_dag.py                                                                   1           0  0.10s           2025-07-04T06:59:41
/home/tejhanagarajan/Projects/small-projects/NewsImpact/venv/lib64/python3.10/site-packages/airflow/example_dags/example_task_group.py                                                                1           0  0.10s           2025-07-04T06:59:40
/home/tejhanagarajan/Projects/small-projects/NewsImpact/venv/lib64/python3.10/site-packages/airflow/example_dags/example_task_group_decorator.py                                                      1           0  0.10s           2025-07-04T06:59:38
/home/tejhanagarajan/Projects/small-projects/NewsImpact/venv/lib64/python3.10/site-packages/airflow/example_dags/example_time_delta_sensor_async.py                                                   1           0  0.11s           2025-07-04T06:59:37
/home/tejhanagarajan/Projects/small-projects/NewsImpact/venv/lib64/python3.10/site-packages/airflow/example_dags/example_trigger_controller_dag.py                                                    1           0  0.10s           2025-07-04T06:59:37
/home/tejhanagarajan/Projects/small-projects/NewsImpact/venv/lib64/python3.10/site-packages/airflow/example_dags/example_trigger_target_dag.py                                                        1           0  0.10s           2025-07-04T06:59:36
/home/tejhanagarajan/Projects/small-projects/NewsImpact/venv/lib64/python3.10/site-packages/airflow/example_dags/example_xcom.py                                                                      1           0  0.10s           2025-07-04T06:59:35
/home/tejhanagarajan/Projects/small-projects/NewsImpact/venv/lib64/python3.10/site-packages/airflow/example_dags/tutorial.py                                                                          1           0  0.10s           2025-07-04T06:59:33
/home/tejhanagarajan/Projects/small-projects/NewsImpact/venv/lib64/python3.10/site-packages/airflow/example_dags/tutorial_dag.py                                                                      1           0  0.10s           2025-07-04T06:59:22
/home/tejhanagarajan/Projects/small-projects/NewsImpact/venv/lib64/python3.10/site-packages/airflow/example_dags/tutorial_objectstorage.py                                                            1           0  0.10s           2025-07-04T06:59:20
/home/tejhanagarajan/Projects/small-projects/NewsImpact/venv/lib64/python3.10/site-packages/airflow/example_dags/tutorial_taskflow_api.py                                                             1           0  0.10s           2025-07-04T06:59:55
/home/tejhanagarajan/Projects/small-projects/NewsImpact/venv/lib64/python3.10/site-packages/airflow/example_dags/tutorial_taskflow_api_virtualenv.py                                                  1           0  0.10s           2025-07-04T06:59:55
/home/tejhanagarajan/Projects/small-projects/NewsImpact/venv/lib64/python3.10/site-packages/airflow/example_dags/example_external_task_marker_dag.py                                                  2           0  0.10s           2025-07-04T06:59:46
/home/tejhanagarajan/Projects/small-projects/NewsImpact/venv/lib64/python3.10/site-packages/airflow/example_dags/example_xcomargs.py                                                                  2           0  0.10s           2025-07-04T06:59:34
/home/tejhanagarajan/Projects/small-projects/NewsImpact/venv/lib64/python3.10/site-packages/airflow/example_dags/example_branch_datetime_operator.py                                                  3           0  0.10s           2025-07-04T06:59:10
/home/tejhanagarajan/Projects/small-projects/NewsImpact/venv/lib64/python3.10/site-packages/airflow/example_dags/example_subdag_operator.py                                                           3           0  0.10s           2025-07-04T06:59:40
/home/tejhanagarajan/Projects/small-projects/NewsImpact/venv/lib64/python3.10/site-packages/airflow/example_dags/example_datasets.py                                                                  6           0  0.10s           2025-07-04T06:59:49
================================================================================
[2025-07-04T12:30:25.597+0530] {manager.py:879} INFO - 
================================================================================
DAG File Processing Stats

File Path                                                                                                                                                                    PID    Runtime      # DAGs    # Errors  Last Runtime    Last Run
---------------------------------------------------------------------------------------------------------------------------------------------------------------------------  -----  ---------  --------  ----------  --------------  -------------------
/home/tejhanagarajan/Projects/small-projects/NewsImpact/venv/lib64/python3.10/site-packages/airflow/example_dags/example_kubernetes_executor.py                                                       0           0  0.10s           2025-07-04T06:59:45
/home/tejhanagarajan/Projects/small-projects/NewsImpact/venv/lib64/python3.10/site-packages/airflow/example_dags/example_local_kubernetes_executor.py                                                 0           0  0.10s           2025-07-04T06:59:42
/home/tejhanagarajan/Projects/small-projects/NewsImpact/venv/lib64/python3.10/site-packages/airflow/example_dags/plugins/event_listener.py                                                            0           0  0.10s           2025-07-04T06:59:54
/home/tejhanagarajan/Projects/small-projects/NewsImpact/venv/lib64/python3.10/site-packages/airflow/example_dags/plugins/listener_plugin.py                                                           0           0  0.10s           2025-07-04T07:00:25
/home/tejhanagarajan/Projects/small-projects/NewsImpact/venv/lib64/python3.10/site-packages/airflow/example_dags/plugins/workday.py                                                                   0           0  0.20s           2025-07-04T07:00:23
/home/tejhanagarajan/Projects/small-projects/NewsImpact/venv/lib64/python3.10/site-packages/airflow/example_dags/subdags/subdag.py                                                                    0           0  0.10s           2025-07-04T07:00:23
/home/tejhanagarajan/Projects/small-projects/NewsImpact/airflow/dags/correlate_dag.py                                                                                                                 1           0  0.10s           2025-07-04T07:00:05
/home/tejhanagarajan/Projects/small-projects/NewsImpact/venv/lib64/python3.10/site-packages/airflow/example_dags/example_bash_operator.py                                                             1           0  0.10s           2025-07-04T07:00:04
/home/tejhanagarajan/Projects/small-projects/NewsImpact/venv/lib64/python3.10/site-packages/airflow/example_dags/example_branch_day_of_week_operator.py                                               1           0  0.10s           2025-07-04T07:00:02
/home/tejhanagarajan/Projects/small-projects/NewsImpact/venv/lib64/python3.10/site-packages/airflow/example_dags/example_branch_labels.py                                                             1           0  0.11s           2025-07-04T07:00:00
/home/tejhanagarajan/Projects/small-projects/NewsImpact/venv/lib64/python3.10/site-packages/airflow/example_dags/example_branch_operator.py                                                           1           0  0.10s           2025-07-04T07:00:00
/home/tejhanagarajan/Projects/small-projects/NewsImpact/venv/lib64/python3.10/site-packages/airflow/example_dags/example_branch_operator_decorator.py                                                 1           0  0.10s           2025-07-04T06:59:59
/home/tejhanagarajan/Projects/small-projects/NewsImpact/venv/lib64/python3.10/site-packages/airflow/example_dags/example_branch_python_dop_operator_3.py                                              1           0  0.10s           2025-07-04T06:59:58
/home/tejhanagarajan/Projects/small-projects/NewsImpact/venv/lib64/python3.10/site-packages/airflow/example_dags/example_complex.py                                                                   1           0  0.10s           2025-07-04T06:59:56
/home/tejhanagarajan/Projects/small-projects/NewsImpact/venv/lib64/python3.10/site-packages/airflow/example_dags/example_dag_decorator.py                                                             1           0  0.21s           2025-07-04T06:59:50
/home/tejhanagarajan/Projects/small-projects/NewsImpact/venv/lib64/python3.10/site-packages/airflow/example_dags/example_dynamic_task_mapping.py                                                      1           0  0.10s           2025-07-04T06:59:47
/home/tejhanagarajan/Projects/small-projects/NewsImpact/venv/lib64/python3.10/site-packages/airflow/example_dags/example_dynamic_task_mapping_with_no_taskflow_operators.py                           1           0  0.10s           2025-07-04T06:59:47
/home/tejhanagarajan/Projects/small-projects/NewsImpact/venv/lib64/python3.10/site-packages/airflow/example_dags/example_latest_only.py                                                               1           0  0.10s           2025-07-04T06:59:44
/home/tejhanagarajan/Projects/small-projects/NewsImpact/venv/lib64/python3.10/site-packages/airflow/example_dags/example_latest_only_with_trigger.py                                                  1           0  0.10s           2025-07-04T06:59:43
/home/tejhanagarajan/Projects/small-projects/NewsImpact/venv/lib64/python3.10/site-packages/airflow/example_dags/example_nested_branch_dag.py                                                         1           0  0.10s           2025-07-04T07:00:22
/home/tejhanagarajan/Projects/small-projects/NewsImpact/venv/lib64/python3.10/site-packages/airflow/example_dags/example_params_trigger_ui.py                                                         1           0  0.10s           2025-07-04T07:00:21
/home/tejhanagarajan/Projects/small-projects/NewsImpact/venv/lib64/python3.10/site-packages/airflow/example_dags/example_params_ui_tutorial.py                                                        1           0  0.10s           2025-07-04T07:00:20
/home/tejhanagarajan/Projects/small-projects/NewsImpact/venv/lib64/python3.10/site-packages/airflow/example_dags/example_passing_params_via_test_command.py                                           1           0  0.10s           2025-07-04T07:00:19
/home/tejhanagarajan/Projects/small-projects/NewsImpact/venv/lib64/python3.10/site-packages/airflow/example_dags/example_python_decorator.py                                                          1           0  0.10s           2025-07-04T07:00:18
/home/tejhanagarajan/Projects/small-projects/NewsImpact/venv/lib64/python3.10/site-packages/airflow/example_dags/example_python_operator.py                                                           1           0  0.10s           2025-07-04T07:00:17
/home/tejhanagarajan/Projects/small-projects/NewsImpact/venv/lib64/python3.10/site-packages/airflow/example_dags/example_sensor_decorator.py                                                          1           0  0.10s           2025-07-04T07:00:16
/home/tejhanagarajan/Projects/small-projects/NewsImpact/venv/lib64/python3.10/site-packages/airflow/example_dags/example_sensors.py                                                                   1           0  0.10s           2025-07-04T07:00:15
/home/tejhanagarajan/Projects/small-projects/NewsImpact/venv/lib64/python3.10/site-packages/airflow/example_dags/example_setup_teardown.py                                                            1           0  0.10s           2025-07-04T07:00:14
/home/tejhanagarajan/Projects/small-projects/NewsImpact/venv/lib64/python3.10/site-packages/airflow/example_dags/example_setup_teardown_taskflow.py                                                   1           0  0.10s           2025-07-04T07:00:13
/home/tejhanagarajan/Projects/small-projects/NewsImpact/venv/lib64/python3.10/site-packages/airflow/example_dags/example_short_circuit_decorator.py                                                   1           0  0.10s           2025-07-04T07:00:12
/home/tejhanagarajan/Projects/small-projects/NewsImpact/venv/lib64/python3.10/site-packages/airflow/example_dags/example_short_circuit_operator.py                                                    1           0  0.10s           2025-07-04T07:00:11
/home/tejhanagarajan/Projects/small-projects/NewsImpact/venv/lib64/python3.10/site-packages/airflow/example_dags/example_skip_dag.py                                                                  1           0  0.10s           2025-07-04T06:59:55
/home/tejhanagarajan/Projects/small-projects/NewsImpact/venv/lib64/python3.10/site-packages/airflow/example_dags/example_sla_dag.py                                                                   1           0  0.10s           2025-07-04T06:59:41
/home/tejhanagarajan/Projects/small-projects/NewsImpact/venv/lib64/python3.10/site-packages/airflow/example_dags/example_task_group.py                                                                1           0  0.10s           2025-07-04T06:59:40
/home/tejhanagarajan/Projects/small-projects/NewsImpact/venv/lib64/python3.10/site-packages/airflow/example_dags/example_task_group_decorator.py                                                      1           0  0.10s           2025-07-04T06:59:38
/home/tejhanagarajan/Projects/small-projects/NewsImpact/venv/lib64/python3.10/site-packages/airflow/example_dags/example_time_delta_sensor_async.py                                                   1           0  0.11s           2025-07-04T06:59:37
/home/tejhanagarajan/Projects/small-projects/NewsImpact/venv/lib64/python3.10/site-packages/airflow/example_dags/example_trigger_controller_dag.py                                                    1           0  0.10s           2025-07-04T06:59:37
/home/tejhanagarajan/Projects/small-projects/NewsImpact/venv/lib64/python3.10/site-packages/airflow/example_dags/example_trigger_target_dag.py                                                        1           0  0.10s           2025-07-04T07:00:25
/home/tejhanagarajan/Projects/small-projects/NewsImpact/venv/lib64/python3.10/site-packages/airflow/example_dags/example_xcom.py                                                                      1           0  0.10s           2025-07-04T07:00:10
/home/tejhanagarajan/Projects/small-projects/NewsImpact/venv/lib64/python3.10/site-packages/airflow/example_dags/tutorial.py                                                                          1           0  0.10s           2025-07-04T07:00:08
/home/tejhanagarajan/Projects/small-projects/NewsImpact/venv/lib64/python3.10/site-packages/airflow/example_dags/tutorial_dag.py                                                                      1           0  0.10s           2025-07-04T07:00:07
/home/tejhanagarajan/Projects/small-projects/NewsImpact/venv/lib64/python3.10/site-packages/airflow/example_dags/tutorial_objectstorage.py                                                            1           0  0.10s           2025-07-04T07:00:06
/home/tejhanagarajan/Projects/small-projects/NewsImpact/venv/lib64/python3.10/site-packages/airflow/example_dags/tutorial_taskflow_api.py                                                             1           0  0.10s           2025-07-04T06:59:55
/home/tejhanagarajan/Projects/small-projects/NewsImpact/venv/lib64/python3.10/site-packages/airflow/example_dags/tutorial_taskflow_api_virtualenv.py                                                  1           0  0.10s           2025-07-04T06:59:55
/home/tejhanagarajan/Projects/small-projects/NewsImpact/venv/lib64/python3.10/site-packages/airflow/example_dags/example_external_task_marker_dag.py                                                  2           0  0.10s           2025-07-04T06:59:46
/home/tejhanagarajan/Projects/small-projects/NewsImpact/venv/lib64/python3.10/site-packages/airflow/example_dags/example_xcomargs.py                                                                  2           0  0.10s           2025-07-04T07:00:09
/home/tejhanagarajan/Projects/small-projects/NewsImpact/venv/lib64/python3.10/site-packages/airflow/example_dags/example_branch_datetime_operator.py                                                  3           0  0.10s           2025-07-04T07:00:03
/home/tejhanagarajan/Projects/small-projects/NewsImpact/venv/lib64/python3.10/site-packages/airflow/example_dags/example_subdag_operator.py                                                           3           0  0.10s           2025-07-04T06:59:40
/home/tejhanagarajan/Projects/small-projects/NewsImpact/venv/lib64/python3.10/site-packages/airflow/example_dags/example_datasets.py                                                                  6           0  0.10s           2025-07-04T06:59:49
================================================================================
[2025-07-04T12:30:55.807+0530] {manager.py:879} INFO - 
================================================================================
DAG File Processing Stats

File Path                                                                                                                                                                    PID    Runtime      # DAGs    # Errors  Last Runtime    Last Run
---------------------------------------------------------------------------------------------------------------------------------------------------------------------------  -----  ---------  --------  ----------  --------------  -------------------
/home/tejhanagarajan/Projects/small-projects/NewsImpact/venv/lib64/python3.10/site-packages/airflow/example_dags/example_kubernetes_executor.py                                                       0           0  0.10s           2025-07-04T07:00:36
/home/tejhanagarajan/Projects/small-projects/NewsImpact/venv/lib64/python3.10/site-packages/airflow/example_dags/example_local_kubernetes_executor.py                                                 0           0  0.10s           2025-07-04T07:00:32
/home/tejhanagarajan/Projects/small-projects/NewsImpact/venv/lib64/python3.10/site-packages/airflow/example_dags/plugins/event_listener.py                                                            0           0  0.10s           2025-07-04T07:00:41
/home/tejhanagarajan/Projects/small-projects/NewsImpact/venv/lib64/python3.10/site-packages/airflow/example_dags/plugins/listener_plugin.py                                                           0           0  0.10s           2025-07-04T07:00:25
/home/tejhanagarajan/Projects/small-projects/NewsImpact/venv/lib64/python3.10/site-packages/airflow/example_dags/plugins/workday.py                                                                   0           0  0.20s           2025-07-04T07:00:23
/home/tejhanagarajan/Projects/small-projects/NewsImpact/venv/lib64/python3.10/site-packages/airflow/example_dags/subdags/subdag.py                                                                    0           0  0.10s           2025-07-04T07:00:23
/home/tejhanagarajan/Projects/small-projects/NewsImpact/airflow/dags/correlate_dag.py                                                                                                                 1           0  0.10s           2025-07-04T07:00:05
/home/tejhanagarajan/Projects/small-projects/NewsImpact/venv/lib64/python3.10/site-packages/airflow/example_dags/example_bash_operator.py                                                             1           0  0.10s           2025-07-04T07:00:04
/home/tejhanagarajan/Projects/small-projects/NewsImpact/venv/lib64/python3.10/site-packages/airflow/example_dags/example_branch_day_of_week_operator.py                                               1           0  0.10s           2025-07-04T07:00:55
/home/tejhanagarajan/Projects/small-projects/NewsImpact/venv/lib64/python3.10/site-packages/airflow/example_dags/example_branch_labels.py                                                             1           0  0.10s           2025-07-04T07:00:54
/home/tejhanagarajan/Projects/small-projects/NewsImpact/venv/lib64/python3.10/site-packages/airflow/example_dags/example_branch_operator.py                                                           1           0  0.10s           2025-07-04T07:00:53
/home/tejhanagarajan/Projects/small-projects/NewsImpact/venv/lib64/python3.10/site-packages/airflow/example_dags/example_branch_operator_decorator.py                                                 1           0  0.10s           2025-07-04T07:00:52
/home/tejhanagarajan/Projects/small-projects/NewsImpact/venv/lib64/python3.10/site-packages/airflow/example_dags/example_branch_python_dop_operator_3.py                                              1           0  0.10s           2025-07-04T07:00:52
/home/tejhanagarajan/Projects/small-projects/NewsImpact/venv/lib64/python3.10/site-packages/airflow/example_dags/example_complex.py                                                                   1           0  0.10s           2025-07-04T07:00:51
/home/tejhanagarajan/Projects/small-projects/NewsImpact/venv/lib64/python3.10/site-packages/airflow/example_dags/example_dag_decorator.py                                                             1           0  0.10s           2025-07-04T07:00:40
/home/tejhanagarajan/Projects/small-projects/NewsImpact/venv/lib64/python3.10/site-packages/airflow/example_dags/example_dynamic_task_mapping.py                                                      1           0  0.10s           2025-07-04T07:00:38
/home/tejhanagarajan/Projects/small-projects/NewsImpact/venv/lib64/python3.10/site-packages/airflow/example_dags/example_dynamic_task_mapping_with_no_taskflow_operators.py                           1           0  0.10s           2025-07-04T07:00:38
/home/tejhanagarajan/Projects/small-projects/NewsImpact/venv/lib64/python3.10/site-packages/airflow/example_dags/example_latest_only.py                                                               1           0  0.11s           2025-07-04T07:00:35
/home/tejhanagarajan/Projects/small-projects/NewsImpact/venv/lib64/python3.10/site-packages/airflow/example_dags/example_latest_only_with_trigger.py                                                  1           0  0.10s           2025-07-04T07:00:34
/home/tejhanagarajan/Projects/small-projects/NewsImpact/venv/lib64/python3.10/site-packages/airflow/example_dags/example_nested_branch_dag.py                                                         1           0  0.10s           2025-07-04T07:00:22
/home/tejhanagarajan/Projects/small-projects/NewsImpact/venv/lib64/python3.10/site-packages/airflow/example_dags/example_params_trigger_ui.py                                                         1           0  0.10s           2025-07-04T07:00:21
/home/tejhanagarajan/Projects/small-projects/NewsImpact/venv/lib64/python3.10/site-packages/airflow/example_dags/example_params_ui_tutorial.py                                                        1           0  0.10s           2025-07-04T07:00:20
/home/tejhanagarajan/Projects/small-projects/NewsImpact/venv/lib64/python3.10/site-packages/airflow/example_dags/example_passing_params_via_test_command.py                                           1           0  0.10s           2025-07-04T07:00:19
/home/tejhanagarajan/Projects/small-projects/NewsImpact/venv/lib64/python3.10/site-packages/airflow/example_dags/example_python_decorator.py                                                          1           0  0.10s           2025-07-04T07:00:18
/home/tejhanagarajan/Projects/small-projects/NewsImpact/venv/lib64/python3.10/site-packages/airflow/example_dags/example_python_operator.py                                                           1           0  0.10s           2025-07-04T07:00:17
/home/tejhanagarajan/Projects/small-projects/NewsImpact/venv/lib64/python3.10/site-packages/airflow/example_dags/example_sensor_decorator.py                                                          1           0  0.10s           2025-07-04T07:00:16
/home/tejhanagarajan/Projects/small-projects/NewsImpact/venv/lib64/python3.10/site-packages/airflow/example_dags/example_sensors.py                                                                   1           0  0.10s           2025-07-04T07:00:15
/home/tejhanagarajan/Projects/small-projects/NewsImpact/venv/lib64/python3.10/site-packages/airflow/example_dags/example_setup_teardown.py                                                            1           0  0.10s           2025-07-04T07:00:14
/home/tejhanagarajan/Projects/small-projects/NewsImpact/venv/lib64/python3.10/site-packages/airflow/example_dags/example_setup_teardown_taskflow.py                                                   1           0  0.10s           2025-07-04T07:00:13
/home/tejhanagarajan/Projects/small-projects/NewsImpact/venv/lib64/python3.10/site-packages/airflow/example_dags/example_short_circuit_decorator.py                                                   1           0  0.10s           2025-07-04T07:00:12
/home/tejhanagarajan/Projects/small-projects/NewsImpact/venv/lib64/python3.10/site-packages/airflow/example_dags/example_short_circuit_operator.py                                                    1           0  0.10s           2025-07-04T07:00:49
/home/tejhanagarajan/Projects/small-projects/NewsImpact/venv/lib64/python3.10/site-packages/airflow/example_dags/example_skip_dag.py                                                                  1           0  0.10s           2025-07-04T07:00:48
/home/tejhanagarajan/Projects/small-projects/NewsImpact/venv/lib64/python3.10/site-packages/airflow/example_dags/example_sla_dag.py                                                                   1           0  0.10s           2025-07-04T07:00:31
/home/tejhanagarajan/Projects/small-projects/NewsImpact/venv/lib64/python3.10/site-packages/airflow/example_dags/example_task_group.py                                                                1           0  0.10s           2025-07-04T07:00:29
/home/tejhanagarajan/Projects/small-projects/NewsImpact/venv/lib64/python3.10/site-packages/airflow/example_dags/example_task_group_decorator.py                                                      1           0  0.10s           2025-07-04T07:00:28
/home/tejhanagarajan/Projects/small-projects/NewsImpact/venv/lib64/python3.10/site-packages/airflow/example_dags/example_time_delta_sensor_async.py                                                   1           0  0.10s           2025-07-04T07:00:27
/home/tejhanagarajan/Projects/small-projects/NewsImpact/venv/lib64/python3.10/site-packages/airflow/example_dags/example_trigger_controller_dag.py                                                    1           0  0.10s           2025-07-04T07:00:26
/home/tejhanagarajan/Projects/small-projects/NewsImpact/venv/lib64/python3.10/site-packages/airflow/example_dags/example_trigger_target_dag.py                                                        1           0  0.10s           2025-07-04T07:00:25
/home/tejhanagarajan/Projects/small-projects/NewsImpact/venv/lib64/python3.10/site-packages/airflow/example_dags/example_xcom.py                                                                      1           0  0.10s           2025-07-04T07:00:48
/home/tejhanagarajan/Projects/small-projects/NewsImpact/venv/lib64/python3.10/site-packages/airflow/example_dags/tutorial.py                                                                          1           0  0.11s           2025-07-04T07:00:46
/home/tejhanagarajan/Projects/small-projects/NewsImpact/venv/lib64/python3.10/site-packages/airflow/example_dags/tutorial_dag.py                                                                      1           0  0.10s           2025-07-04T07:00:45
/home/tejhanagarajan/Projects/small-projects/NewsImpact/venv/lib64/python3.10/site-packages/airflow/example_dags/tutorial_objectstorage.py                                                            1           0  0.10s           2025-07-04T07:00:44
/home/tejhanagarajan/Projects/small-projects/NewsImpact/venv/lib64/python3.10/site-packages/airflow/example_dags/tutorial_taskflow_api.py                                                             1           0  0.10s           2025-07-04T07:00:43
/home/tejhanagarajan/Projects/small-projects/NewsImpact/venv/lib64/python3.10/site-packages/airflow/example_dags/tutorial_taskflow_api_virtualenv.py                                                  1           0  0.10s           2025-07-04T07:00:42
/home/tejhanagarajan/Projects/small-projects/NewsImpact/venv/lib64/python3.10/site-packages/airflow/example_dags/example_external_task_marker_dag.py                                                  2           0  0.10s           2025-07-04T07:00:36
/home/tejhanagarajan/Projects/small-projects/NewsImpact/venv/lib64/python3.10/site-packages/airflow/example_dags/example_xcomargs.py                                                                  2           0  0.10s           2025-07-04T07:00:47
/home/tejhanagarajan/Projects/small-projects/NewsImpact/venv/lib64/python3.10/site-packages/airflow/example_dags/example_branch_datetime_operator.py                                                  3           0  0.10s           2025-07-04T07:00:03
/home/tejhanagarajan/Projects/small-projects/NewsImpact/venv/lib64/python3.10/site-packages/airflow/example_dags/example_subdag_operator.py                                                           3           0  0.10s           2025-07-04T07:00:30
/home/tejhanagarajan/Projects/small-projects/NewsImpact/venv/lib64/python3.10/site-packages/airflow/example_dags/example_datasets.py                                                                  6           0  0.10s           2025-07-04T07:00:39
================================================================================
[2025-07-04T12:31:14.544+0530] {manager.py:451} INFO - Exiting gracefully upon receiving signal 15
[2025-07-04T12:31:58.733+0530] {manager.py:469} INFO - Processing files using up to 1 processes at a time 
[2025-07-04T12:31:58.733+0530] {manager.py:470} INFO - Process each file at most once every 30 seconds
[2025-07-04T12:31:58.734+0530] {manager.py:471} INFO - Checking for new files in /home/tejhanagarajan/Projects/small-projects/NewsImpact/airflow/dags every 300 seconds
[2025-07-04T12:31:58.734+0530] {manager.py:738} INFO - Searching for files in /home/tejhanagarajan/Projects/small-projects/NewsImpact/airflow/dags
[2025-07-04T12:31:58.740+0530] {manager.py:741} INFO - There are 49 files in /home/tejhanagarajan/Projects/small-projects/NewsImpact/airflow/dags
[2025-07-04T12:31:58.871+0530] {manager.py:879} INFO - 
================================================================================
DAG File Processing Stats

File Path                                                                                                                                                                    PID    Runtime      # DAGs    # Errors  Last Runtime    Last Run
---------------------------------------------------------------------------------------------------------------------------------------------------------------------------  -----  ---------  --------  ----------  --------------  -------------------
/home/tejhanagarajan/Projects/small-projects/NewsImpact/airflow/dags/correlate_dag.py                                                                                                                 0           0
/home/tejhanagarajan/Projects/small-projects/NewsImpact/venv/lib64/python3.10/site-packages/airflow/example_dags/example_bash_operator.py                                                             0           0
/home/tejhanagarajan/Projects/small-projects/NewsImpact/venv/lib64/python3.10/site-packages/airflow/example_dags/example_branch_datetime_operator.py                                                  0           0
/home/tejhanagarajan/Projects/small-projects/NewsImpact/venv/lib64/python3.10/site-packages/airflow/example_dags/example_branch_day_of_week_operator.py                                               0           0
/home/tejhanagarajan/Projects/small-projects/NewsImpact/venv/lib64/python3.10/site-packages/airflow/example_dags/example_branch_labels.py                                                             0           0
/home/tejhanagarajan/Projects/small-projects/NewsImpact/venv/lib64/python3.10/site-packages/airflow/example_dags/example_branch_operator.py                                                           0           0
/home/tejhanagarajan/Projects/small-projects/NewsImpact/venv/lib64/python3.10/site-packages/airflow/example_dags/example_branch_operator_decorator.py                                                 0           0
/home/tejhanagarajan/Projects/small-projects/NewsImpact/venv/lib64/python3.10/site-packages/airflow/example_dags/example_branch_python_dop_operator_3.py                                              0           0
/home/tejhanagarajan/Projects/small-projects/NewsImpact/venv/lib64/python3.10/site-packages/airflow/example_dags/example_complex.py                                                                   0           0
/home/tejhanagarajan/Projects/small-projects/NewsImpact/venv/lib64/python3.10/site-packages/airflow/example_dags/example_dag_decorator.py                                                             0           0
/home/tejhanagarajan/Projects/small-projects/NewsImpact/venv/lib64/python3.10/site-packages/airflow/example_dags/example_datasets.py                                                                  0           0
/home/tejhanagarajan/Projects/small-projects/NewsImpact/venv/lib64/python3.10/site-packages/airflow/example_dags/example_dynamic_task_mapping.py                                                      0           0
/home/tejhanagarajan/Projects/small-projects/NewsImpact/venv/lib64/python3.10/site-packages/airflow/example_dags/example_dynamic_task_mapping_with_no_taskflow_operators.py                           0           0
/home/tejhanagarajan/Projects/small-projects/NewsImpact/venv/lib64/python3.10/site-packages/airflow/example_dags/example_external_task_marker_dag.py                                                  0           0
/home/tejhanagarajan/Projects/small-projects/NewsImpact/venv/lib64/python3.10/site-packages/airflow/example_dags/example_kubernetes_executor.py                                                       0           0
/home/tejhanagarajan/Projects/small-projects/NewsImpact/venv/lib64/python3.10/site-packages/airflow/example_dags/example_latest_only.py                                                               0           0
/home/tejhanagarajan/Projects/small-projects/NewsImpact/venv/lib64/python3.10/site-packages/airflow/example_dags/example_latest_only_with_trigger.py                                                  0           0
/home/tejhanagarajan/Projects/small-projects/NewsImpact/venv/lib64/python3.10/site-packages/airflow/example_dags/example_local_kubernetes_executor.py                                                 0           0
/home/tejhanagarajan/Projects/small-projects/NewsImpact/venv/lib64/python3.10/site-packages/airflow/example_dags/example_nested_branch_dag.py                                                         0           0
/home/tejhanagarajan/Projects/small-projects/NewsImpact/venv/lib64/python3.10/site-packages/airflow/example_dags/example_params_trigger_ui.py                                                         0           0
/home/tejhanagarajan/Projects/small-projects/NewsImpact/venv/lib64/python3.10/site-packages/airflow/example_dags/example_params_ui_tutorial.py                                                        0           0
/home/tejhanagarajan/Projects/small-projects/NewsImpact/venv/lib64/python3.10/site-packages/airflow/example_dags/example_passing_params_via_test_command.py                                           0           0
/home/tejhanagarajan/Projects/small-projects/NewsImpact/venv/lib64/python3.10/site-packages/airflow/example_dags/example_python_decorator.py                                                          0           0
/home/tejhanagarajan/Projects/small-projects/NewsImpact/venv/lib64/python3.10/site-packages/airflow/example_dags/example_python_operator.py                                                           0           0
/home/tejhanagarajan/Projects/small-projects/NewsImpact/venv/lib64/python3.10/site-packages/airflow/example_dags/example_sensor_decorator.py                                                          0           0
/home/tejhanagarajan/Projects/small-projects/NewsImpact/venv/lib64/python3.10/site-packages/airflow/example_dags/example_sensors.py                                                                   0           0
/home/tejhanagarajan/Projects/small-projects/NewsImpact/venv/lib64/python3.10/site-packages/airflow/example_dags/example_setup_teardown.py                                                            0           0
/home/tejhanagarajan/Projects/small-projects/NewsImpact/venv/lib64/python3.10/site-packages/airflow/example_dags/example_setup_teardown_taskflow.py                                                   0           0
/home/tejhanagarajan/Projects/small-projects/NewsImpact/venv/lib64/python3.10/site-packages/airflow/example_dags/example_short_circuit_decorator.py                                                   0           0
/home/tejhanagarajan/Projects/small-projects/NewsImpact/venv/lib64/python3.10/site-packages/airflow/example_dags/example_short_circuit_operator.py                                                    0           0
/home/tejhanagarajan/Projects/small-projects/NewsImpact/venv/lib64/python3.10/site-packages/airflow/example_dags/example_skip_dag.py                                                                  0           0
/home/tejhanagarajan/Projects/small-projects/NewsImpact/venv/lib64/python3.10/site-packages/airflow/example_dags/example_sla_dag.py                                                                   0           0
/home/tejhanagarajan/Projects/small-projects/NewsImpact/venv/lib64/python3.10/site-packages/airflow/example_dags/example_subdag_operator.py                                                           0           0
/home/tejhanagarajan/Projects/small-projects/NewsImpact/venv/lib64/python3.10/site-packages/airflow/example_dags/example_task_group.py                                                                0           0
/home/tejhanagarajan/Projects/small-projects/NewsImpact/venv/lib64/python3.10/site-packages/airflow/example_dags/example_task_group_decorator.py                                                      0           0
/home/tejhanagarajan/Projects/small-projects/NewsImpact/venv/lib64/python3.10/site-packages/airflow/example_dags/example_time_delta_sensor_async.py                                                   0           0
/home/tejhanagarajan/Projects/small-projects/NewsImpact/venv/lib64/python3.10/site-packages/airflow/example_dags/example_trigger_controller_dag.py                                                    0           0
/home/tejhanagarajan/Projects/small-projects/NewsImpact/venv/lib64/python3.10/site-packages/airflow/example_dags/example_trigger_target_dag.py                                                        0           0
/home/tejhanagarajan/Projects/small-projects/NewsImpact/venv/lib64/python3.10/site-packages/airflow/example_dags/example_xcom.py                                                                      0           0
/home/tejhanagarajan/Projects/small-projects/NewsImpact/venv/lib64/python3.10/site-packages/airflow/example_dags/example_xcomargs.py                                                                  0           0
/home/tejhanagarajan/Projects/small-projects/NewsImpact/venv/lib64/python3.10/site-packages/airflow/example_dags/tutorial.py                                                                          0           0
/home/tejhanagarajan/Projects/small-projects/NewsImpact/venv/lib64/python3.10/site-packages/airflow/example_dags/tutorial_dag.py                                                                      0           0
/home/tejhanagarajan/Projects/small-projects/NewsImpact/venv/lib64/python3.10/site-packages/airflow/example_dags/tutorial_objectstorage.py                                                            0           0
/home/tejhanagarajan/Projects/small-projects/NewsImpact/venv/lib64/python3.10/site-packages/airflow/example_dags/tutorial_taskflow_api.py                                                             0           0
/home/tejhanagarajan/Projects/small-projects/NewsImpact/venv/lib64/python3.10/site-packages/airflow/example_dags/tutorial_taskflow_api_virtualenv.py                                                  0           0
/home/tejhanagarajan/Projects/small-projects/NewsImpact/venv/lib64/python3.10/site-packages/airflow/example_dags/plugins/event_listener.py                                                            0           0
/home/tejhanagarajan/Projects/small-projects/NewsImpact/venv/lib64/python3.10/site-packages/airflow/example_dags/plugins/listener_plugin.py                                                           0           0
/home/tejhanagarajan/Projects/small-projects/NewsImpact/venv/lib64/python3.10/site-packages/airflow/example_dags/plugins/workday.py                                                                   0           0
/home/tejhanagarajan/Projects/small-projects/NewsImpact/venv/lib64/python3.10/site-packages/airflow/example_dags/subdags/subdag.py                                                                    0           0  0.10s           2025-07-04T07:01:58
================================================================================
[2025-07-04T12:32:52.185+0530] {manager.py:469} INFO - Processing files using up to 1 processes at a time 
[2025-07-04T12:32:52.186+0530] {manager.py:470} INFO - Process each file at most once every 30 seconds
[2025-07-04T12:32:52.186+0530] {manager.py:471} INFO - Checking for new files in /home/tejhanagarajan/Projects/small-projects/NewsImpact/airflow/dags every 300 seconds
[2025-07-04T12:32:52.186+0530] {manager.py:738} INFO - Searching for files in /home/tejhanagarajan/Projects/small-projects/NewsImpact/airflow/dags
[2025-07-04T12:32:52.196+0530] {manager.py:741} INFO - There are 49 files in /home/tejhanagarajan/Projects/small-projects/NewsImpact/airflow/dags
[2025-07-04T12:32:52.322+0530] {manager.py:879} INFO - 
================================================================================
DAG File Processing Stats

File Path                                                                                                                                                                    PID    Runtime      # DAGs    # Errors  Last Runtime    Last Run
---------------------------------------------------------------------------------------------------------------------------------------------------------------------------  -----  ---------  --------  ----------  --------------  -------------------
/home/tejhanagarajan/Projects/small-projects/NewsImpact/airflow/dags/correlate_dag.py                                                                                                                 0           0
/home/tejhanagarajan/Projects/small-projects/NewsImpact/venv/lib64/python3.10/site-packages/airflow/example_dags/example_bash_operator.py                                                             0           0
/home/tejhanagarajan/Projects/small-projects/NewsImpact/venv/lib64/python3.10/site-packages/airflow/example_dags/example_branch_datetime_operator.py                                                  0           0
/home/tejhanagarajan/Projects/small-projects/NewsImpact/venv/lib64/python3.10/site-packages/airflow/example_dags/example_branch_day_of_week_operator.py                                               0           0
/home/tejhanagarajan/Projects/small-projects/NewsImpact/venv/lib64/python3.10/site-packages/airflow/example_dags/example_branch_labels.py                                                             0           0
/home/tejhanagarajan/Projects/small-projects/NewsImpact/venv/lib64/python3.10/site-packages/airflow/example_dags/example_branch_operator.py                                                           0           0
/home/tejhanagarajan/Projects/small-projects/NewsImpact/venv/lib64/python3.10/site-packages/airflow/example_dags/example_branch_operator_decorator.py                                                 0           0
/home/tejhanagarajan/Projects/small-projects/NewsImpact/venv/lib64/python3.10/site-packages/airflow/example_dags/example_branch_python_dop_operator_3.py                                              0           0
/home/tejhanagarajan/Projects/small-projects/NewsImpact/venv/lib64/python3.10/site-packages/airflow/example_dags/example_complex.py                                                                   0           0
/home/tejhanagarajan/Projects/small-projects/NewsImpact/venv/lib64/python3.10/site-packages/airflow/example_dags/example_dag_decorator.py                                                             0           0
/home/tejhanagarajan/Projects/small-projects/NewsImpact/venv/lib64/python3.10/site-packages/airflow/example_dags/example_datasets.py                                                                  0           0
/home/tejhanagarajan/Projects/small-projects/NewsImpact/venv/lib64/python3.10/site-packages/airflow/example_dags/example_dynamic_task_mapping.py                                                      0           0
/home/tejhanagarajan/Projects/small-projects/NewsImpact/venv/lib64/python3.10/site-packages/airflow/example_dags/example_dynamic_task_mapping_with_no_taskflow_operators.py                           0           0
/home/tejhanagarajan/Projects/small-projects/NewsImpact/venv/lib64/python3.10/site-packages/airflow/example_dags/example_external_task_marker_dag.py                                                  0           0
/home/tejhanagarajan/Projects/small-projects/NewsImpact/venv/lib64/python3.10/site-packages/airflow/example_dags/example_kubernetes_executor.py                                                       0           0
/home/tejhanagarajan/Projects/small-projects/NewsImpact/venv/lib64/python3.10/site-packages/airflow/example_dags/example_latest_only.py                                                               0           0
/home/tejhanagarajan/Projects/small-projects/NewsImpact/venv/lib64/python3.10/site-packages/airflow/example_dags/example_latest_only_with_trigger.py                                                  0           0
/home/tejhanagarajan/Projects/small-projects/NewsImpact/venv/lib64/python3.10/site-packages/airflow/example_dags/example_local_kubernetes_executor.py                                                 0           0
/home/tejhanagarajan/Projects/small-projects/NewsImpact/venv/lib64/python3.10/site-packages/airflow/example_dags/example_nested_branch_dag.py                                                         0           0
/home/tejhanagarajan/Projects/small-projects/NewsImpact/venv/lib64/python3.10/site-packages/airflow/example_dags/example_params_trigger_ui.py                                                         0           0
/home/tejhanagarajan/Projects/small-projects/NewsImpact/venv/lib64/python3.10/site-packages/airflow/example_dags/example_params_ui_tutorial.py                                                        0           0
/home/tejhanagarajan/Projects/small-projects/NewsImpact/venv/lib64/python3.10/site-packages/airflow/example_dags/example_passing_params_via_test_command.py                                           0           0
/home/tejhanagarajan/Projects/small-projects/NewsImpact/venv/lib64/python3.10/site-packages/airflow/example_dags/example_python_decorator.py                                                          0           0
/home/tejhanagarajan/Projects/small-projects/NewsImpact/venv/lib64/python3.10/site-packages/airflow/example_dags/example_python_operator.py                                                           0           0
/home/tejhanagarajan/Projects/small-projects/NewsImpact/venv/lib64/python3.10/site-packages/airflow/example_dags/example_sensor_decorator.py                                                          0           0
/home/tejhanagarajan/Projects/small-projects/NewsImpact/venv/lib64/python3.10/site-packages/airflow/example_dags/example_sensors.py                                                                   0           0
/home/tejhanagarajan/Projects/small-projects/NewsImpact/venv/lib64/python3.10/site-packages/airflow/example_dags/example_setup_teardown.py                                                            0           0
/home/tejhanagarajan/Projects/small-projects/NewsImpact/venv/lib64/python3.10/site-packages/airflow/example_dags/example_setup_teardown_taskflow.py                                                   0           0
/home/tejhanagarajan/Projects/small-projects/NewsImpact/venv/lib64/python3.10/site-packages/airflow/example_dags/example_short_circuit_decorator.py                                                   0           0
/home/tejhanagarajan/Projects/small-projects/NewsImpact/venv/lib64/python3.10/site-packages/airflow/example_dags/example_short_circuit_operator.py                                                    0           0
/home/tejhanagarajan/Projects/small-projects/NewsImpact/venv/lib64/python3.10/site-packages/airflow/example_dags/example_skip_dag.py                                                                  0           0
/home/tejhanagarajan/Projects/small-projects/NewsImpact/venv/lib64/python3.10/site-packages/airflow/example_dags/example_sla_dag.py                                                                   0           0
/home/tejhanagarajan/Projects/small-projects/NewsImpact/venv/lib64/python3.10/site-packages/airflow/example_dags/example_subdag_operator.py                                                           0           0
/home/tejhanagarajan/Projects/small-projects/NewsImpact/venv/lib64/python3.10/site-packages/airflow/example_dags/example_task_group.py                                                                0           0
/home/tejhanagarajan/Projects/small-projects/NewsImpact/venv/lib64/python3.10/site-packages/airflow/example_dags/example_task_group_decorator.py                                                      0           0
/home/tejhanagarajan/Projects/small-projects/NewsImpact/venv/lib64/python3.10/site-packages/airflow/example_dags/example_time_delta_sensor_async.py                                                   0           0
/home/tejhanagarajan/Projects/small-projects/NewsImpact/venv/lib64/python3.10/site-packages/airflow/example_dags/example_trigger_controller_dag.py                                                    0           0
/home/tejhanagarajan/Projects/small-projects/NewsImpact/venv/lib64/python3.10/site-packages/airflow/example_dags/example_trigger_target_dag.py                                                        0           0
/home/tejhanagarajan/Projects/small-projects/NewsImpact/venv/lib64/python3.10/site-packages/airflow/example_dags/example_xcom.py                                                                      0           0
/home/tejhanagarajan/Projects/small-projects/NewsImpact/venv/lib64/python3.10/site-packages/airflow/example_dags/example_xcomargs.py                                                                  0           0
/home/tejhanagarajan/Projects/small-projects/NewsImpact/venv/lib64/python3.10/site-packages/airflow/example_dags/tutorial.py                                                                          0           0
/home/tejhanagarajan/Projects/small-projects/NewsImpact/venv/lib64/python3.10/site-packages/airflow/example_dags/tutorial_dag.py                                                                      0           0
/home/tejhanagarajan/Projects/small-projects/NewsImpact/venv/lib64/python3.10/site-packages/airflow/example_dags/tutorial_objectstorage.py                                                            0           0
/home/tejhanagarajan/Projects/small-projects/NewsImpact/venv/lib64/python3.10/site-packages/airflow/example_dags/tutorial_taskflow_api.py                                                             0           0
/home/tejhanagarajan/Projects/small-projects/NewsImpact/venv/lib64/python3.10/site-packages/airflow/example_dags/tutorial_taskflow_api_virtualenv.py                                                  0           0
/home/tejhanagarajan/Projects/small-projects/NewsImpact/venv/lib64/python3.10/site-packages/airflow/example_dags/plugins/event_listener.py                                                            0           0
/home/tejhanagarajan/Projects/small-projects/NewsImpact/venv/lib64/python3.10/site-packages/airflow/example_dags/plugins/listener_plugin.py                                                           0           0
/home/tejhanagarajan/Projects/small-projects/NewsImpact/venv/lib64/python3.10/site-packages/airflow/example_dags/plugins/workday.py                                                                   0           0
/home/tejhanagarajan/Projects/small-projects/NewsImpact/venv/lib64/python3.10/site-packages/airflow/example_dags/subdags/subdag.py                                                                    0           0  0.10s           2025-07-04T07:02:52
================================================================================
[2025-07-04T12:33:22.608+0530] {manager.py:879} INFO - 
================================================================================
DAG File Processing Stats

File Path                                                                                                                                                                    PID    Runtime      # DAGs    # Errors  Last Runtime    Last Run
---------------------------------------------------------------------------------------------------------------------------------------------------------------------------  -----  ---------  --------  ----------  --------------  -------------------
/home/tejhanagarajan/Projects/small-projects/NewsImpact/airflow/dags/correlate_dag.py                                                                                                                 0           0
/home/tejhanagarajan/Projects/small-projects/NewsImpact/venv/lib64/python3.10/site-packages/airflow/example_dags/example_bash_operator.py                                                             0           0
/home/tejhanagarajan/Projects/small-projects/NewsImpact/venv/lib64/python3.10/site-packages/airflow/example_dags/example_branch_datetime_operator.py                                                  0           0
/home/tejhanagarajan/Projects/small-projects/NewsImpact/venv/lib64/python3.10/site-packages/airflow/example_dags/example_branch_day_of_week_operator.py                                               0           0
/home/tejhanagarajan/Projects/small-projects/NewsImpact/venv/lib64/python3.10/site-packages/airflow/example_dags/example_branch_labels.py                                                             0           0
/home/tejhanagarajan/Projects/small-projects/NewsImpact/venv/lib64/python3.10/site-packages/airflow/example_dags/example_branch_operator.py                                                           0           0
/home/tejhanagarajan/Projects/small-projects/NewsImpact/venv/lib64/python3.10/site-packages/airflow/example_dags/example_branch_operator_decorator.py                                                 0           0
/home/tejhanagarajan/Projects/small-projects/NewsImpact/venv/lib64/python3.10/site-packages/airflow/example_dags/example_branch_python_dop_operator_3.py                                              0           0
/home/tejhanagarajan/Projects/small-projects/NewsImpact/venv/lib64/python3.10/site-packages/airflow/example_dags/example_complex.py                                                                   0           0
/home/tejhanagarajan/Projects/small-projects/NewsImpact/venv/lib64/python3.10/site-packages/airflow/example_dags/example_dag_decorator.py                                                             0           0
/home/tejhanagarajan/Projects/small-projects/NewsImpact/venv/lib64/python3.10/site-packages/airflow/example_dags/example_datasets.py                                                                  0           0
/home/tejhanagarajan/Projects/small-projects/NewsImpact/venv/lib64/python3.10/site-packages/airflow/example_dags/example_dynamic_task_mapping.py                                                      0           0
/home/tejhanagarajan/Projects/small-projects/NewsImpact/venv/lib64/python3.10/site-packages/airflow/example_dags/example_dynamic_task_mapping_with_no_taskflow_operators.py                           0           0
/home/tejhanagarajan/Projects/small-projects/NewsImpact/venv/lib64/python3.10/site-packages/airflow/example_dags/example_external_task_marker_dag.py                                                  0           0
/home/tejhanagarajan/Projects/small-projects/NewsImpact/venv/lib64/python3.10/site-packages/airflow/example_dags/example_kubernetes_executor.py                                                       0           0
/home/tejhanagarajan/Projects/small-projects/NewsImpact/venv/lib64/python3.10/site-packages/airflow/example_dags/example_latest_only.py                                                               0           0
/home/tejhanagarajan/Projects/small-projects/NewsImpact/venv/lib64/python3.10/site-packages/airflow/example_dags/example_latest_only_with_trigger.py                                                  0           0
/home/tejhanagarajan/Projects/small-projects/NewsImpact/venv/lib64/python3.10/site-packages/airflow/example_dags/example_local_kubernetes_executor.py                                                 0           0  0.10s           2025-07-04T07:03:22
/home/tejhanagarajan/Projects/small-projects/NewsImpact/venv/lib64/python3.10/site-packages/airflow/example_dags/plugins/event_listener.py                                                            0           0  0.10s           2025-07-04T07:02:55
/home/tejhanagarajan/Projects/small-projects/NewsImpact/venv/lib64/python3.10/site-packages/airflow/example_dags/plugins/listener_plugin.py                                                           0           0  0.11s           2025-07-04T07:02:54
/home/tejhanagarajan/Projects/small-projects/NewsImpact/venv/lib64/python3.10/site-packages/airflow/example_dags/plugins/workday.py                                                                   0           0  0.30s           2025-07-04T07:02:53
/home/tejhanagarajan/Projects/small-projects/NewsImpact/venv/lib64/python3.10/site-packages/airflow/example_dags/subdags/subdag.py                                                                    0           0  0.10s           2025-07-04T07:02:52
/home/tejhanagarajan/Projects/small-projects/NewsImpact/venv/lib64/python3.10/site-packages/airflow/example_dags/example_nested_branch_dag.py                                                         1           0  0.10s           2025-07-04T07:03:22
/home/tejhanagarajan/Projects/small-projects/NewsImpact/venv/lib64/python3.10/site-packages/airflow/example_dags/example_params_trigger_ui.py                                                         1           0  0.10s           2025-07-04T07:03:21
/home/tejhanagarajan/Projects/small-projects/NewsImpact/venv/lib64/python3.10/site-packages/airflow/example_dags/example_params_ui_tutorial.py                                                        1           0  0.10s           2025-07-04T07:03:20
/home/tejhanagarajan/Projects/small-projects/NewsImpact/venv/lib64/python3.10/site-packages/airflow/example_dags/example_passing_params_via_test_command.py                                           1           0  0.10s           2025-07-04T07:03:18
/home/tejhanagarajan/Projects/small-projects/NewsImpact/venv/lib64/python3.10/site-packages/airflow/example_dags/example_python_decorator.py                                                          1           0  0.10s           2025-07-04T07:03:17
/home/tejhanagarajan/Projects/small-projects/NewsImpact/venv/lib64/python3.10/site-packages/airflow/example_dags/example_python_operator.py                                                           1           0  0.10s           2025-07-04T07:03:17
/home/tejhanagarajan/Projects/small-projects/NewsImpact/venv/lib64/python3.10/site-packages/airflow/example_dags/example_sensor_decorator.py                                                          1           0  0.10s           2025-07-04T07:03:16
/home/tejhanagarajan/Projects/small-projects/NewsImpact/venv/lib64/python3.10/site-packages/airflow/example_dags/example_sensors.py                                                                   1           0  0.10s           2025-07-04T07:03:14
/home/tejhanagarajan/Projects/small-projects/NewsImpact/venv/lib64/python3.10/site-packages/airflow/example_dags/example_setup_teardown.py                                                            1           0  0.10s           2025-07-04T07:03:13
/home/tejhanagarajan/Projects/small-projects/NewsImpact/venv/lib64/python3.10/site-packages/airflow/example_dags/example_setup_teardown_taskflow.py                                                   1           0  0.10s           2025-07-04T07:03:12
/home/tejhanagarajan/Projects/small-projects/NewsImpact/venv/lib64/python3.10/site-packages/airflow/example_dags/example_short_circuit_decorator.py                                                   1           0  0.10s           2025-07-04T07:03:12
/home/tejhanagarajan/Projects/small-projects/NewsImpact/venv/lib64/python3.10/site-packages/airflow/example_dags/example_short_circuit_operator.py                                                    1           0  0.10s           2025-07-04T07:03:12
/home/tejhanagarajan/Projects/small-projects/NewsImpact/venv/lib64/python3.10/site-packages/airflow/example_dags/example_skip_dag.py                                                                  1           0  0.10s           2025-07-04T07:03:10
/home/tejhanagarajan/Projects/small-projects/NewsImpact/venv/lib64/python3.10/site-packages/airflow/example_dags/example_sla_dag.py                                                                   1           0  0.10s           2025-07-04T07:03:09
/home/tejhanagarajan/Projects/small-projects/NewsImpact/venv/lib64/python3.10/site-packages/airflow/example_dags/example_task_group.py                                                                1           0  0.10s           2025-07-04T07:03:07
/home/tejhanagarajan/Projects/small-projects/NewsImpact/venv/lib64/python3.10/site-packages/airflow/example_dags/example_task_group_decorator.py                                                      1           0  0.10s           2025-07-04T07:03:07
/home/tejhanagarajan/Projects/small-projects/NewsImpact/venv/lib64/python3.10/site-packages/airflow/example_dags/example_time_delta_sensor_async.py                                                   1           0  0.10s           2025-07-04T07:03:06
/home/tejhanagarajan/Projects/small-projects/NewsImpact/venv/lib64/python3.10/site-packages/airflow/example_dags/example_trigger_controller_dag.py                                                    1           0  0.10s           2025-07-04T07:03:05
/home/tejhanagarajan/Projects/small-projects/NewsImpact/venv/lib64/python3.10/site-packages/airflow/example_dags/example_trigger_target_dag.py                                                        1           0  0.10s           2025-07-04T07:03:04
/home/tejhanagarajan/Projects/small-projects/NewsImpact/venv/lib64/python3.10/site-packages/airflow/example_dags/example_xcom.py                                                                      1           0  0.10s           2025-07-04T07:03:03
/home/tejhanagarajan/Projects/small-projects/NewsImpact/venv/lib64/python3.10/site-packages/airflow/example_dags/tutorial.py                                                                          1           0  0.10s           2025-07-04T07:03:01
/home/tejhanagarajan/Projects/small-projects/NewsImpact/venv/lib64/python3.10/site-packages/airflow/example_dags/tutorial_dag.py                                                                      1           0  0.10s           2025-07-04T07:03:00
/home/tejhanagarajan/Projects/small-projects/NewsImpact/venv/lib64/python3.10/site-packages/airflow/example_dags/tutorial_objectstorage.py                                                            1           0  0.10s           2025-07-04T07:02:59
/home/tejhanagarajan/Projects/small-projects/NewsImpact/venv/lib64/python3.10/site-packages/airflow/example_dags/tutorial_taskflow_api.py                                                             1           0  0.10s           2025-07-04T07:02:58
/home/tejhanagarajan/Projects/small-projects/NewsImpact/venv/lib64/python3.10/site-packages/airflow/example_dags/tutorial_taskflow_api_virtualenv.py                                                  1           0  0.20s           2025-07-04T07:02:57
/home/tejhanagarajan/Projects/small-projects/NewsImpact/venv/lib64/python3.10/site-packages/airflow/example_dags/example_xcomargs.py                                                                  2           0  0.10s           2025-07-04T07:03:02
/home/tejhanagarajan/Projects/small-projects/NewsImpact/venv/lib64/python3.10/site-packages/airflow/example_dags/example_subdag_operator.py                                                           3           0  0.10s           2025-07-04T07:03:08
================================================================================
[2025-07-04T12:33:52.972+0530] {manager.py:879} INFO - 
================================================================================
DAG File Processing Stats

File Path                                                                                                                                                                    PID    Runtime      # DAGs    # Errors  Last Runtime    Last Run
---------------------------------------------------------------------------------------------------------------------------------------------------------------------------  -----  ---------  --------  ----------  --------------  -------------------
/home/tejhanagarajan/Projects/small-projects/NewsImpact/venv/lib64/python3.10/site-packages/airflow/example_dags/example_kubernetes_executor.py                                                       0           0  0.10s           2025-07-04T07:03:25
/home/tejhanagarajan/Projects/small-projects/NewsImpact/venv/lib64/python3.10/site-packages/airflow/example_dags/example_local_kubernetes_executor.py                                                 0           0  0.10s           2025-07-04T07:03:22
/home/tejhanagarajan/Projects/small-projects/NewsImpact/venv/lib64/python3.10/site-packages/airflow/example_dags/plugins/event_listener.py                                                            0           0  0.10s           2025-07-04T07:03:43
/home/tejhanagarajan/Projects/small-projects/NewsImpact/venv/lib64/python3.10/site-packages/airflow/example_dags/plugins/listener_plugin.py                                                           0           0  0.10s           2025-07-04T07:03:42
/home/tejhanagarajan/Projects/small-projects/NewsImpact/venv/lib64/python3.10/site-packages/airflow/example_dags/plugins/workday.py                                                                   0           0  0.20s           2025-07-04T07:03:41
/home/tejhanagarajan/Projects/small-projects/NewsImpact/venv/lib64/python3.10/site-packages/airflow/example_dags/subdags/subdag.py                                                                    0           0  0.10s           2025-07-04T07:03:40
/home/tejhanagarajan/Projects/small-projects/NewsImpact/airflow/dags/correlate_dag.py                                                                                                                 1           0  0.10s           2025-07-04T07:03:39
/home/tejhanagarajan/Projects/small-projects/NewsImpact/venv/lib64/python3.10/site-packages/airflow/example_dags/example_bash_operator.py                                                             1           0  0.10s           2025-07-04T07:03:38
/home/tejhanagarajan/Projects/small-projects/NewsImpact/venv/lib64/python3.10/site-packages/airflow/example_dags/example_branch_day_of_week_operator.py                                               1           0  0.10s           2025-07-04T07:03:36
/home/tejhanagarajan/Projects/small-projects/NewsImpact/venv/lib64/python3.10/site-packages/airflow/example_dags/example_branch_labels.py                                                             1           0  0.10s           2025-07-04T07:03:35
/home/tejhanagarajan/Projects/small-projects/NewsImpact/venv/lib64/python3.10/site-packages/airflow/example_dags/example_branch_operator.py                                                           1           0  0.10s           2025-07-04T07:03:34
/home/tejhanagarajan/Projects/small-projects/NewsImpact/venv/lib64/python3.10/site-packages/airflow/example_dags/example_branch_operator_decorator.py                                                 1           0  0.10s           2025-07-04T07:03:33
/home/tejhanagarajan/Projects/small-projects/NewsImpact/venv/lib64/python3.10/site-packages/airflow/example_dags/example_branch_python_dop_operator_3.py                                              1           0  0.10s           2025-07-04T07:03:32
/home/tejhanagarajan/Projects/small-projects/NewsImpact/venv/lib64/python3.10/site-packages/airflow/example_dags/example_complex.py                                                                   1           0  0.10s           2025-07-04T07:03:31
/home/tejhanagarajan/Projects/small-projects/NewsImpact/venv/lib64/python3.10/site-packages/airflow/example_dags/example_dag_decorator.py                                                             1           0  0.20s           2025-07-04T07:03:30
/home/tejhanagarajan/Projects/small-projects/NewsImpact/venv/lib64/python3.10/site-packages/airflow/example_dags/example_dynamic_task_mapping.py                                                      1           0  0.10s           2025-07-04T07:03:28
/home/tejhanagarajan/Projects/small-projects/NewsImpact/venv/lib64/python3.10/site-packages/airflow/example_dags/example_dynamic_task_mapping_with_no_taskflow_operators.py                           1           0  0.10s           2025-07-04T07:03:27
/home/tejhanagarajan/Projects/small-projects/NewsImpact/venv/lib64/python3.10/site-packages/airflow/example_dags/example_latest_only.py                                                               1           0  0.10s           2025-07-04T07:03:24
/home/tejhanagarajan/Projects/small-projects/NewsImpact/venv/lib64/python3.10/site-packages/airflow/example_dags/example_latest_only_with_trigger.py                                                  1           0  0.10s           2025-07-04T07:03:22
/home/tejhanagarajan/Projects/small-projects/NewsImpact/venv/lib64/python3.10/site-packages/airflow/example_dags/example_nested_branch_dag.py                                                         1           0  0.10s           2025-07-04T07:03:22
/home/tejhanagarajan/Projects/small-projects/NewsImpact/venv/lib64/python3.10/site-packages/airflow/example_dags/example_params_trigger_ui.py                                                         1           0  0.10s           2025-07-04T07:03:21
/home/tejhanagarajan/Projects/small-projects/NewsImpact/venv/lib64/python3.10/site-packages/airflow/example_dags/example_params_ui_tutorial.py                                                        1           0  0.10s           2025-07-04T07:03:20
/home/tejhanagarajan/Projects/small-projects/NewsImpact/venv/lib64/python3.10/site-packages/airflow/example_dags/example_passing_params_via_test_command.py                                           1           0  0.10s           2025-07-04T07:03:18
/home/tejhanagarajan/Projects/small-projects/NewsImpact/venv/lib64/python3.10/site-packages/airflow/example_dags/example_python_decorator.py                                                          1           0  0.10s           2025-07-04T07:03:17
/home/tejhanagarajan/Projects/small-projects/NewsImpact/venv/lib64/python3.10/site-packages/airflow/example_dags/example_python_operator.py                                                           1           0  0.10s           2025-07-04T07:03:17
/home/tejhanagarajan/Projects/small-projects/NewsImpact/venv/lib64/python3.10/site-packages/airflow/example_dags/example_sensor_decorator.py                                                          1           0  0.10s           2025-07-04T07:03:16
/home/tejhanagarajan/Projects/small-projects/NewsImpact/venv/lib64/python3.10/site-packages/airflow/example_dags/example_sensors.py                                                                   1           0  0.10s           2025-07-04T07:03:14
/home/tejhanagarajan/Projects/small-projects/NewsImpact/venv/lib64/python3.10/site-packages/airflow/example_dags/example_setup_teardown.py                                                            1           0  0.10s           2025-07-04T07:03:13
/home/tejhanagarajan/Projects/small-projects/NewsImpact/venv/lib64/python3.10/site-packages/airflow/example_dags/example_setup_teardown_taskflow.py                                                   1           0  0.10s           2025-07-04T07:03:12
/home/tejhanagarajan/Projects/small-projects/NewsImpact/venv/lib64/python3.10/site-packages/airflow/example_dags/example_short_circuit_decorator.py                                                   1           0  0.10s           2025-07-04T07:03:12
/home/tejhanagarajan/Projects/small-projects/NewsImpact/venv/lib64/python3.10/site-packages/airflow/example_dags/example_short_circuit_operator.py                                                    1           0  0.10s           2025-07-04T07:03:12
/home/tejhanagarajan/Projects/small-projects/NewsImpact/venv/lib64/python3.10/site-packages/airflow/example_dags/example_skip_dag.py                                                                  1           0  0.10s           2025-07-04T07:03:10
/home/tejhanagarajan/Projects/small-projects/NewsImpact/venv/lib64/python3.10/site-packages/airflow/example_dags/example_sla_dag.py                                                                   1           0  0.10s           2025-07-04T07:03:09
/home/tejhanagarajan/Projects/small-projects/NewsImpact/venv/lib64/python3.10/site-packages/airflow/example_dags/example_task_group.py                                                                1           0  0.10s           2025-07-04T07:03:07
/home/tejhanagarajan/Projects/small-projects/NewsImpact/venv/lib64/python3.10/site-packages/airflow/example_dags/example_task_group_decorator.py                                                      1           0  0.10s           2025-07-04T07:03:52
/home/tejhanagarajan/Projects/small-projects/NewsImpact/venv/lib64/python3.10/site-packages/airflow/example_dags/example_time_delta_sensor_async.py                                                   1           0  0.10s           2025-07-04T07:03:52
/home/tejhanagarajan/Projects/small-projects/NewsImpact/venv/lib64/python3.10/site-packages/airflow/example_dags/example_trigger_controller_dag.py                                                    1           0  0.10s           2025-07-04T07:03:52
/home/tejhanagarajan/Projects/small-projects/NewsImpact/venv/lib64/python3.10/site-packages/airflow/example_dags/example_trigger_target_dag.py                                                        1           0  0.10s           2025-07-04T07:03:52
/home/tejhanagarajan/Projects/small-projects/NewsImpact/venv/lib64/python3.10/site-packages/airflow/example_dags/example_xcom.py                                                                      1           0  0.10s           2025-07-04T07:03:50
/home/tejhanagarajan/Projects/small-projects/NewsImpact/venv/lib64/python3.10/site-packages/airflow/example_dags/tutorial.py                                                                          1           0  0.10s           2025-07-04T07:03:48
/home/tejhanagarajan/Projects/small-projects/NewsImpact/venv/lib64/python3.10/site-packages/airflow/example_dags/tutorial_dag.py                                                                      1           0  0.10s           2025-07-04T07:03:48
/home/tejhanagarajan/Projects/small-projects/NewsImpact/venv/lib64/python3.10/site-packages/airflow/example_dags/tutorial_objectstorage.py                                                            1           0  0.10s           2025-07-04T07:03:46
/home/tejhanagarajan/Projects/small-projects/NewsImpact/venv/lib64/python3.10/site-packages/airflow/example_dags/tutorial_taskflow_api.py                                                             1           0  0.10s           2025-07-04T07:03:45
/home/tejhanagarajan/Projects/small-projects/NewsImpact/venv/lib64/python3.10/site-packages/airflow/example_dags/tutorial_taskflow_api_virtualenv.py                                                  1           0  0.10s           2025-07-04T07:03:44
/home/tejhanagarajan/Projects/small-projects/NewsImpact/venv/lib64/python3.10/site-packages/airflow/example_dags/example_external_task_marker_dag.py                                                  2           0  0.10s           2025-07-04T07:03:26
/home/tejhanagarajan/Projects/small-projects/NewsImpact/venv/lib64/python3.10/site-packages/airflow/example_dags/example_xcomargs.py                                                                  2           0  0.10s           2025-07-04T07:03:49
/home/tejhanagarajan/Projects/small-projects/NewsImpact/venv/lib64/python3.10/site-packages/airflow/example_dags/example_branch_datetime_operator.py                                                  3           0  0.10s           2025-07-04T07:03:37
/home/tejhanagarajan/Projects/small-projects/NewsImpact/venv/lib64/python3.10/site-packages/airflow/example_dags/example_subdag_operator.py                                                           3           0  0.10s           2025-07-04T07:03:08
/home/tejhanagarajan/Projects/small-projects/NewsImpact/venv/lib64/python3.10/site-packages/airflow/example_dags/example_datasets.py                                                                  6           0  0.10s           2025-07-04T07:03:29
================================================================================
[2025-07-04T12:34:23.410+0530] {manager.py:879} INFO - 
================================================================================
DAG File Processing Stats

File Path                                                                                                                                                                    PID    Runtime      # DAGs    # Errors  Last Runtime    Last Run
---------------------------------------------------------------------------------------------------------------------------------------------------------------------------  -----  ---------  --------  ----------  --------------  -------------------
/home/tejhanagarajan/Projects/small-projects/NewsImpact/venv/lib64/python3.10/site-packages/airflow/example_dags/example_kubernetes_executor.py                                                       0           0  0.10s           2025-07-04T07:04:12
/home/tejhanagarajan/Projects/small-projects/NewsImpact/venv/lib64/python3.10/site-packages/airflow/example_dags/example_local_kubernetes_executor.py                                                 0           0  0.10s           2025-07-04T07:04:09
/home/tejhanagarajan/Projects/small-projects/NewsImpact/venv/lib64/python3.10/site-packages/airflow/example_dags/plugins/event_listener.py                                                            0           0  0.10s           2025-07-04T07:04:18
/home/tejhanagarajan/Projects/small-projects/NewsImpact/venv/lib64/python3.10/site-packages/airflow/example_dags/plugins/listener_plugin.py                                                           0           0  0.10s           2025-07-04T07:04:16
/home/tejhanagarajan/Projects/small-projects/NewsImpact/venv/lib64/python3.10/site-packages/airflow/example_dags/plugins/workday.py                                                                   0           0  0.30s           2025-07-04T07:04:15
/home/tejhanagarajan/Projects/small-projects/NewsImpact/venv/lib64/python3.10/site-packages/airflow/example_dags/subdags/subdag.py                                                                    0           0  0.10s           2025-07-04T07:04:14
/home/tejhanagarajan/Projects/small-projects/NewsImpact/airflow/dags/correlate_dag.py                                                                                                                 1           0  0.10s           2025-07-04T07:03:39
/home/tejhanagarajan/Projects/small-projects/NewsImpact/venv/lib64/python3.10/site-packages/airflow/example_dags/example_bash_operator.py                                                             1           0  0.10s           2025-07-04T07:03:38
/home/tejhanagarajan/Projects/small-projects/NewsImpact/venv/lib64/python3.10/site-packages/airflow/example_dags/example_branch_day_of_week_operator.py                                               1           0  0.10s           2025-07-04T07:03:36
/home/tejhanagarajan/Projects/small-projects/NewsImpact/venv/lib64/python3.10/site-packages/airflow/example_dags/example_branch_labels.py                                                             1           0  0.10s           2025-07-04T07:03:35
/home/tejhanagarajan/Projects/small-projects/NewsImpact/venv/lib64/python3.10/site-packages/airflow/example_dags/example_branch_operator.py                                                           1           0  0.10s           2025-07-04T07:03:34
/home/tejhanagarajan/Projects/small-projects/NewsImpact/venv/lib64/python3.10/site-packages/airflow/example_dags/example_branch_operator_decorator.py                                                 1           0  0.10s           2025-07-04T07:03:33
/home/tejhanagarajan/Projects/small-projects/NewsImpact/venv/lib64/python3.10/site-packages/airflow/example_dags/example_branch_python_dop_operator_3.py                                              1           0  0.10s           2025-07-04T07:04:23
/home/tejhanagarajan/Projects/small-projects/NewsImpact/venv/lib64/python3.10/site-packages/airflow/example_dags/example_complex.py                                                                   1           0  0.10s           2025-07-04T07:04:22
/home/tejhanagarajan/Projects/small-projects/NewsImpact/venv/lib64/python3.10/site-packages/airflow/example_dags/example_dag_decorator.py                                                             1           0  0.20s           2025-07-04T07:04:21
/home/tejhanagarajan/Projects/small-projects/NewsImpact/venv/lib64/python3.10/site-packages/airflow/example_dags/example_dynamic_task_mapping.py                                                      1           0  0.10s           2025-07-04T07:04:19
/home/tejhanagarajan/Projects/small-projects/NewsImpact/venv/lib64/python3.10/site-packages/airflow/example_dags/example_dynamic_task_mapping_with_no_taskflow_operators.py                           1           0  0.10s           2025-07-04T07:04:19
/home/tejhanagarajan/Projects/small-projects/NewsImpact/venv/lib64/python3.10/site-packages/airflow/example_dags/example_latest_only.py                                                               1           0  0.10s           2025-07-04T07:04:11
/home/tejhanagarajan/Projects/small-projects/NewsImpact/venv/lib64/python3.10/site-packages/airflow/example_dags/example_latest_only_with_trigger.py                                                  1           0  0.10s           2025-07-04T07:04:10
/home/tejhanagarajan/Projects/small-projects/NewsImpact/venv/lib64/python3.10/site-packages/airflow/example_dags/example_nested_branch_dag.py                                                         1           0  0.10s           2025-07-04T07:04:08
/home/tejhanagarajan/Projects/small-projects/NewsImpact/venv/lib64/python3.10/site-packages/airflow/example_dags/example_params_trigger_ui.py                                                         1           0  0.10s           2025-07-04T07:04:07
/home/tejhanagarajan/Projects/small-projects/NewsImpact/venv/lib64/python3.10/site-packages/airflow/example_dags/example_params_ui_tutorial.py                                                        1           0  0.10s           2025-07-04T07:04:07
/home/tejhanagarajan/Projects/small-projects/NewsImpact/venv/lib64/python3.10/site-packages/airflow/example_dags/example_passing_params_via_test_command.py                                           1           0  0.10s           2025-07-04T07:04:06
/home/tejhanagarajan/Projects/small-projects/NewsImpact/venv/lib64/python3.10/site-packages/airflow/example_dags/example_python_decorator.py                                                          1           0  0.10s           2025-07-04T07:04:05
/home/tejhanagarajan/Projects/small-projects/NewsImpact/venv/lib64/python3.10/site-packages/airflow/example_dags/example_python_operator.py                                                           1           0  0.10s           2025-07-04T07:04:04
/home/tejhanagarajan/Projects/small-projects/NewsImpact/venv/lib64/python3.10/site-packages/airflow/example_dags/example_sensor_decorator.py                                                          1           0  0.10s           2025-07-04T07:04:03
/home/tejhanagarajan/Projects/small-projects/NewsImpact/venv/lib64/python3.10/site-packages/airflow/example_dags/example_sensors.py                                                                   1           0  0.10s           2025-07-04T07:04:02
/home/tejhanagarajan/Projects/small-projects/NewsImpact/venv/lib64/python3.10/site-packages/airflow/example_dags/example_setup_teardown.py                                                            1           0  0.10s           2025-07-04T07:04:01
/home/tejhanagarajan/Projects/small-projects/NewsImpact/venv/lib64/python3.10/site-packages/airflow/example_dags/example_setup_teardown_taskflow.py                                                   1           0  0.10s           2025-07-04T07:04:00
/home/tejhanagarajan/Projects/small-projects/NewsImpact/venv/lib64/python3.10/site-packages/airflow/example_dags/example_short_circuit_decorator.py                                                   1           0  0.10s           2025-07-04T07:03:58
/home/tejhanagarajan/Projects/small-projects/NewsImpact/venv/lib64/python3.10/site-packages/airflow/example_dags/example_short_circuit_operator.py                                                    1           0  0.10s           2025-07-04T07:03:58
/home/tejhanagarajan/Projects/small-projects/NewsImpact/venv/lib64/python3.10/site-packages/airflow/example_dags/example_skip_dag.py                                                                  1           0  0.10s           2025-07-04T07:03:57
/home/tejhanagarajan/Projects/small-projects/NewsImpact/venv/lib64/python3.10/site-packages/airflow/example_dags/example_sla_dag.py                                                                   1           0  0.10s           2025-07-04T07:03:56
/home/tejhanagarajan/Projects/small-projects/NewsImpact/venv/lib64/python3.10/site-packages/airflow/example_dags/example_task_group.py                                                                1           0  0.10s           2025-07-04T07:03:53
/home/tejhanagarajan/Projects/small-projects/NewsImpact/venv/lib64/python3.10/site-packages/airflow/example_dags/example_task_group_decorator.py                                                      1           0  0.10s           2025-07-04T07:03:52
/home/tejhanagarajan/Projects/small-projects/NewsImpact/venv/lib64/python3.10/site-packages/airflow/example_dags/example_time_delta_sensor_async.py                                                   1           0  0.10s           2025-07-04T07:03:52
/home/tejhanagarajan/Projects/small-projects/NewsImpact/venv/lib64/python3.10/site-packages/airflow/example_dags/example_trigger_controller_dag.py                                                    1           0  0.10s           2025-07-04T07:03:52
/home/tejhanagarajan/Projects/small-projects/NewsImpact/venv/lib64/python3.10/site-packages/airflow/example_dags/example_trigger_target_dag.py                                                        1           0  0.10s           2025-07-04T07:03:52
/home/tejhanagarajan/Projects/small-projects/NewsImpact/venv/lib64/python3.10/site-packages/airflow/example_dags/example_xcom.py                                                                      1           0  0.10s           2025-07-04T07:03:50
/home/tejhanagarajan/Projects/small-projects/NewsImpact/venv/lib64/python3.10/site-packages/airflow/example_dags/tutorial.py                                                                          1           0  0.10s           2025-07-04T07:03:48
/home/tejhanagarajan/Projects/small-projects/NewsImpact/venv/lib64/python3.10/site-packages/airflow/example_dags/tutorial_dag.py                                                                      1           0  0.10s           2025-07-04T07:03:48
/home/tejhanagarajan/Projects/small-projects/NewsImpact/venv/lib64/python3.10/site-packages/airflow/example_dags/tutorial_objectstorage.py                                                            1           0  0.10s           2025-07-04T07:03:46
/home/tejhanagarajan/Projects/small-projects/NewsImpact/venv/lib64/python3.10/site-packages/airflow/example_dags/tutorial_taskflow_api.py                                                             1           0  0.10s           2025-07-04T07:03:45
/home/tejhanagarajan/Projects/small-projects/NewsImpact/venv/lib64/python3.10/site-packages/airflow/example_dags/tutorial_taskflow_api_virtualenv.py                                                  1           0  0.10s           2025-07-04T07:03:44
/home/tejhanagarajan/Projects/small-projects/NewsImpact/venv/lib64/python3.10/site-packages/airflow/example_dags/example_external_task_marker_dag.py                                                  2           0  0.10s           2025-07-04T07:04:13
/home/tejhanagarajan/Projects/small-projects/NewsImpact/venv/lib64/python3.10/site-packages/airflow/example_dags/example_xcomargs.py                                                                  2           0  0.10s           2025-07-04T07:03:49
/home/tejhanagarajan/Projects/small-projects/NewsImpact/venv/lib64/python3.10/site-packages/airflow/example_dags/example_branch_datetime_operator.py                                                  3           0  0.10s           2025-07-04T07:03:37
/home/tejhanagarajan/Projects/small-projects/NewsImpact/venv/lib64/python3.10/site-packages/airflow/example_dags/example_subdag_operator.py                                                           3           0  0.10s           2025-07-04T07:03:54
/home/tejhanagarajan/Projects/small-projects/NewsImpact/venv/lib64/python3.10/site-packages/airflow/example_dags/example_datasets.py                                                                  6           0  0.10s           2025-07-04T07:04:20
================================================================================
[2025-07-04T12:34:53.764+0530] {manager.py:879} INFO - 
================================================================================
DAG File Processing Stats

File Path                                                                                                                                                                    PID    Runtime      # DAGs    # Errors  Last Runtime    Last Run
---------------------------------------------------------------------------------------------------------------------------------------------------------------------------  -----  ---------  --------  ----------  --------------  -------------------
/home/tejhanagarajan/Projects/small-projects/NewsImpact/venv/lib64/python3.10/site-packages/airflow/example_dags/example_kubernetes_executor.py                                                       0           0  0.10s           2025-07-04T07:04:12
/home/tejhanagarajan/Projects/small-projects/NewsImpact/venv/lib64/python3.10/site-packages/airflow/example_dags/example_local_kubernetes_executor.py                                                 0           0  0.10s           2025-07-04T07:04:09
/home/tejhanagarajan/Projects/small-projects/NewsImpact/venv/lib64/python3.10/site-packages/airflow/example_dags/plugins/event_listener.py                                                            0           0  0.10s           2025-07-04T07:04:51
/home/tejhanagarajan/Projects/small-projects/NewsImpact/venv/lib64/python3.10/site-packages/airflow/example_dags/plugins/listener_plugin.py                                                           0           0  0.10s           2025-07-04T07:04:50
/home/tejhanagarajan/Projects/small-projects/NewsImpact/venv/lib64/python3.10/site-packages/airflow/example_dags/plugins/workday.py                                                                   0           0  0.20s           2025-07-04T07:04:50
/home/tejhanagarajan/Projects/small-projects/NewsImpact/venv/lib64/python3.10/site-packages/airflow/example_dags/subdags/subdag.py                                                                    0           0  0.10s           2025-07-04T07:04:48
/home/tejhanagarajan/Projects/small-projects/NewsImpact/airflow/dags/correlate_dag.py                                                                                                                 1           0  0.10s           2025-07-04T07:04:29
/home/tejhanagarajan/Projects/small-projects/NewsImpact/venv/lib64/python3.10/site-packages/airflow/example_dags/example_bash_operator.py                                                             1           0  0.10s           2025-07-04T07:04:29
/home/tejhanagarajan/Projects/small-projects/NewsImpact/venv/lib64/python3.10/site-packages/airflow/example_dags/example_branch_day_of_week_operator.py                                               1           0  0.10s           2025-07-04T07:04:27
/home/tejhanagarajan/Projects/small-projects/NewsImpact/venv/lib64/python3.10/site-packages/airflow/example_dags/example_branch_labels.py                                                             1           0  0.10s           2025-07-04T07:04:25
/home/tejhanagarajan/Projects/small-projects/NewsImpact/venv/lib64/python3.10/site-packages/airflow/example_dags/example_branch_operator.py                                                           1           0  0.10s           2025-07-04T07:04:24
/home/tejhanagarajan/Projects/small-projects/NewsImpact/venv/lib64/python3.10/site-packages/airflow/example_dags/example_branch_operator_decorator.py                                                 1           0  0.10s           2025-07-04T07:04:24
/home/tejhanagarajan/Projects/small-projects/NewsImpact/venv/lib64/python3.10/site-packages/airflow/example_dags/example_branch_python_dop_operator_3.py                                              1           0  0.10s           2025-07-04T07:04:23
/home/tejhanagarajan/Projects/small-projects/NewsImpact/venv/lib64/python3.10/site-packages/airflow/example_dags/example_complex.py                                                                   1           0  0.10s           2025-07-04T07:04:22
/home/tejhanagarajan/Projects/small-projects/NewsImpact/venv/lib64/python3.10/site-packages/airflow/example_dags/example_dag_decorator.py                                                             1           0  0.20s           2025-07-04T07:04:21
/home/tejhanagarajan/Projects/small-projects/NewsImpact/venv/lib64/python3.10/site-packages/airflow/example_dags/example_dynamic_task_mapping.py                                                      1           0  0.10s           2025-07-04T07:04:19
/home/tejhanagarajan/Projects/small-projects/NewsImpact/venv/lib64/python3.10/site-packages/airflow/example_dags/example_dynamic_task_mapping_with_no_taskflow_operators.py                           1           0  0.10s           2025-07-04T07:04:19
/home/tejhanagarajan/Projects/small-projects/NewsImpact/venv/lib64/python3.10/site-packages/airflow/example_dags/example_latest_only.py                                                               1           0  0.10s           2025-07-04T07:04:11
/home/tejhanagarajan/Projects/small-projects/NewsImpact/venv/lib64/python3.10/site-packages/airflow/example_dags/example_latest_only_with_trigger.py                                                  1           0  0.10s           2025-07-04T07:04:10
/home/tejhanagarajan/Projects/small-projects/NewsImpact/venv/lib64/python3.10/site-packages/airflow/example_dags/example_nested_branch_dag.py                                                         1           0  0.10s           2025-07-04T07:04:08
/home/tejhanagarajan/Projects/small-projects/NewsImpact/venv/lib64/python3.10/site-packages/airflow/example_dags/example_params_trigger_ui.py                                                         1           0  0.10s           2025-07-04T07:04:07
/home/tejhanagarajan/Projects/small-projects/NewsImpact/venv/lib64/python3.10/site-packages/airflow/example_dags/example_params_ui_tutorial.py                                                        1           0  0.10s           2025-07-04T07:04:07
/home/tejhanagarajan/Projects/small-projects/NewsImpact/venv/lib64/python3.10/site-packages/airflow/example_dags/example_passing_params_via_test_command.py                                           1           0  0.10s           2025-07-04T07:04:06
/home/tejhanagarajan/Projects/small-projects/NewsImpact/venv/lib64/python3.10/site-packages/airflow/example_dags/example_python_decorator.py                                                          1           0  0.10s           2025-07-04T07:04:05
/home/tejhanagarajan/Projects/small-projects/NewsImpact/venv/lib64/python3.10/site-packages/airflow/example_dags/example_python_operator.py                                                           1           0  0.10s           2025-07-04T07:04:04
/home/tejhanagarajan/Projects/small-projects/NewsImpact/venv/lib64/python3.10/site-packages/airflow/example_dags/example_sensor_decorator.py                                                          1           0  0.10s           2025-07-04T07:04:53
/home/tejhanagarajan/Projects/small-projects/NewsImpact/venv/lib64/python3.10/site-packages/airflow/example_dags/example_sensors.py                                                                   1           0  0.10s           2025-07-04T07:04:53
/home/tejhanagarajan/Projects/small-projects/NewsImpact/venv/lib64/python3.10/site-packages/airflow/example_dags/example_setup_teardown.py                                                            1           0  0.10s           2025-07-04T07:04:52
/home/tejhanagarajan/Projects/small-projects/NewsImpact/venv/lib64/python3.10/site-packages/airflow/example_dags/example_setup_teardown_taskflow.py                                                   1           0  0.10s           2025-07-04T07:04:47
/home/tejhanagarajan/Projects/small-projects/NewsImpact/venv/lib64/python3.10/site-packages/airflow/example_dags/example_short_circuit_decorator.py                                                   1           0  0.10s           2025-07-04T07:04:46
/home/tejhanagarajan/Projects/small-projects/NewsImpact/venv/lib64/python3.10/site-packages/airflow/example_dags/example_short_circuit_operator.py                                                    1           0  0.10s           2025-07-04T07:04:45
/home/tejhanagarajan/Projects/small-projects/NewsImpact/venv/lib64/python3.10/site-packages/airflow/example_dags/example_skip_dag.py                                                                  1           0  0.10s           2025-07-04T07:04:44
/home/tejhanagarajan/Projects/small-projects/NewsImpact/venv/lib64/python3.10/site-packages/airflow/example_dags/example_sla_dag.py                                                                   1           0  0.10s           2025-07-04T07:04:43
/home/tejhanagarajan/Projects/small-projects/NewsImpact/venv/lib64/python3.10/site-packages/airflow/example_dags/example_task_group.py                                                                1           0  0.10s           2025-07-04T07:04:41
/home/tejhanagarajan/Projects/small-projects/NewsImpact/venv/lib64/python3.10/site-packages/airflow/example_dags/example_task_group_decorator.py                                                      1           0  0.10s           2025-07-04T07:04:40
/home/tejhanagarajan/Projects/small-projects/NewsImpact/venv/lib64/python3.10/site-packages/airflow/example_dags/example_time_delta_sensor_async.py                                                   1           0  0.10s           2025-07-04T07:04:39
/home/tejhanagarajan/Projects/small-projects/NewsImpact/venv/lib64/python3.10/site-packages/airflow/example_dags/example_trigger_controller_dag.py                                                    1           0  0.10s           2025-07-04T07:04:38
/home/tejhanagarajan/Projects/small-projects/NewsImpact/venv/lib64/python3.10/site-packages/airflow/example_dags/example_trigger_target_dag.py                                                        1           0  0.10s           2025-07-04T07:04:37
/home/tejhanagarajan/Projects/small-projects/NewsImpact/venv/lib64/python3.10/site-packages/airflow/example_dags/example_xcom.py                                                                      1           0  0.10s           2025-07-04T07:04:36
/home/tejhanagarajan/Projects/small-projects/NewsImpact/venv/lib64/python3.10/site-packages/airflow/example_dags/tutorial.py                                                                          1           0  0.10s           2025-07-04T07:04:34
/home/tejhanagarajan/Projects/small-projects/NewsImpact/venv/lib64/python3.10/site-packages/airflow/example_dags/tutorial_dag.py                                                                      1           0  0.10s           2025-07-04T07:04:33
/home/tejhanagarajan/Projects/small-projects/NewsImpact/venv/lib64/python3.10/site-packages/airflow/example_dags/tutorial_objectstorage.py                                                            1           0  0.10s           2025-07-04T07:04:33
/home/tejhanagarajan/Projects/small-projects/NewsImpact/venv/lib64/python3.10/site-packages/airflow/example_dags/tutorial_taskflow_api.py                                                             1           0  0.10s           2025-07-04T07:04:32
/home/tejhanagarajan/Projects/small-projects/NewsImpact/venv/lib64/python3.10/site-packages/airflow/example_dags/tutorial_taskflow_api_virtualenv.py                                                  1           0  0.10s           2025-07-04T07:04:31
/home/tejhanagarajan/Projects/small-projects/NewsImpact/venv/lib64/python3.10/site-packages/airflow/example_dags/example_external_task_marker_dag.py                                                  2           0  0.10s           2025-07-04T07:04:13
/home/tejhanagarajan/Projects/small-projects/NewsImpact/venv/lib64/python3.10/site-packages/airflow/example_dags/example_xcomargs.py                                                                  2           0  0.10s           2025-07-04T07:04:35
/home/tejhanagarajan/Projects/small-projects/NewsImpact/venv/lib64/python3.10/site-packages/airflow/example_dags/example_branch_datetime_operator.py                                                  3           0  0.10s           2025-07-04T07:04:28
/home/tejhanagarajan/Projects/small-projects/NewsImpact/venv/lib64/python3.10/site-packages/airflow/example_dags/example_subdag_operator.py                                                           3           0  0.10s           2025-07-04T07:04:42
/home/tejhanagarajan/Projects/small-projects/NewsImpact/venv/lib64/python3.10/site-packages/airflow/example_dags/example_datasets.py                                                                  6           0  0.10s           2025-07-04T07:04:20
================================================================================
[2025-07-04T12:35:24.197+0530] {manager.py:879} INFO - 
================================================================================
DAG File Processing Stats

File Path                                                                                                                                                                    PID    Runtime      # DAGs    # Errors  Last Runtime    Last Run
---------------------------------------------------------------------------------------------------------------------------------------------------------------------------  -----  ---------  --------  ----------  --------------  -------------------
/home/tejhanagarajan/Projects/small-projects/NewsImpact/venv/lib64/python3.10/site-packages/airflow/example_dags/example_kubernetes_executor.py                                                       0           0  0.10s           2025-07-04T07:05:03
/home/tejhanagarajan/Projects/small-projects/NewsImpact/venv/lib64/python3.10/site-packages/airflow/example_dags/example_local_kubernetes_executor.py                                                 0           0  0.10s           2025-07-04T07:05:00
/home/tejhanagarajan/Projects/small-projects/NewsImpact/venv/lib64/python3.10/site-packages/airflow/example_dags/plugins/event_listener.py                                                            0           0  0.10s           2025-07-04T07:04:51
/home/tejhanagarajan/Projects/small-projects/NewsImpact/venv/lib64/python3.10/site-packages/airflow/example_dags/plugins/listener_plugin.py                                                           0           0  0.10s           2025-07-04T07:04:50
/home/tejhanagarajan/Projects/small-projects/NewsImpact/venv/lib64/python3.10/site-packages/airflow/example_dags/plugins/workday.py                                                                   0           0  0.20s           2025-07-04T07:04:50
/home/tejhanagarajan/Projects/small-projects/NewsImpact/venv/lib64/python3.10/site-packages/airflow/example_dags/subdags/subdag.py                                                                    0           0  0.10s           2025-07-04T07:04:48
/home/tejhanagarajan/Projects/small-projects/NewsImpact/airflow/dags/correlate_dag.py                                                                                                                 1           0  0.10s           2025-07-04T07:05:24
/home/tejhanagarajan/Projects/small-projects/NewsImpact/venv/lib64/python3.10/site-packages/airflow/example_dags/example_bash_operator.py                                                             1           0  0.10s           2025-07-04T07:05:23
/home/tejhanagarajan/Projects/small-projects/NewsImpact/venv/lib64/python3.10/site-packages/airflow/example_dags/example_branch_day_of_week_operator.py                                               1           0  0.10s           2025-07-04T07:05:21
/home/tejhanagarajan/Projects/small-projects/NewsImpact/venv/lib64/python3.10/site-packages/airflow/example_dags/example_branch_labels.py                                                             1           0  0.10s           2025-07-04T07:05:20
/home/tejhanagarajan/Projects/small-projects/NewsImpact/venv/lib64/python3.10/site-packages/airflow/example_dags/example_branch_operator.py                                                           1           0  0.10s           2025-07-04T07:05:19
/home/tejhanagarajan/Projects/small-projects/NewsImpact/venv/lib64/python3.10/site-packages/airflow/example_dags/example_branch_operator_decorator.py                                                 1           0  0.10s           2025-07-04T07:05:18
/home/tejhanagarajan/Projects/small-projects/NewsImpact/venv/lib64/python3.10/site-packages/airflow/example_dags/example_branch_python_dop_operator_3.py                                              1           0  0.10s           2025-07-04T07:05:17
/home/tejhanagarajan/Projects/small-projects/NewsImpact/venv/lib64/python3.10/site-packages/airflow/example_dags/example_complex.py                                                                   1           0  0.10s           2025-07-04T07:05:16
/home/tejhanagarajan/Projects/small-projects/NewsImpact/venv/lib64/python3.10/site-packages/airflow/example_dags/example_dag_decorator.py                                                             1           0  0.20s           2025-07-04T07:05:15
/home/tejhanagarajan/Projects/small-projects/NewsImpact/venv/lib64/python3.10/site-packages/airflow/example_dags/example_dynamic_task_mapping.py                                                      1           0  0.10s           2025-07-04T07:05:13
/home/tejhanagarajan/Projects/small-projects/NewsImpact/venv/lib64/python3.10/site-packages/airflow/example_dags/example_dynamic_task_mapping_with_no_taskflow_operators.py                           1           0  0.10s           2025-07-04T07:05:12
/home/tejhanagarajan/Projects/small-projects/NewsImpact/venv/lib64/python3.10/site-packages/airflow/example_dags/example_latest_only.py                                                               1           0  0.10s           2025-07-04T07:05:03
/home/tejhanagarajan/Projects/small-projects/NewsImpact/venv/lib64/python3.10/site-packages/airflow/example_dags/example_latest_only_with_trigger.py                                                  1           0  0.10s           2025-07-04T07:05:01
/home/tejhanagarajan/Projects/small-projects/NewsImpact/venv/lib64/python3.10/site-packages/airflow/example_dags/example_nested_branch_dag.py                                                         1           0  0.10s           2025-07-04T07:05:00
/home/tejhanagarajan/Projects/small-projects/NewsImpact/venv/lib64/python3.10/site-packages/airflow/example_dags/example_params_trigger_ui.py                                                         1           0  0.10s           2025-07-04T07:04:59
/home/tejhanagarajan/Projects/small-projects/NewsImpact/venv/lib64/python3.10/site-packages/airflow/example_dags/example_params_ui_tutorial.py                                                        1           0  0.10s           2025-07-04T07:04:57
/home/tejhanagarajan/Projects/small-projects/NewsImpact/venv/lib64/python3.10/site-packages/airflow/example_dags/example_passing_params_via_test_command.py                                           1           0  0.10s           2025-07-04T07:04:56
/home/tejhanagarajan/Projects/small-projects/NewsImpact/venv/lib64/python3.10/site-packages/airflow/example_dags/example_python_decorator.py                                                          1           0  0.10s           2025-07-04T07:04:55
/home/tejhanagarajan/Projects/small-projects/NewsImpact/venv/lib64/python3.10/site-packages/airflow/example_dags/example_python_operator.py                                                           1           0  0.10s           2025-07-04T07:04:54
/home/tejhanagarajan/Projects/small-projects/NewsImpact/venv/lib64/python3.10/site-packages/airflow/example_dags/example_sensor_decorator.py                                                          1           0  0.10s           2025-07-04T07:04:53
/home/tejhanagarajan/Projects/small-projects/NewsImpact/venv/lib64/python3.10/site-packages/airflow/example_dags/example_sensors.py                                                                   1           0  0.10s           2025-07-04T07:04:53
/home/tejhanagarajan/Projects/small-projects/NewsImpact/venv/lib64/python3.10/site-packages/airflow/example_dags/example_setup_teardown.py                                                            1           0  0.10s           2025-07-04T07:04:52
/home/tejhanagarajan/Projects/small-projects/NewsImpact/venv/lib64/python3.10/site-packages/airflow/example_dags/example_setup_teardown_taskflow.py                                                   1           0  0.10s           2025-07-04T07:04:47
/home/tejhanagarajan/Projects/small-projects/NewsImpact/venv/lib64/python3.10/site-packages/airflow/example_dags/example_short_circuit_decorator.py                                                   1           0  0.10s           2025-07-04T07:04:46
/home/tejhanagarajan/Projects/small-projects/NewsImpact/venv/lib64/python3.10/site-packages/airflow/example_dags/example_short_circuit_operator.py                                                    1           0  0.10s           2025-07-04T07:04:45
/home/tejhanagarajan/Projects/small-projects/NewsImpact/venv/lib64/python3.10/site-packages/airflow/example_dags/example_skip_dag.py                                                                  1           0  0.10s           2025-07-04T07:04:44
/home/tejhanagarajan/Projects/small-projects/NewsImpact/venv/lib64/python3.10/site-packages/airflow/example_dags/example_sla_dag.py                                                                   1           0  0.10s           2025-07-04T07:04:43
/home/tejhanagarajan/Projects/small-projects/NewsImpact/venv/lib64/python3.10/site-packages/airflow/example_dags/example_task_group.py                                                                1           0  0.10s           2025-07-04T07:04:41
/home/tejhanagarajan/Projects/small-projects/NewsImpact/venv/lib64/python3.10/site-packages/airflow/example_dags/example_task_group_decorator.py                                                      1           0  0.10s           2025-07-04T07:04:40
/home/tejhanagarajan/Projects/small-projects/NewsImpact/venv/lib64/python3.10/site-packages/airflow/example_dags/example_time_delta_sensor_async.py                                                   1           0  0.10s           2025-07-04T07:04:39
/home/tejhanagarajan/Projects/small-projects/NewsImpact/venv/lib64/python3.10/site-packages/airflow/example_dags/example_trigger_controller_dag.py                                                    1           0  0.10s           2025-07-04T07:04:38
/home/tejhanagarajan/Projects/small-projects/NewsImpact/venv/lib64/python3.10/site-packages/airflow/example_dags/example_trigger_target_dag.py                                                        1           0  0.10s           2025-07-04T07:04:37
/home/tejhanagarajan/Projects/small-projects/NewsImpact/venv/lib64/python3.10/site-packages/airflow/example_dags/example_xcom.py                                                                      1           0  0.10s           2025-07-04T07:04:36
/home/tejhanagarajan/Projects/small-projects/NewsImpact/venv/lib64/python3.10/site-packages/airflow/example_dags/tutorial.py                                                                          1           0  0.10s           2025-07-04T07:05:10
/home/tejhanagarajan/Projects/small-projects/NewsImpact/venv/lib64/python3.10/site-packages/airflow/example_dags/tutorial_dag.py                                                                      1           0  0.10s           2025-07-04T07:05:09
/home/tejhanagarajan/Projects/small-projects/NewsImpact/venv/lib64/python3.10/site-packages/airflow/example_dags/tutorial_objectstorage.py                                                            1           0  0.10s           2025-07-04T07:05:08
/home/tejhanagarajan/Projects/small-projects/NewsImpact/venv/lib64/python3.10/site-packages/airflow/example_dags/tutorial_taskflow_api.py                                                             1           0  0.10s           2025-07-04T07:05:07
/home/tejhanagarajan/Projects/small-projects/NewsImpact/venv/lib64/python3.10/site-packages/airflow/example_dags/tutorial_taskflow_api_virtualenv.py                                                  1           0  0.10s           2025-07-04T07:05:05
/home/tejhanagarajan/Projects/small-projects/NewsImpact/venv/lib64/python3.10/site-packages/airflow/example_dags/example_external_task_marker_dag.py                                                  2           0  0.10s           2025-07-04T07:05:05
/home/tejhanagarajan/Projects/small-projects/NewsImpact/venv/lib64/python3.10/site-packages/airflow/example_dags/example_xcomargs.py                                                                  2           0  0.10s           2025-07-04T07:05:11
/home/tejhanagarajan/Projects/small-projects/NewsImpact/venv/lib64/python3.10/site-packages/airflow/example_dags/example_branch_datetime_operator.py                                                  3           0  0.10s           2025-07-04T07:05:22
/home/tejhanagarajan/Projects/small-projects/NewsImpact/venv/lib64/python3.10/site-packages/airflow/example_dags/example_subdag_operator.py                                                           3           0  0.10s           2025-07-04T07:04:42
/home/tejhanagarajan/Projects/small-projects/NewsImpact/venv/lib64/python3.10/site-packages/airflow/example_dags/example_datasets.py                                                                  6           0  0.10s           2025-07-04T07:05:14
================================================================================
[2025-07-04T12:35:54.608+0530] {manager.py:879} INFO - 
================================================================================
DAG File Processing Stats

File Path                                                                                                                                                                    PID    Runtime      # DAGs    # Errors  Last Runtime    Last Run
---------------------------------------------------------------------------------------------------------------------------------------------------------------------------  -----  ---------  --------  ----------  --------------  -------------------
/home/tejhanagarajan/Projects/small-projects/NewsImpact/venv/lib64/python3.10/site-packages/airflow/example_dags/example_kubernetes_executor.py                                                       0           0  0.10s           2025-07-04T07:05:03
/home/tejhanagarajan/Projects/small-projects/NewsImpact/venv/lib64/python3.10/site-packages/airflow/example_dags/example_local_kubernetes_executor.py                                                 0           0  0.10s           2025-07-04T07:05:54
/home/tejhanagarajan/Projects/small-projects/NewsImpact/venv/lib64/python3.10/site-packages/airflow/example_dags/plugins/event_listener.py                                                            0           0  0.10s           2025-07-04T07:05:28
/home/tejhanagarajan/Projects/small-projects/NewsImpact/venv/lib64/python3.10/site-packages/airflow/example_dags/plugins/listener_plugin.py                                                           0           0  0.10s           2025-07-04T07:05:27
/home/tejhanagarajan/Projects/small-projects/NewsImpact/venv/lib64/python3.10/site-packages/airflow/example_dags/plugins/workday.py                                                                   0           0  0.20s           2025-07-04T07:05:26
/home/tejhanagarajan/Projects/small-projects/NewsImpact/venv/lib64/python3.10/site-packages/airflow/example_dags/subdags/subdag.py                                                                    0           0  0.10s           2025-07-04T07:05:25
/home/tejhanagarajan/Projects/small-projects/NewsImpact/airflow/dags/correlate_dag.py                                                                                                                 1           0  0.10s           2025-07-04T07:05:24
/home/tejhanagarajan/Projects/small-projects/NewsImpact/venv/lib64/python3.10/site-packages/airflow/example_dags/example_bash_operator.py                                                             1           0  0.10s           2025-07-04T07:05:23
/home/tejhanagarajan/Projects/small-projects/NewsImpact/venv/lib64/python3.10/site-packages/airflow/example_dags/example_branch_day_of_week_operator.py                                               1           0  0.10s           2025-07-04T07:05:21
/home/tejhanagarajan/Projects/small-projects/NewsImpact/venv/lib64/python3.10/site-packages/airflow/example_dags/example_branch_labels.py                                                             1           0  0.10s           2025-07-04T07:05:20
/home/tejhanagarajan/Projects/small-projects/NewsImpact/venv/lib64/python3.10/site-packages/airflow/example_dags/example_branch_operator.py                                                           1           0  0.10s           2025-07-04T07:05:19
/home/tejhanagarajan/Projects/small-projects/NewsImpact/venv/lib64/python3.10/site-packages/airflow/example_dags/example_branch_operator_decorator.py                                                 1           0  0.10s           2025-07-04T07:05:18
/home/tejhanagarajan/Projects/small-projects/NewsImpact/venv/lib64/python3.10/site-packages/airflow/example_dags/example_branch_python_dop_operator_3.py                                              1           0  0.10s           2025-07-04T07:05:17
/home/tejhanagarajan/Projects/small-projects/NewsImpact/venv/lib64/python3.10/site-packages/airflow/example_dags/example_complex.py                                                                   1           0  0.10s           2025-07-04T07:05:16
/home/tejhanagarajan/Projects/small-projects/NewsImpact/venv/lib64/python3.10/site-packages/airflow/example_dags/example_dag_decorator.py                                                             1           0  0.20s           2025-07-04T07:05:15
/home/tejhanagarajan/Projects/small-projects/NewsImpact/venv/lib64/python3.10/site-packages/airflow/example_dags/example_dynamic_task_mapping.py                                                      1           0  0.10s           2025-07-04T07:05:13
/home/tejhanagarajan/Projects/small-projects/NewsImpact/venv/lib64/python3.10/site-packages/airflow/example_dags/example_dynamic_task_mapping_with_no_taskflow_operators.py                           1           0  0.10s           2025-07-04T07:05:12
/home/tejhanagarajan/Projects/small-projects/NewsImpact/venv/lib64/python3.10/site-packages/airflow/example_dags/example_latest_only.py                                                               1           0  0.10s           2025-07-04T07:05:03
/home/tejhanagarajan/Projects/small-projects/NewsImpact/venv/lib64/python3.10/site-packages/airflow/example_dags/example_latest_only_with_trigger.py                                                  1           0  0.10s           2025-07-04T07:05:01
/home/tejhanagarajan/Projects/small-projects/NewsImpact/venv/lib64/python3.10/site-packages/airflow/example_dags/example_nested_branch_dag.py                                                         1           0  0.10s           2025-07-04T07:05:53
/home/tejhanagarajan/Projects/small-projects/NewsImpact/venv/lib64/python3.10/site-packages/airflow/example_dags/example_params_trigger_ui.py                                                         1           0  0.10s           2025-07-04T07:05:52
/home/tejhanagarajan/Projects/small-projects/NewsImpact/venv/lib64/python3.10/site-packages/airflow/example_dags/example_params_ui_tutorial.py                                                        1           0  0.10s           2025-07-04T07:05:52
/home/tejhanagarajan/Projects/small-projects/NewsImpact/venv/lib64/python3.10/site-packages/airflow/example_dags/example_passing_params_via_test_command.py                                           1           0  0.10s           2025-07-04T07:05:51
/home/tejhanagarajan/Projects/small-projects/NewsImpact/venv/lib64/python3.10/site-packages/airflow/example_dags/example_python_decorator.py                                                          1           0  0.10s           2025-07-04T07:05:50
/home/tejhanagarajan/Projects/small-projects/NewsImpact/venv/lib64/python3.10/site-packages/airflow/example_dags/example_python_operator.py                                                           1           0  0.10s           2025-07-04T07:05:44
/home/tejhanagarajan/Projects/small-projects/NewsImpact/venv/lib64/python3.10/site-packages/airflow/example_dags/example_sensor_decorator.py                                                          1           0  0.10s           2025-07-04T07:05:43
/home/tejhanagarajan/Projects/small-projects/NewsImpact/venv/lib64/python3.10/site-packages/airflow/example_dags/example_sensors.py                                                                   1           0  0.10s           2025-07-04T07:05:41
/home/tejhanagarajan/Projects/small-projects/NewsImpact/venv/lib64/python3.10/site-packages/airflow/example_dags/example_setup_teardown.py                                                            1           0  0.10s           2025-07-04T07:05:40
/home/tejhanagarajan/Projects/small-projects/NewsImpact/venv/lib64/python3.10/site-packages/airflow/example_dags/example_setup_teardown_taskflow.py                                                   1           0  0.10s           2025-07-04T07:05:39
/home/tejhanagarajan/Projects/small-projects/NewsImpact/venv/lib64/python3.10/site-packages/airflow/example_dags/example_short_circuit_decorator.py                                                   1           0  0.10s           2025-07-04T07:05:38
/home/tejhanagarajan/Projects/small-projects/NewsImpact/venv/lib64/python3.10/site-packages/airflow/example_dags/example_short_circuit_operator.py                                                    1           0  0.10s           2025-07-04T07:05:38
/home/tejhanagarajan/Projects/small-projects/NewsImpact/venv/lib64/python3.10/site-packages/airflow/example_dags/example_skip_dag.py                                                                  1           0  0.10s           2025-07-04T07:05:36
/home/tejhanagarajan/Projects/small-projects/NewsImpact/venv/lib64/python3.10/site-packages/airflow/example_dags/example_sla_dag.py                                                                   1           0  0.10s           2025-07-04T07:05:36
/home/tejhanagarajan/Projects/small-projects/NewsImpact/venv/lib64/python3.10/site-packages/airflow/example_dags/example_task_group.py                                                                1           0  0.10s           2025-07-04T07:05:34
/home/tejhanagarajan/Projects/small-projects/NewsImpact/venv/lib64/python3.10/site-packages/airflow/example_dags/example_task_group_decorator.py                                                      1           0  0.10s           2025-07-04T07:05:34
/home/tejhanagarajan/Projects/small-projects/NewsImpact/venv/lib64/python3.10/site-packages/airflow/example_dags/example_time_delta_sensor_async.py                                                   1           0  0.10s           2025-07-04T07:05:32
/home/tejhanagarajan/Projects/small-projects/NewsImpact/venv/lib64/python3.10/site-packages/airflow/example_dags/example_trigger_controller_dag.py                                                    1           0  0.10s           2025-07-04T07:05:31
/home/tejhanagarajan/Projects/small-projects/NewsImpact/venv/lib64/python3.10/site-packages/airflow/example_dags/example_trigger_target_dag.py                                                        1           0  0.10s           2025-07-04T07:05:31
/home/tejhanagarajan/Projects/small-projects/NewsImpact/venv/lib64/python3.10/site-packages/airflow/example_dags/example_xcom.py                                                                      1           0  0.10s           2025-07-04T07:05:29
/home/tejhanagarajan/Projects/small-projects/NewsImpact/venv/lib64/python3.10/site-packages/airflow/example_dags/tutorial.py                                                                          1           0  0.10s           2025-07-04T07:05:48
/home/tejhanagarajan/Projects/small-projects/NewsImpact/venv/lib64/python3.10/site-packages/airflow/example_dags/tutorial_dag.py                                                                      1           0  0.10s           2025-07-04T07:05:47
/home/tejhanagarajan/Projects/small-projects/NewsImpact/venv/lib64/python3.10/site-packages/airflow/example_dags/tutorial_objectstorage.py                                                            1           0  0.10s           2025-07-04T07:05:46
/home/tejhanagarajan/Projects/small-projects/NewsImpact/venv/lib64/python3.10/site-packages/airflow/example_dags/tutorial_taskflow_api.py                                                             1           0  0.10s           2025-07-04T07:05:45
/home/tejhanagarajan/Projects/small-projects/NewsImpact/venv/lib64/python3.10/site-packages/airflow/example_dags/tutorial_taskflow_api_virtualenv.py                                                  1           0  0.10s           2025-07-04T07:05:44
/home/tejhanagarajan/Projects/small-projects/NewsImpact/venv/lib64/python3.10/site-packages/airflow/example_dags/example_external_task_marker_dag.py                                                  2           0  0.10s           2025-07-04T07:05:05
/home/tejhanagarajan/Projects/small-projects/NewsImpact/venv/lib64/python3.10/site-packages/airflow/example_dags/example_xcomargs.py                                                                  2           0  0.10s           2025-07-04T07:05:49
/home/tejhanagarajan/Projects/small-projects/NewsImpact/venv/lib64/python3.10/site-packages/airflow/example_dags/example_branch_datetime_operator.py                                                  3           0  0.10s           2025-07-04T07:05:22
/home/tejhanagarajan/Projects/small-projects/NewsImpact/venv/lib64/python3.10/site-packages/airflow/example_dags/example_subdag_operator.py                                                           3           0  0.10s           2025-07-04T07:05:35
/home/tejhanagarajan/Projects/small-projects/NewsImpact/venv/lib64/python3.10/site-packages/airflow/example_dags/example_datasets.py                                                                  6           0  0.10s           2025-07-04T07:05:14
================================================================================
[2025-07-04T12:36:25.041+0530] {manager.py:879} INFO - 
================================================================================
DAG File Processing Stats

File Path                                                                                                                                                                    PID    Runtime      # DAGs    # Errors  Last Runtime    Last Run
---------------------------------------------------------------------------------------------------------------------------------------------------------------------------  -----  ---------  --------  ----------  --------------  -------------------
/home/tejhanagarajan/Projects/small-projects/NewsImpact/venv/lib64/python3.10/site-packages/airflow/example_dags/example_kubernetes_executor.py                                                       0           0  0.10s           2025-07-04T07:05:57
/home/tejhanagarajan/Projects/small-projects/NewsImpact/venv/lib64/python3.10/site-packages/airflow/example_dags/example_local_kubernetes_executor.py                                                 0           0  0.10s           2025-07-04T07:05:54
/home/tejhanagarajan/Projects/small-projects/NewsImpact/venv/lib64/python3.10/site-packages/airflow/example_dags/plugins/event_listener.py                                                            0           0  0.10s           2025-07-04T07:06:05
/home/tejhanagarajan/Projects/small-projects/NewsImpact/venv/lib64/python3.10/site-packages/airflow/example_dags/plugins/listener_plugin.py                                                           0           0  0.10s           2025-07-04T07:06:04
/home/tejhanagarajan/Projects/small-projects/NewsImpact/venv/lib64/python3.10/site-packages/airflow/example_dags/plugins/workday.py                                                                   0           0  0.30s           2025-07-04T07:06:03
/home/tejhanagarajan/Projects/small-projects/NewsImpact/venv/lib64/python3.10/site-packages/airflow/example_dags/subdags/subdag.py                                                                    0           0  0.10s           2025-07-04T07:06:02
/home/tejhanagarajan/Projects/small-projects/NewsImpact/airflow/dags/correlate_dag.py                                                                                                                 1           0  0.10s           2025-07-04T07:06:19
/home/tejhanagarajan/Projects/small-projects/NewsImpact/venv/lib64/python3.10/site-packages/airflow/example_dags/example_bash_operator.py                                                             1           0  0.10s           2025-07-04T07:06:17
/home/tejhanagarajan/Projects/small-projects/NewsImpact/venv/lib64/python3.10/site-packages/airflow/example_dags/example_branch_day_of_week_operator.py                                               1           0  0.10s           2025-07-04T07:06:16
/home/tejhanagarajan/Projects/small-projects/NewsImpact/venv/lib64/python3.10/site-packages/airflow/example_dags/example_branch_labels.py                                                             1           0  0.10s           2025-07-04T07:06:14
/home/tejhanagarajan/Projects/small-projects/NewsImpact/venv/lib64/python3.10/site-packages/airflow/example_dags/example_branch_operator.py                                                           1           0  0.10s           2025-07-04T07:06:13
/home/tejhanagarajan/Projects/small-projects/NewsImpact/venv/lib64/python3.10/site-packages/airflow/example_dags/example_branch_operator_decorator.py                                                 1           0  0.10s           2025-07-04T07:06:12
/home/tejhanagarajan/Projects/small-projects/NewsImpact/venv/lib64/python3.10/site-packages/airflow/example_dags/example_branch_python_dop_operator_3.py                                              1           0  0.10s           2025-07-04T07:06:12
/home/tejhanagarajan/Projects/small-projects/NewsImpact/venv/lib64/python3.10/site-packages/airflow/example_dags/example_complex.py                                                                   1           0  0.10s           2025-07-04T07:06:11
/home/tejhanagarajan/Projects/small-projects/NewsImpact/venv/lib64/python3.10/site-packages/airflow/example_dags/example_dag_decorator.py                                                             1           0  0.20s           2025-07-04T07:06:09
/home/tejhanagarajan/Projects/small-projects/NewsImpact/venv/lib64/python3.10/site-packages/airflow/example_dags/example_dynamic_task_mapping.py                                                      1           0  0.10s           2025-07-04T07:06:00
/home/tejhanagarajan/Projects/small-projects/NewsImpact/venv/lib64/python3.10/site-packages/airflow/example_dags/example_dynamic_task_mapping_with_no_taskflow_operators.py                           1           0  0.10s           2025-07-04T07:05:59
/home/tejhanagarajan/Projects/small-projects/NewsImpact/venv/lib64/python3.10/site-packages/airflow/example_dags/example_latest_only.py                                                               1           0  0.10s           2025-07-04T07:05:56
/home/tejhanagarajan/Projects/small-projects/NewsImpact/venv/lib64/python3.10/site-packages/airflow/example_dags/example_latest_only_with_trigger.py                                                  1           0  0.10s           2025-07-04T07:05:55
/home/tejhanagarajan/Projects/small-projects/NewsImpact/venv/lib64/python3.10/site-packages/airflow/example_dags/example_nested_branch_dag.py                                                         1           0  0.10s           2025-07-04T07:05:53
/home/tejhanagarajan/Projects/small-projects/NewsImpact/venv/lib64/python3.10/site-packages/airflow/example_dags/example_params_trigger_ui.py                                                         1           0  0.10s           2025-07-04T07:05:52
/home/tejhanagarajan/Projects/small-projects/NewsImpact/venv/lib64/python3.10/site-packages/airflow/example_dags/example_params_ui_tutorial.py                                                        1           0  0.10s           2025-07-04T07:05:52
/home/tejhanagarajan/Projects/small-projects/NewsImpact/venv/lib64/python3.10/site-packages/airflow/example_dags/example_passing_params_via_test_command.py                                           1           0  0.10s           2025-07-04T07:05:51
/home/tejhanagarajan/Projects/small-projects/NewsImpact/venv/lib64/python3.10/site-packages/airflow/example_dags/example_python_decorator.py                                                          1           0  0.10s           2025-07-04T07:05:50
/home/tejhanagarajan/Projects/small-projects/NewsImpact/venv/lib64/python3.10/site-packages/airflow/example_dags/example_python_operator.py                                                           1           0  0.10s           2025-07-04T07:05:44
/home/tejhanagarajan/Projects/small-projects/NewsImpact/venv/lib64/python3.10/site-packages/airflow/example_dags/example_sensor_decorator.py                                                          1           0  0.10s           2025-07-04T07:05:43
/home/tejhanagarajan/Projects/small-projects/NewsImpact/venv/lib64/python3.10/site-packages/airflow/example_dags/example_sensors.py                                                                   1           0  0.10s           2025-07-04T07:05:41
/home/tejhanagarajan/Projects/small-projects/NewsImpact/venv/lib64/python3.10/site-packages/airflow/example_dags/example_setup_teardown.py                                                            1           0  0.10s           2025-07-04T07:05:40
/home/tejhanagarajan/Projects/small-projects/NewsImpact/venv/lib64/python3.10/site-packages/airflow/example_dags/example_setup_teardown_taskflow.py                                                   1           0  0.10s           2025-07-04T07:05:39
/home/tejhanagarajan/Projects/small-projects/NewsImpact/venv/lib64/python3.10/site-packages/airflow/example_dags/example_short_circuit_decorator.py                                                   1           0  0.10s           2025-07-04T07:05:38
/home/tejhanagarajan/Projects/small-projects/NewsImpact/venv/lib64/python3.10/site-packages/airflow/example_dags/example_short_circuit_operator.py                                                    1           0  0.10s           2025-07-04T07:05:38
/home/tejhanagarajan/Projects/small-projects/NewsImpact/venv/lib64/python3.10/site-packages/airflow/example_dags/example_skip_dag.py                                                                  1           0  0.10s           2025-07-04T07:05:36
/home/tejhanagarajan/Projects/small-projects/NewsImpact/venv/lib64/python3.10/site-packages/airflow/example_dags/example_sla_dag.py                                                                   1           0  0.10s           2025-07-04T07:05:36
/home/tejhanagarajan/Projects/small-projects/NewsImpact/venv/lib64/python3.10/site-packages/airflow/example_dags/example_task_group.py                                                                1           0  0.10s           2025-07-04T07:05:34
/home/tejhanagarajan/Projects/small-projects/NewsImpact/venv/lib64/python3.10/site-packages/airflow/example_dags/example_task_group_decorator.py                                                      1           0  0.10s           2025-07-04T07:05:34
/home/tejhanagarajan/Projects/small-projects/NewsImpact/venv/lib64/python3.10/site-packages/airflow/example_dags/example_time_delta_sensor_async.py                                                   1           0  0.10s           2025-07-04T07:05:32
/home/tejhanagarajan/Projects/small-projects/NewsImpact/venv/lib64/python3.10/site-packages/airflow/example_dags/example_trigger_controller_dag.py                                                    1           0  0.10s           2025-07-04T07:06:08
/home/tejhanagarajan/Projects/small-projects/NewsImpact/venv/lib64/python3.10/site-packages/airflow/example_dags/example_trigger_target_dag.py                                                        1           0  0.10s           2025-07-04T07:06:07
/home/tejhanagarajan/Projects/small-projects/NewsImpact/venv/lib64/python3.10/site-packages/airflow/example_dags/example_xcom.py                                                                      1           0  0.10s           2025-07-04T07:06:07
/home/tejhanagarajan/Projects/small-projects/NewsImpact/venv/lib64/python3.10/site-packages/airflow/example_dags/tutorial.py                                                                          1           0  0.10s           2025-07-04T07:06:23
/home/tejhanagarajan/Projects/small-projects/NewsImpact/venv/lib64/python3.10/site-packages/airflow/example_dags/tutorial_dag.py                                                                      1           0  0.10s           2025-07-04T07:06:23
/home/tejhanagarajan/Projects/small-projects/NewsImpact/venv/lib64/python3.10/site-packages/airflow/example_dags/tutorial_objectstorage.py                                                            1           0  0.10s           2025-07-04T07:06:22
/home/tejhanagarajan/Projects/small-projects/NewsImpact/venv/lib64/python3.10/site-packages/airflow/example_dags/tutorial_taskflow_api.py                                                             1           0  0.10s           2025-07-04T07:06:21
/home/tejhanagarajan/Projects/small-projects/NewsImpact/venv/lib64/python3.10/site-packages/airflow/example_dags/tutorial_taskflow_api_virtualenv.py                                                  1           0  0.10s           2025-07-04T07:06:20
/home/tejhanagarajan/Projects/small-projects/NewsImpact/venv/lib64/python3.10/site-packages/airflow/example_dags/example_external_task_marker_dag.py                                                  2           0  0.10s           2025-07-04T07:05:58
/home/tejhanagarajan/Projects/small-projects/NewsImpact/venv/lib64/python3.10/site-packages/airflow/example_dags/example_xcomargs.py                                                                  2           0  0.10s           2025-07-04T07:06:25
/home/tejhanagarajan/Projects/small-projects/NewsImpact/venv/lib64/python3.10/site-packages/airflow/example_dags/example_branch_datetime_operator.py                                                  3           0  0.10s           2025-07-04T07:06:17
/home/tejhanagarajan/Projects/small-projects/NewsImpact/venv/lib64/python3.10/site-packages/airflow/example_dags/example_subdag_operator.py                                                           3           0  0.10s           2025-07-04T07:05:35
/home/tejhanagarajan/Projects/small-projects/NewsImpact/venv/lib64/python3.10/site-packages/airflow/example_dags/example_datasets.py                                                                  6           0  0.10s           2025-07-04T07:06:01
================================================================================
[2025-07-04T12:36:55.304+0530] {manager.py:879} INFO - 
================================================================================
DAG File Processing Stats

File Path                                                                                                                                                                    PID    Runtime      # DAGs    # Errors  Last Runtime    Last Run
---------------------------------------------------------------------------------------------------------------------------------------------------------------------------  -----  ---------  --------  ----------  --------------  -------------------
/home/tejhanagarajan/Projects/small-projects/NewsImpact/venv/lib64/python3.10/site-packages/airflow/example_dags/example_kubernetes_executor.py                                                       0           0  0.10s           2025-07-04T07:06:53
/home/tejhanagarajan/Projects/small-projects/NewsImpact/venv/lib64/python3.10/site-packages/airflow/example_dags/example_local_kubernetes_executor.py                                                 0           0  0.10s           2025-07-04T07:06:52
/home/tejhanagarajan/Projects/small-projects/NewsImpact/venv/lib64/python3.10/site-packages/airflow/example_dags/plugins/event_listener.py                                                            0           0  0.10s           2025-07-04T07:06:42
/home/tejhanagarajan/Projects/small-projects/NewsImpact/venv/lib64/python3.10/site-packages/airflow/example_dags/plugins/listener_plugin.py                                                           0           0  0.11s           2025-07-04T07:06:41
/home/tejhanagarajan/Projects/small-projects/NewsImpact/venv/lib64/python3.10/site-packages/airflow/example_dags/plugins/workday.py                                                                   0           0  0.20s           2025-07-04T07:06:40
/home/tejhanagarajan/Projects/small-projects/NewsImpact/venv/lib64/python3.10/site-packages/airflow/example_dags/subdags/subdag.py                                                                    0           0  0.10s           2025-07-04T07:06:39
/home/tejhanagarajan/Projects/small-projects/NewsImpact/airflow/dags/correlate_dag.py                                                                                                                 1           0  0.10s           2025-07-04T07:06:19
/home/tejhanagarajan/Projects/small-projects/NewsImpact/venv/lib64/python3.10/site-packages/airflow/example_dags/example_bash_operator.py                                                             1           0  0.10s           2025-07-04T07:06:17
/home/tejhanagarajan/Projects/small-projects/NewsImpact/venv/lib64/python3.10/site-packages/airflow/example_dags/example_branch_day_of_week_operator.py                                               1           0  0.10s           2025-07-04T07:06:16
/home/tejhanagarajan/Projects/small-projects/NewsImpact/venv/lib64/python3.10/site-packages/airflow/example_dags/example_branch_labels.py                                                             1           0  0.10s           2025-07-04T07:06:14
/home/tejhanagarajan/Projects/small-projects/NewsImpact/venv/lib64/python3.10/site-packages/airflow/example_dags/example_branch_operator.py                                                           1           0  0.10s           2025-07-04T07:06:13
/home/tejhanagarajan/Projects/small-projects/NewsImpact/venv/lib64/python3.10/site-packages/airflow/example_dags/example_branch_operator_decorator.py                                                 1           0  0.10s           2025-07-04T07:06:12
/home/tejhanagarajan/Projects/small-projects/NewsImpact/venv/lib64/python3.10/site-packages/airflow/example_dags/example_branch_python_dop_operator_3.py                                              1           0  0.10s           2025-07-04T07:06:12
/home/tejhanagarajan/Projects/small-projects/NewsImpact/venv/lib64/python3.10/site-packages/airflow/example_dags/example_complex.py                                                                   1           0  0.10s           2025-07-04T07:06:11
/home/tejhanagarajan/Projects/small-projects/NewsImpact/venv/lib64/python3.10/site-packages/airflow/example_dags/example_dag_decorator.py                                                             1           0  0.20s           2025-07-04T07:06:09
/home/tejhanagarajan/Projects/small-projects/NewsImpact/venv/lib64/python3.10/site-packages/airflow/example_dags/example_dynamic_task_mapping.py                                                      1           0  0.10s           2025-07-04T07:06:55
/home/tejhanagarajan/Projects/small-projects/NewsImpact/venv/lib64/python3.10/site-packages/airflow/example_dags/example_dynamic_task_mapping_with_no_taskflow_operators.py                           1           0  0.10s           2025-07-04T07:06:54
/home/tejhanagarajan/Projects/small-projects/NewsImpact/venv/lib64/python3.10/site-packages/airflow/example_dags/example_latest_only.py                                                               1           0  0.10s           2025-07-04T07:06:52
/home/tejhanagarajan/Projects/small-projects/NewsImpact/venv/lib64/python3.10/site-packages/airflow/example_dags/example_latest_only_with_trigger.py                                                  1           0  0.10s           2025-07-04T07:06:52
/home/tejhanagarajan/Projects/small-projects/NewsImpact/venv/lib64/python3.10/site-packages/airflow/example_dags/example_nested_branch_dag.py                                                         1           0  0.10s           2025-07-04T07:06:50
/home/tejhanagarajan/Projects/small-projects/NewsImpact/venv/lib64/python3.10/site-packages/airflow/example_dags/example_params_trigger_ui.py                                                         1           0  0.10s           2025-07-04T07:06:49
/home/tejhanagarajan/Projects/small-projects/NewsImpact/venv/lib64/python3.10/site-packages/airflow/example_dags/example_params_ui_tutorial.py                                                        1           0  0.10s           2025-07-04T07:06:48
/home/tejhanagarajan/Projects/small-projects/NewsImpact/venv/lib64/python3.10/site-packages/airflow/example_dags/example_passing_params_via_test_command.py                                           1           0  0.10s           2025-07-04T07:06:47
/home/tejhanagarajan/Projects/small-projects/NewsImpact/venv/lib64/python3.10/site-packages/airflow/example_dags/example_python_decorator.py                                                          1           0  0.10s           2025-07-04T07:06:46
/home/tejhanagarajan/Projects/small-projects/NewsImpact/venv/lib64/python3.10/site-packages/airflow/example_dags/example_python_operator.py                                                           1           0  0.10s           2025-07-04T07:06:38
/home/tejhanagarajan/Projects/small-projects/NewsImpact/venv/lib64/python3.10/site-packages/airflow/example_dags/example_sensor_decorator.py                                                          1           0  0.10s           2025-07-04T07:06:37
/home/tejhanagarajan/Projects/small-projects/NewsImpact/venv/lib64/python3.10/site-packages/airflow/example_dags/example_sensors.py                                                                   1           0  0.10s           2025-07-04T07:06:36
/home/tejhanagarajan/Projects/small-projects/NewsImpact/venv/lib64/python3.10/site-packages/airflow/example_dags/example_setup_teardown.py                                                            1           0  0.10s           2025-07-04T07:06:35
/home/tejhanagarajan/Projects/small-projects/NewsImpact/venv/lib64/python3.10/site-packages/airflow/example_dags/example_setup_teardown_taskflow.py                                                   1           0  0.10s           2025-07-04T07:06:34
/home/tejhanagarajan/Projects/small-projects/NewsImpact/venv/lib64/python3.10/site-packages/airflow/example_dags/example_short_circuit_decorator.py                                                   1           0  0.10s           2025-07-04T07:06:33
/home/tejhanagarajan/Projects/small-projects/NewsImpact/venv/lib64/python3.10/site-packages/airflow/example_dags/example_short_circuit_operator.py                                                    1           0  0.10s           2025-07-04T07:06:32
/home/tejhanagarajan/Projects/small-projects/NewsImpact/venv/lib64/python3.10/site-packages/airflow/example_dags/example_skip_dag.py                                                                  1           0  0.10s           2025-07-04T07:06:31
/home/tejhanagarajan/Projects/small-projects/NewsImpact/venv/lib64/python3.10/site-packages/airflow/example_dags/example_sla_dag.py                                                                   1           0  0.10s           2025-07-04T07:06:30
/home/tejhanagarajan/Projects/small-projects/NewsImpact/venv/lib64/python3.10/site-packages/airflow/example_dags/example_task_group.py                                                                1           0  0.10s           2025-07-04T07:06:28
/home/tejhanagarajan/Projects/small-projects/NewsImpact/venv/lib64/python3.10/site-packages/airflow/example_dags/example_task_group_decorator.py                                                      1           0  0.10s           2025-07-04T07:06:27
/home/tejhanagarajan/Projects/small-projects/NewsImpact/venv/lib64/python3.10/site-packages/airflow/example_dags/example_time_delta_sensor_async.py                                                   1           0  0.11s           2025-07-04T07:06:26
/home/tejhanagarajan/Projects/small-projects/NewsImpact/venv/lib64/python3.10/site-packages/airflow/example_dags/example_trigger_controller_dag.py                                                    1           0  0.10s           2025-07-04T07:06:45
/home/tejhanagarajan/Projects/small-projects/NewsImpact/venv/lib64/python3.10/site-packages/airflow/example_dags/example_trigger_target_dag.py                                                        1           0  0.10s           2025-07-04T07:06:44
/home/tejhanagarajan/Projects/small-projects/NewsImpact/venv/lib64/python3.10/site-packages/airflow/example_dags/example_xcom.py                                                                      1           0  0.10s           2025-07-04T07:06:43
/home/tejhanagarajan/Projects/small-projects/NewsImpact/venv/lib64/python3.10/site-packages/airflow/example_dags/tutorial.py                                                                          1           0  0.10s           2025-07-04T07:06:23
/home/tejhanagarajan/Projects/small-projects/NewsImpact/venv/lib64/python3.10/site-packages/airflow/example_dags/tutorial_dag.py                                                                      1           0  0.10s           2025-07-04T07:06:23
/home/tejhanagarajan/Projects/small-projects/NewsImpact/venv/lib64/python3.10/site-packages/airflow/example_dags/tutorial_objectstorage.py                                                            1           0  0.10s           2025-07-04T07:06:22
/home/tejhanagarajan/Projects/small-projects/NewsImpact/venv/lib64/python3.10/site-packages/airflow/example_dags/tutorial_taskflow_api.py                                                             1           0  0.10s           2025-07-04T07:06:21
/home/tejhanagarajan/Projects/small-projects/NewsImpact/venv/lib64/python3.10/site-packages/airflow/example_dags/tutorial_taskflow_api_virtualenv.py                                                  1           0  0.10s           2025-07-04T07:06:20
/home/tejhanagarajan/Projects/small-projects/NewsImpact/venv/lib64/python3.10/site-packages/airflow/example_dags/example_external_task_marker_dag.py                                                  2           0  0.10s           2025-07-04T07:06:53
/home/tejhanagarajan/Projects/small-projects/NewsImpact/venv/lib64/python3.10/site-packages/airflow/example_dags/example_xcomargs.py                                                                  2           0  0.10s           2025-07-04T07:06:25
/home/tejhanagarajan/Projects/small-projects/NewsImpact/venv/lib64/python3.10/site-packages/airflow/example_dags/example_branch_datetime_operator.py                                                  3           0  0.10s           2025-07-04T07:06:17
/home/tejhanagarajan/Projects/small-projects/NewsImpact/venv/lib64/python3.10/site-packages/airflow/example_dags/example_subdag_operator.py                                                           3           0  0.10s           2025-07-04T07:06:29
/home/tejhanagarajan/Projects/small-projects/NewsImpact/venv/lib64/python3.10/site-packages/airflow/example_dags/example_datasets.py                                                                  6           0  0.10s           2025-07-04T07:06:01
================================================================================
[2025-07-04T12:37:25.847+0530] {manager.py:879} INFO - 
================================================================================
DAG File Processing Stats

File Path                                                                                                                                                                    PID    Runtime      # DAGs    # Errors  Last Runtime    Last Run
---------------------------------------------------------------------------------------------------------------------------------------------------------------------------  -----  ---------  --------  ----------  --------------  -------------------
/home/tejhanagarajan/Projects/small-projects/NewsImpact/venv/lib64/python3.10/site-packages/airflow/example_dags/example_kubernetes_executor.py                                                       0           0  0.10s           2025-07-04T07:06:53
/home/tejhanagarajan/Projects/small-projects/NewsImpact/venv/lib64/python3.10/site-packages/airflow/example_dags/example_local_kubernetes_executor.py                                                 0           0  0.10s           2025-07-04T07:06:52
/home/tejhanagarajan/Projects/small-projects/NewsImpact/venv/lib64/python3.10/site-packages/airflow/example_dags/plugins/event_listener.py                                                            0           0  0.10s           2025-07-04T07:07:15
/home/tejhanagarajan/Projects/small-projects/NewsImpact/venv/lib64/python3.10/site-packages/airflow/example_dags/plugins/listener_plugin.py                                                           0           0  0.10s           2025-07-04T07:07:14
/home/tejhanagarajan/Projects/small-projects/NewsImpact/venv/lib64/python3.10/site-packages/airflow/example_dags/plugins/workday.py                                                                   0           0  0.20s           2025-07-04T07:07:13
/home/tejhanagarajan/Projects/small-projects/NewsImpact/venv/lib64/python3.10/site-packages/airflow/example_dags/subdags/subdag.py                                                                    0           0  0.10s           2025-07-04T07:07:12
/home/tejhanagarajan/Projects/small-projects/NewsImpact/airflow/dags/correlate_dag.py                                                                                                                 1           0  0.10s           2025-07-04T07:07:11
/home/tejhanagarajan/Projects/small-projects/NewsImpact/venv/lib64/python3.10/site-packages/airflow/example_dags/example_bash_operator.py                                                             1           0  0.10s           2025-07-04T07:07:10
/home/tejhanagarajan/Projects/small-projects/NewsImpact/venv/lib64/python3.10/site-packages/airflow/example_dags/example_branch_day_of_week_operator.py                                               1           0  0.10s           2025-07-04T07:07:08
/home/tejhanagarajan/Projects/small-projects/NewsImpact/venv/lib64/python3.10/site-packages/airflow/example_dags/example_branch_labels.py                                                             1           0  0.10s           2025-07-04T07:07:07
/home/tejhanagarajan/Projects/small-projects/NewsImpact/venv/lib64/python3.10/site-packages/airflow/example_dags/example_branch_operator.py                                                           1           0  0.10s           2025-07-04T07:07:06
/home/tejhanagarajan/Projects/small-projects/NewsImpact/venv/lib64/python3.10/site-packages/airflow/example_dags/example_branch_operator_decorator.py                                                 1           0  0.10s           2025-07-04T07:07:05
/home/tejhanagarajan/Projects/small-projects/NewsImpact/venv/lib64/python3.10/site-packages/airflow/example_dags/example_branch_python_dop_operator_3.py                                              1           0  0.10s           2025-07-04T07:07:05
/home/tejhanagarajan/Projects/small-projects/NewsImpact/venv/lib64/python3.10/site-packages/airflow/example_dags/example_complex.py                                                                   1           0  0.10s           2025-07-04T07:07:04
/home/tejhanagarajan/Projects/small-projects/NewsImpact/venv/lib64/python3.10/site-packages/airflow/example_dags/example_dag_decorator.py                                                             1           0  0.20s           2025-07-04T07:07:03
/home/tejhanagarajan/Projects/small-projects/NewsImpact/venv/lib64/python3.10/site-packages/airflow/example_dags/example_dynamic_task_mapping.py                                                      1           0  0.10s           2025-07-04T07:06:55
/home/tejhanagarajan/Projects/small-projects/NewsImpact/venv/lib64/python3.10/site-packages/airflow/example_dags/example_dynamic_task_mapping_with_no_taskflow_operators.py                           1           0  0.10s           2025-07-04T07:06:54
/home/tejhanagarajan/Projects/small-projects/NewsImpact/venv/lib64/python3.10/site-packages/airflow/example_dags/example_latest_only.py                                                               1           0  0.10s           2025-07-04T07:06:52
/home/tejhanagarajan/Projects/small-projects/NewsImpact/venv/lib64/python3.10/site-packages/airflow/example_dags/example_latest_only_with_trigger.py                                                  1           0  0.10s           2025-07-04T07:06:52
/home/tejhanagarajan/Projects/small-projects/NewsImpact/venv/lib64/python3.10/site-packages/airflow/example_dags/example_nested_branch_dag.py                                                         1           0  0.10s           2025-07-04T07:06:50
/home/tejhanagarajan/Projects/small-projects/NewsImpact/venv/lib64/python3.10/site-packages/airflow/example_dags/example_params_trigger_ui.py                                                         1           0  0.10s           2025-07-04T07:06:49
/home/tejhanagarajan/Projects/small-projects/NewsImpact/venv/lib64/python3.10/site-packages/airflow/example_dags/example_params_ui_tutorial.py                                                        1           0  0.10s           2025-07-04T07:06:48
/home/tejhanagarajan/Projects/small-projects/NewsImpact/venv/lib64/python3.10/site-packages/airflow/example_dags/example_passing_params_via_test_command.py                                           1           0  0.10s           2025-07-04T07:06:47
/home/tejhanagarajan/Projects/small-projects/NewsImpact/venv/lib64/python3.10/site-packages/airflow/example_dags/example_python_decorator.py                                                          1           0  0.10s           2025-07-04T07:06:46
/home/tejhanagarajan/Projects/small-projects/NewsImpact/venv/lib64/python3.10/site-packages/airflow/example_dags/example_python_operator.py                                                           1           0  0.10s           2025-07-04T07:07:25
/home/tejhanagarajan/Projects/small-projects/NewsImpact/venv/lib64/python3.10/site-packages/airflow/example_dags/example_sensor_decorator.py                                                          1           0  0.10s           2025-07-04T07:07:24
/home/tejhanagarajan/Projects/small-projects/NewsImpact/venv/lib64/python3.10/site-packages/airflow/example_dags/example_sensors.py                                                                   1           0  0.10s           2025-07-04T07:07:24
/home/tejhanagarajan/Projects/small-projects/NewsImpact/venv/lib64/python3.10/site-packages/airflow/example_dags/example_setup_teardown.py                                                            1           0  0.10s           2025-07-04T07:07:24
/home/tejhanagarajan/Projects/small-projects/NewsImpact/venv/lib64/python3.10/site-packages/airflow/example_dags/example_setup_teardown_taskflow.py                                                   1           0  0.10s           2025-07-04T07:07:23
/home/tejhanagarajan/Projects/small-projects/NewsImpact/venv/lib64/python3.10/site-packages/airflow/example_dags/example_short_circuit_decorator.py                                                   1           0  0.10s           2025-07-04T07:07:21
/home/tejhanagarajan/Projects/small-projects/NewsImpact/venv/lib64/python3.10/site-packages/airflow/example_dags/example_short_circuit_operator.py                                                    1           0  0.10s           2025-07-04T07:07:20
/home/tejhanagarajan/Projects/small-projects/NewsImpact/venv/lib64/python3.10/site-packages/airflow/example_dags/example_skip_dag.py                                                                  1           0  0.11s           2025-07-04T07:07:19
/home/tejhanagarajan/Projects/small-projects/NewsImpact/venv/lib64/python3.10/site-packages/airflow/example_dags/example_sla_dag.py                                                                   1           0  0.10s           2025-07-04T07:07:19
/home/tejhanagarajan/Projects/small-projects/NewsImpact/venv/lib64/python3.10/site-packages/airflow/example_dags/example_task_group.py                                                                1           0  0.10s           2025-07-04T07:07:16
/home/tejhanagarajan/Projects/small-projects/NewsImpact/venv/lib64/python3.10/site-packages/airflow/example_dags/example_task_group_decorator.py                                                      1           0  0.10s           2025-07-04T07:07:15
/home/tejhanagarajan/Projects/small-projects/NewsImpact/venv/lib64/python3.10/site-packages/airflow/example_dags/example_time_delta_sensor_async.py                                                   1           0  0.10s           2025-07-04T07:07:02
/home/tejhanagarajan/Projects/small-projects/NewsImpact/venv/lib64/python3.10/site-packages/airflow/example_dags/example_trigger_controller_dag.py                                                    1           0  0.10s           2025-07-04T07:06:45
/home/tejhanagarajan/Projects/small-projects/NewsImpact/venv/lib64/python3.10/site-packages/airflow/example_dags/example_trigger_target_dag.py                                                        1           0  0.10s           2025-07-04T07:06:44
/home/tejhanagarajan/Projects/small-projects/NewsImpact/venv/lib64/python3.10/site-packages/airflow/example_dags/example_xcom.py                                                                      1           0  0.10s           2025-07-04T07:06:43
/home/tejhanagarajan/Projects/small-projects/NewsImpact/venv/lib64/python3.10/site-packages/airflow/example_dags/tutorial.py                                                                          1           0  0.10s           2025-07-04T07:07:00
/home/tejhanagarajan/Projects/small-projects/NewsImpact/venv/lib64/python3.10/site-packages/airflow/example_dags/tutorial_dag.py                                                                      1           0  0.10s           2025-07-04T07:06:58
/home/tejhanagarajan/Projects/small-projects/NewsImpact/venv/lib64/python3.10/site-packages/airflow/example_dags/tutorial_objectstorage.py                                                            1           0  0.10s           2025-07-04T07:06:58
/home/tejhanagarajan/Projects/small-projects/NewsImpact/venv/lib64/python3.10/site-packages/airflow/example_dags/tutorial_taskflow_api.py                                                             1           0  0.10s           2025-07-04T07:06:57
/home/tejhanagarajan/Projects/small-projects/NewsImpact/venv/lib64/python3.10/site-packages/airflow/example_dags/tutorial_taskflow_api_virtualenv.py                                                  1           0  0.10s           2025-07-04T07:06:56
/home/tejhanagarajan/Projects/small-projects/NewsImpact/venv/lib64/python3.10/site-packages/airflow/example_dags/example_external_task_marker_dag.py                                                  2           0  0.10s           2025-07-04T07:06:53
/home/tejhanagarajan/Projects/small-projects/NewsImpact/venv/lib64/python3.10/site-packages/airflow/example_dags/example_xcomargs.py                                                                  2           0  0.10s           2025-07-04T07:07:01
/home/tejhanagarajan/Projects/small-projects/NewsImpact/venv/lib64/python3.10/site-packages/airflow/example_dags/example_branch_datetime_operator.py                                                  3           0  0.10s           2025-07-04T07:07:09
/home/tejhanagarajan/Projects/small-projects/NewsImpact/venv/lib64/python3.10/site-packages/airflow/example_dags/example_subdag_operator.py                                                           3           0  0.10s           2025-07-04T07:07:17
/home/tejhanagarajan/Projects/small-projects/NewsImpact/venv/lib64/python3.10/site-packages/airflow/example_dags/example_datasets.py                                                                  6           0  0.10s           2025-07-04T07:06:55
================================================================================
[2025-07-04T12:37:52.204+0530] {manager.py:738} INFO - Searching for files in /home/tejhanagarajan/Projects/small-projects/NewsImpact/airflow/dags
[2025-07-04T12:37:52.213+0530] {manager.py:741} INFO - There are 49 files in /home/tejhanagarajan/Projects/small-projects/NewsImpact/airflow/dags
[2025-07-04T12:37:54.274+0530] {manager.py:469} INFO - Processing files using up to 1 processes at a time 
[2025-07-04T12:37:54.274+0530] {manager.py:470} INFO - Process each file at most once every 30 seconds
[2025-07-04T12:37:54.274+0530] {manager.py:471} INFO - Checking for new files in /home/tejhanagarajan/Projects/small-projects/NewsImpact/airflow/dags every 300 seconds
[2025-07-04T12:37:54.275+0530] {manager.py:738} INFO - Searching for files in /home/tejhanagarajan/Projects/small-projects/NewsImpact/airflow/dags
[2025-07-04T12:37:54.283+0530] {manager.py:741} INFO - There are 49 files in /home/tejhanagarajan/Projects/small-projects/NewsImpact/airflow/dags
[2025-07-04T12:37:54.413+0530] {manager.py:879} INFO - 
================================================================================
DAG File Processing Stats

File Path                                                                                                                                                                    PID    Runtime      # DAGs    # Errors  Last Runtime    Last Run
---------------------------------------------------------------------------------------------------------------------------------------------------------------------------  -----  ---------  --------  ----------  --------------  -------------------
/home/tejhanagarajan/Projects/small-projects/NewsImpact/airflow/dags/correlate_dag.py                                                                                                                 0           0
/home/tejhanagarajan/Projects/small-projects/NewsImpact/venv/lib64/python3.10/site-packages/airflow/example_dags/example_bash_operator.py                                                             0           0
/home/tejhanagarajan/Projects/small-projects/NewsImpact/venv/lib64/python3.10/site-packages/airflow/example_dags/example_branch_datetime_operator.py                                                  0           0
/home/tejhanagarajan/Projects/small-projects/NewsImpact/venv/lib64/python3.10/site-packages/airflow/example_dags/example_branch_day_of_week_operator.py                                               0           0
/home/tejhanagarajan/Projects/small-projects/NewsImpact/venv/lib64/python3.10/site-packages/airflow/example_dags/example_branch_labels.py                                                             0           0
/home/tejhanagarajan/Projects/small-projects/NewsImpact/venv/lib64/python3.10/site-packages/airflow/example_dags/example_branch_operator.py                                                           0           0
/home/tejhanagarajan/Projects/small-projects/NewsImpact/venv/lib64/python3.10/site-packages/airflow/example_dags/example_branch_operator_decorator.py                                                 0           0
/home/tejhanagarajan/Projects/small-projects/NewsImpact/venv/lib64/python3.10/site-packages/airflow/example_dags/example_branch_python_dop_operator_3.py                                              0           0
/home/tejhanagarajan/Projects/small-projects/NewsImpact/venv/lib64/python3.10/site-packages/airflow/example_dags/example_complex.py                                                                   0           0
/home/tejhanagarajan/Projects/small-projects/NewsImpact/venv/lib64/python3.10/site-packages/airflow/example_dags/example_dag_decorator.py                                                             0           0
/home/tejhanagarajan/Projects/small-projects/NewsImpact/venv/lib64/python3.10/site-packages/airflow/example_dags/example_datasets.py                                                                  0           0
/home/tejhanagarajan/Projects/small-projects/NewsImpact/venv/lib64/python3.10/site-packages/airflow/example_dags/example_dynamic_task_mapping.py                                                      0           0
/home/tejhanagarajan/Projects/small-projects/NewsImpact/venv/lib64/python3.10/site-packages/airflow/example_dags/example_dynamic_task_mapping_with_no_taskflow_operators.py                           0           0
/home/tejhanagarajan/Projects/small-projects/NewsImpact/venv/lib64/python3.10/site-packages/airflow/example_dags/example_external_task_marker_dag.py                                                  0           0
/home/tejhanagarajan/Projects/small-projects/NewsImpact/venv/lib64/python3.10/site-packages/airflow/example_dags/example_kubernetes_executor.py                                                       0           0
/home/tejhanagarajan/Projects/small-projects/NewsImpact/venv/lib64/python3.10/site-packages/airflow/example_dags/example_latest_only.py                                                               0           0
/home/tejhanagarajan/Projects/small-projects/NewsImpact/venv/lib64/python3.10/site-packages/airflow/example_dags/example_latest_only_with_trigger.py                                                  0           0
/home/tejhanagarajan/Projects/small-projects/NewsImpact/venv/lib64/python3.10/site-packages/airflow/example_dags/example_local_kubernetes_executor.py                                                 0           0
/home/tejhanagarajan/Projects/small-projects/NewsImpact/venv/lib64/python3.10/site-packages/airflow/example_dags/example_nested_branch_dag.py                                                         0           0
/home/tejhanagarajan/Projects/small-projects/NewsImpact/venv/lib64/python3.10/site-packages/airflow/example_dags/example_params_trigger_ui.py                                                         0           0
/home/tejhanagarajan/Projects/small-projects/NewsImpact/venv/lib64/python3.10/site-packages/airflow/example_dags/example_params_ui_tutorial.py                                                        0           0
/home/tejhanagarajan/Projects/small-projects/NewsImpact/venv/lib64/python3.10/site-packages/airflow/example_dags/example_passing_params_via_test_command.py                                           0           0
/home/tejhanagarajan/Projects/small-projects/NewsImpact/venv/lib64/python3.10/site-packages/airflow/example_dags/example_python_decorator.py                                                          0           0
/home/tejhanagarajan/Projects/small-projects/NewsImpact/venv/lib64/python3.10/site-packages/airflow/example_dags/example_python_operator.py                                                           0           0
/home/tejhanagarajan/Projects/small-projects/NewsImpact/venv/lib64/python3.10/site-packages/airflow/example_dags/example_sensor_decorator.py                                                          0           0
/home/tejhanagarajan/Projects/small-projects/NewsImpact/venv/lib64/python3.10/site-packages/airflow/example_dags/example_sensors.py                                                                   0           0
/home/tejhanagarajan/Projects/small-projects/NewsImpact/venv/lib64/python3.10/site-packages/airflow/example_dags/example_setup_teardown.py                                                            0           0
/home/tejhanagarajan/Projects/small-projects/NewsImpact/venv/lib64/python3.10/site-packages/airflow/example_dags/example_setup_teardown_taskflow.py                                                   0           0
/home/tejhanagarajan/Projects/small-projects/NewsImpact/venv/lib64/python3.10/site-packages/airflow/example_dags/example_short_circuit_decorator.py                                                   0           0
/home/tejhanagarajan/Projects/small-projects/NewsImpact/venv/lib64/python3.10/site-packages/airflow/example_dags/example_short_circuit_operator.py                                                    0           0
/home/tejhanagarajan/Projects/small-projects/NewsImpact/venv/lib64/python3.10/site-packages/airflow/example_dags/example_skip_dag.py                                                                  0           0
/home/tejhanagarajan/Projects/small-projects/NewsImpact/venv/lib64/python3.10/site-packages/airflow/example_dags/example_sla_dag.py                                                                   0           0
/home/tejhanagarajan/Projects/small-projects/NewsImpact/venv/lib64/python3.10/site-packages/airflow/example_dags/example_subdag_operator.py                                                           0           0
/home/tejhanagarajan/Projects/small-projects/NewsImpact/venv/lib64/python3.10/site-packages/airflow/example_dags/example_task_group.py                                                                0           0
/home/tejhanagarajan/Projects/small-projects/NewsImpact/venv/lib64/python3.10/site-packages/airflow/example_dags/example_task_group_decorator.py                                                      0           0
/home/tejhanagarajan/Projects/small-projects/NewsImpact/venv/lib64/python3.10/site-packages/airflow/example_dags/example_time_delta_sensor_async.py                                                   0           0
/home/tejhanagarajan/Projects/small-projects/NewsImpact/venv/lib64/python3.10/site-packages/airflow/example_dags/example_trigger_controller_dag.py                                                    0           0
/home/tejhanagarajan/Projects/small-projects/NewsImpact/venv/lib64/python3.10/site-packages/airflow/example_dags/example_trigger_target_dag.py                                                        0           0
/home/tejhanagarajan/Projects/small-projects/NewsImpact/venv/lib64/python3.10/site-packages/airflow/example_dags/example_xcom.py                                                                      0           0
/home/tejhanagarajan/Projects/small-projects/NewsImpact/venv/lib64/python3.10/site-packages/airflow/example_dags/example_xcomargs.py                                                                  0           0
/home/tejhanagarajan/Projects/small-projects/NewsImpact/venv/lib64/python3.10/site-packages/airflow/example_dags/tutorial.py                                                                          0           0
/home/tejhanagarajan/Projects/small-projects/NewsImpact/venv/lib64/python3.10/site-packages/airflow/example_dags/tutorial_dag.py                                                                      0           0
/home/tejhanagarajan/Projects/small-projects/NewsImpact/venv/lib64/python3.10/site-packages/airflow/example_dags/tutorial_objectstorage.py                                                            0           0
/home/tejhanagarajan/Projects/small-projects/NewsImpact/venv/lib64/python3.10/site-packages/airflow/example_dags/tutorial_taskflow_api.py                                                             0           0
/home/tejhanagarajan/Projects/small-projects/NewsImpact/venv/lib64/python3.10/site-packages/airflow/example_dags/tutorial_taskflow_api_virtualenv.py                                                  0           0
/home/tejhanagarajan/Projects/small-projects/NewsImpact/venv/lib64/python3.10/site-packages/airflow/example_dags/plugins/event_listener.py                                                            0           0
/home/tejhanagarajan/Projects/small-projects/NewsImpact/venv/lib64/python3.10/site-packages/airflow/example_dags/plugins/listener_plugin.py                                                           0           0
/home/tejhanagarajan/Projects/small-projects/NewsImpact/venv/lib64/python3.10/site-packages/airflow/example_dags/plugins/workday.py                                                                   0           0
/home/tejhanagarajan/Projects/small-projects/NewsImpact/venv/lib64/python3.10/site-packages/airflow/example_dags/subdags/subdag.py                                                                    0           0  0.10s           2025-07-04T07:07:54
================================================================================
[2025-07-04T12:37:56.272+0530] {manager.py:879} INFO - 
================================================================================
DAG File Processing Stats

File Path                                                                                                                                                                    PID    Runtime      # DAGs    # Errors  Last Runtime    Last Run
---------------------------------------------------------------------------------------------------------------------------------------------------------------------------  -----  ---------  --------  ----------  --------------  -------------------
/home/tejhanagarajan/Projects/small-projects/NewsImpact/venv/lib64/python3.10/site-packages/airflow/example_dags/example_kubernetes_executor.py                                                       0           0  0.10s           2025-07-04T07:07:39
/home/tejhanagarajan/Projects/small-projects/NewsImpact/venv/lib64/python3.10/site-packages/airflow/example_dags/example_local_kubernetes_executor.py                                                 0           0  0.10s           2025-07-04T07:07:35
/home/tejhanagarajan/Projects/small-projects/NewsImpact/venv/lib64/python3.10/site-packages/airflow/example_dags/plugins/event_listener.py                                                            0           0  0.10s           2025-07-04T07:07:15
/home/tejhanagarajan/Projects/small-projects/NewsImpact/venv/lib64/python3.10/site-packages/airflow/example_dags/plugins/listener_plugin.py                                                           0           0  0.10s           2025-07-04T07:07:14
/home/tejhanagarajan/Projects/small-projects/NewsImpact/venv/lib64/python3.10/site-packages/airflow/example_dags/plugins/workday.py                                                                   0           0  0.20s           2025-07-04T07:07:13
/home/tejhanagarajan/Projects/small-projects/NewsImpact/venv/lib64/python3.10/site-packages/airflow/example_dags/subdags/subdag.py                                                                    0           0  0.10s           2025-07-04T07:07:43
/home/tejhanagarajan/Projects/small-projects/NewsImpact/airflow/dags/correlate_dag.py                                                                                                                 1           0  0.10s           2025-07-04T07:07:11
/home/tejhanagarajan/Projects/small-projects/NewsImpact/venv/lib64/python3.10/site-packages/airflow/example_dags/example_bash_operator.py                                                             1           0  0.10s           2025-07-04T07:07:10
/home/tejhanagarajan/Projects/small-projects/NewsImpact/venv/lib64/python3.10/site-packages/airflow/example_dags/example_branch_day_of_week_operator.py                                               1           0  0.10s           2025-07-04T07:07:55
/home/tejhanagarajan/Projects/small-projects/NewsImpact/venv/lib64/python3.10/site-packages/airflow/example_dags/example_branch_labels.py                                                             1           0  0.10s           2025-07-04T07:07:54
/home/tejhanagarajan/Projects/small-projects/NewsImpact/venv/lib64/python3.10/site-packages/airflow/example_dags/example_branch_operator.py                                                           1           0  0.10s           2025-07-04T07:07:53
/home/tejhanagarajan/Projects/small-projects/NewsImpact/venv/lib64/python3.10/site-packages/airflow/example_dags/example_branch_operator_decorator.py                                                 1           0  0.10s           2025-07-04T07:07:52
/home/tejhanagarajan/Projects/small-projects/NewsImpact/venv/lib64/python3.10/site-packages/airflow/example_dags/example_branch_python_dop_operator_3.py                                              1           0  0.10s           2025-07-04T07:07:52
/home/tejhanagarajan/Projects/small-projects/NewsImpact/venv/lib64/python3.10/site-packages/airflow/example_dags/example_complex.py                                                                   1           0  0.10s           2025-07-04T07:07:51
/home/tejhanagarajan/Projects/small-projects/NewsImpact/venv/lib64/python3.10/site-packages/airflow/example_dags/example_dag_decorator.py                                                             1           0  0.20s           2025-07-04T07:07:50
/home/tejhanagarajan/Projects/small-projects/NewsImpact/venv/lib64/python3.10/site-packages/airflow/example_dags/example_dynamic_task_mapping.py                                                      1           0  0.10s           2025-07-04T07:07:41
/home/tejhanagarajan/Projects/small-projects/NewsImpact/venv/lib64/python3.10/site-packages/airflow/example_dags/example_dynamic_task_mapping_with_no_taskflow_operators.py                           1           0  0.10s           2025-07-04T07:07:40
/home/tejhanagarajan/Projects/small-projects/NewsImpact/venv/lib64/python3.10/site-packages/airflow/example_dags/example_latest_only.py                                                               1           0  0.10s           2025-07-04T07:07:38
/home/tejhanagarajan/Projects/small-projects/NewsImpact/venv/lib64/python3.10/site-packages/airflow/example_dags/example_latest_only_with_trigger.py                                                  1           0  0.10s           2025-07-04T07:07:37
/home/tejhanagarajan/Projects/small-projects/NewsImpact/venv/lib64/python3.10/site-packages/airflow/example_dags/example_nested_branch_dag.py                                                         1           0  0.10s           2025-07-04T07:07:35
/home/tejhanagarajan/Projects/small-projects/NewsImpact/venv/lib64/python3.10/site-packages/airflow/example_dags/example_params_trigger_ui.py                                                         1           0  0.10s           2025-07-04T07:07:34
/home/tejhanagarajan/Projects/small-projects/NewsImpact/venv/lib64/python3.10/site-packages/airflow/example_dags/example_params_ui_tutorial.py                                                        1           0  0.10s           2025-07-04T07:07:33
/home/tejhanagarajan/Projects/small-projects/NewsImpact/venv/lib64/python3.10/site-packages/airflow/example_dags/example_passing_params_via_test_command.py                                           1           0  0.10s           2025-07-04T07:07:32
/home/tejhanagarajan/Projects/small-projects/NewsImpact/venv/lib64/python3.10/site-packages/airflow/example_dags/example_python_decorator.py                                                          1           0  0.10s           2025-07-04T07:07:31
/home/tejhanagarajan/Projects/small-projects/NewsImpact/venv/lib64/python3.10/site-packages/airflow/example_dags/example_python_operator.py                                                           1           0  0.10s           2025-07-04T07:07:25
/home/tejhanagarajan/Projects/small-projects/NewsImpact/venv/lib64/python3.10/site-packages/airflow/example_dags/example_sensor_decorator.py                                                          1           0  0.10s           2025-07-04T07:07:24
/home/tejhanagarajan/Projects/small-projects/NewsImpact/venv/lib64/python3.10/site-packages/airflow/example_dags/example_sensors.py                                                                   1           0  0.10s           2025-07-04T07:07:24
/home/tejhanagarajan/Projects/small-projects/NewsImpact/venv/lib64/python3.10/site-packages/airflow/example_dags/example_setup_teardown.py                                                            1           0  0.10s           2025-07-04T07:07:24
/home/tejhanagarajan/Projects/small-projects/NewsImpact/venv/lib64/python3.10/site-packages/airflow/example_dags/example_setup_teardown_taskflow.py                                                   1           0  0.10s           2025-07-04T07:07:23
/home/tejhanagarajan/Projects/small-projects/NewsImpact/venv/lib64/python3.10/site-packages/airflow/example_dags/example_short_circuit_decorator.py                                                   1           0  0.10s           2025-07-04T07:07:21
/home/tejhanagarajan/Projects/small-projects/NewsImpact/venv/lib64/python3.10/site-packages/airflow/example_dags/example_short_circuit_operator.py                                                    1           0  0.10s           2025-07-04T07:07:20
/home/tejhanagarajan/Projects/small-projects/NewsImpact/venv/lib64/python3.10/site-packages/airflow/example_dags/example_skip_dag.py                                                                  1           0  0.11s           2025-07-04T07:07:19
/home/tejhanagarajan/Projects/small-projects/NewsImpact/venv/lib64/python3.10/site-packages/airflow/example_dags/example_sla_dag.py                                                                   1           0  0.10s           2025-07-04T07:07:19
/home/tejhanagarajan/Projects/small-projects/NewsImpact/venv/lib64/python3.10/site-packages/airflow/example_dags/example_task_group.py                                                                1           0  0.10s           2025-07-04T07:07:16
/home/tejhanagarajan/Projects/small-projects/NewsImpact/venv/lib64/python3.10/site-packages/airflow/example_dags/example_task_group_decorator.py                                                      1           0  0.10s           2025-07-04T07:07:15
/home/tejhanagarajan/Projects/small-projects/NewsImpact/venv/lib64/python3.10/site-packages/airflow/example_dags/example_time_delta_sensor_async.py                                                   1           0  0.10s           2025-07-04T07:07:49
/home/tejhanagarajan/Projects/small-projects/NewsImpact/venv/lib64/python3.10/site-packages/airflow/example_dags/example_trigger_controller_dag.py                                                    1           0  0.10s           2025-07-04T07:07:29
/home/tejhanagarajan/Projects/small-projects/NewsImpact/venv/lib64/python3.10/site-packages/airflow/example_dags/example_trigger_target_dag.py                                                        1           0  0.10s           2025-07-04T07:07:29
/home/tejhanagarajan/Projects/small-projects/NewsImpact/venv/lib64/python3.10/site-packages/airflow/example_dags/example_xcom.py                                                                      1           0  0.10s           2025-07-04T07:07:28
/home/tejhanagarajan/Projects/small-projects/NewsImpact/venv/lib64/python3.10/site-packages/airflow/example_dags/tutorial.py                                                                          1           0  0.10s           2025-07-04T07:07:47
/home/tejhanagarajan/Projects/small-projects/NewsImpact/venv/lib64/python3.10/site-packages/airflow/example_dags/tutorial_dag.py                                                                      1           0  0.10s           2025-07-04T07:07:46
/home/tejhanagarajan/Projects/small-projects/NewsImpact/venv/lib64/python3.10/site-packages/airflow/example_dags/tutorial_objectstorage.py                                                            1           0  0.10s           2025-07-04T07:07:45
/home/tejhanagarajan/Projects/small-projects/NewsImpact/venv/lib64/python3.10/site-packages/airflow/example_dags/tutorial_taskflow_api.py                                                             1           0  0.10s           2025-07-04T07:07:44
/home/tejhanagarajan/Projects/small-projects/NewsImpact/venv/lib64/python3.10/site-packages/airflow/example_dags/tutorial_taskflow_api_virtualenv.py                                                  1           0  0.11s           2025-07-04T07:07:26
/home/tejhanagarajan/Projects/small-projects/NewsImpact/venv/lib64/python3.10/site-packages/airflow/example_dags/example_external_task_marker_dag.py                                                  2           0  0.10s           2025-07-04T07:07:39
/home/tejhanagarajan/Projects/small-projects/NewsImpact/venv/lib64/python3.10/site-packages/airflow/example_dags/example_xcomargs.py                                                                  2           0  0.10s           2025-07-04T07:07:48
/home/tejhanagarajan/Projects/small-projects/NewsImpact/venv/lib64/python3.10/site-packages/airflow/example_dags/example_branch_datetime_operator.py                                                  3           0  0.10s           2025-07-04T07:07:56
/home/tejhanagarajan/Projects/small-projects/NewsImpact/venv/lib64/python3.10/site-packages/airflow/example_dags/example_subdag_operator.py                                                           3           0  0.10s           2025-07-04T07:07:17
/home/tejhanagarajan/Projects/small-projects/NewsImpact/venv/lib64/python3.10/site-packages/airflow/example_dags/example_datasets.py                                                                  6           0  0.10s           2025-07-04T07:07:42
================================================================================
[2025-07-04T12:38:24.531+0530] {manager.py:879} INFO - 
================================================================================
DAG File Processing Stats

File Path                                                                                                                                                                    PID    Runtime      # DAGs    # Errors  Last Runtime    Last Run
---------------------------------------------------------------------------------------------------------------------------------------------------------------------------  -----  ---------  --------  ----------  --------------  -------------------
/home/tejhanagarajan/Projects/small-projects/NewsImpact/airflow/dags/correlate_dag.py                                                                                                                 0           0
/home/tejhanagarajan/Projects/small-projects/NewsImpact/venv/lib64/python3.10/site-packages/airflow/example_dags/example_bash_operator.py                                                             0           0
/home/tejhanagarajan/Projects/small-projects/NewsImpact/venv/lib64/python3.10/site-packages/airflow/example_dags/example_branch_datetime_operator.py                                                  0           0
/home/tejhanagarajan/Projects/small-projects/NewsImpact/venv/lib64/python3.10/site-packages/airflow/example_dags/example_branch_day_of_week_operator.py                                               0           0
/home/tejhanagarajan/Projects/small-projects/NewsImpact/venv/lib64/python3.10/site-packages/airflow/example_dags/example_branch_labels.py                                                             0           0
/home/tejhanagarajan/Projects/small-projects/NewsImpact/venv/lib64/python3.10/site-packages/airflow/example_dags/example_branch_operator.py                                                           0           0
/home/tejhanagarajan/Projects/small-projects/NewsImpact/venv/lib64/python3.10/site-packages/airflow/example_dags/example_branch_operator_decorator.py                                                 0           0
/home/tejhanagarajan/Projects/small-projects/NewsImpact/venv/lib64/python3.10/site-packages/airflow/example_dags/example_branch_python_dop_operator_3.py                                              0           0
/home/tejhanagarajan/Projects/small-projects/NewsImpact/venv/lib64/python3.10/site-packages/airflow/example_dags/example_complex.py                                                                   0           0
/home/tejhanagarajan/Projects/small-projects/NewsImpact/venv/lib64/python3.10/site-packages/airflow/example_dags/example_dag_decorator.py                                                             0           0
/home/tejhanagarajan/Projects/small-projects/NewsImpact/venv/lib64/python3.10/site-packages/airflow/example_dags/example_datasets.py                                                                  0           0
/home/tejhanagarajan/Projects/small-projects/NewsImpact/venv/lib64/python3.10/site-packages/airflow/example_dags/example_dynamic_task_mapping.py                                                      0           0
/home/tejhanagarajan/Projects/small-projects/NewsImpact/venv/lib64/python3.10/site-packages/airflow/example_dags/example_dynamic_task_mapping_with_no_taskflow_operators.py                           0           0
/home/tejhanagarajan/Projects/small-projects/NewsImpact/venv/lib64/python3.10/site-packages/airflow/example_dags/example_external_task_marker_dag.py                                                  0           0
/home/tejhanagarajan/Projects/small-projects/NewsImpact/venv/lib64/python3.10/site-packages/airflow/example_dags/example_kubernetes_executor.py                                                       0           0
/home/tejhanagarajan/Projects/small-projects/NewsImpact/venv/lib64/python3.10/site-packages/airflow/example_dags/example_latest_only.py                                                               0           0
/home/tejhanagarajan/Projects/small-projects/NewsImpact/venv/lib64/python3.10/site-packages/airflow/example_dags/example_latest_only_with_trigger.py                                                  0           0
/home/tejhanagarajan/Projects/small-projects/NewsImpact/venv/lib64/python3.10/site-packages/airflow/example_dags/example_local_kubernetes_executor.py                                                 0           0  0.11s           2025-07-04T07:08:24
/home/tejhanagarajan/Projects/small-projects/NewsImpact/venv/lib64/python3.10/site-packages/airflow/example_dags/plugins/event_listener.py                                                            0           0  0.10s           2025-07-04T07:07:58
/home/tejhanagarajan/Projects/small-projects/NewsImpact/venv/lib64/python3.10/site-packages/airflow/example_dags/plugins/listener_plugin.py                                                           0           0  0.10s           2025-07-04T07:07:56
/home/tejhanagarajan/Projects/small-projects/NewsImpact/venv/lib64/python3.10/site-packages/airflow/example_dags/plugins/workday.py                                                                   0           0  0.31s           2025-07-04T07:07:55
/home/tejhanagarajan/Projects/small-projects/NewsImpact/venv/lib64/python3.10/site-packages/airflow/example_dags/subdags/subdag.py                                                                    0           0  0.10s           2025-07-04T07:07:54
/home/tejhanagarajan/Projects/small-projects/NewsImpact/venv/lib64/python3.10/site-packages/airflow/example_dags/example_nested_branch_dag.py                                                         1           0  0.10s           2025-07-04T07:08:24
/home/tejhanagarajan/Projects/small-projects/NewsImpact/venv/lib64/python3.10/site-packages/airflow/example_dags/example_params_trigger_ui.py                                                         1           0  0.10s           2025-07-04T07:08:23
/home/tejhanagarajan/Projects/small-projects/NewsImpact/venv/lib64/python3.10/site-packages/airflow/example_dags/example_params_ui_tutorial.py                                                        1           0  0.10s           2025-07-04T07:08:22
/home/tejhanagarajan/Projects/small-projects/NewsImpact/venv/lib64/python3.10/site-packages/airflow/example_dags/example_passing_params_via_test_command.py                                           1           0  0.10s           2025-07-04T07:08:20
/home/tejhanagarajan/Projects/small-projects/NewsImpact/venv/lib64/python3.10/site-packages/airflow/example_dags/example_python_decorator.py                                                          1           0  0.10s           2025-07-04T07:08:19
/home/tejhanagarajan/Projects/small-projects/NewsImpact/venv/lib64/python3.10/site-packages/airflow/example_dags/example_python_operator.py                                                           1           0  0.10s           2025-07-04T07:08:19
/home/tejhanagarajan/Projects/small-projects/NewsImpact/venv/lib64/python3.10/site-packages/airflow/example_dags/example_sensor_decorator.py                                                          1           0  0.10s           2025-07-04T07:08:18
/home/tejhanagarajan/Projects/small-projects/NewsImpact/venv/lib64/python3.10/site-packages/airflow/example_dags/example_sensors.py                                                                   1           0  0.10s           2025-07-04T07:08:16
/home/tejhanagarajan/Projects/small-projects/NewsImpact/venv/lib64/python3.10/site-packages/airflow/example_dags/example_setup_teardown.py                                                            1           0  0.10s           2025-07-04T07:08:15
/home/tejhanagarajan/Projects/small-projects/NewsImpact/venv/lib64/python3.10/site-packages/airflow/example_dags/example_setup_teardown_taskflow.py                                                   1           0  0.10s           2025-07-04T07:08:14
/home/tejhanagarajan/Projects/small-projects/NewsImpact/venv/lib64/python3.10/site-packages/airflow/example_dags/example_short_circuit_decorator.py                                                   1           0  0.10s           2025-07-04T07:08:14
/home/tejhanagarajan/Projects/small-projects/NewsImpact/venv/lib64/python3.10/site-packages/airflow/example_dags/example_short_circuit_operator.py                                                    1           0  0.10s           2025-07-04T07:08:14
/home/tejhanagarajan/Projects/small-projects/NewsImpact/venv/lib64/python3.10/site-packages/airflow/example_dags/example_skip_dag.py                                                                  1           0  0.10s           2025-07-04T07:08:12
/home/tejhanagarajan/Projects/small-projects/NewsImpact/venv/lib64/python3.10/site-packages/airflow/example_dags/example_sla_dag.py                                                                   1           0  0.10s           2025-07-04T07:08:11
/home/tejhanagarajan/Projects/small-projects/NewsImpact/venv/lib64/python3.10/site-packages/airflow/example_dags/example_task_group.py                                                                1           0  0.10s           2025-07-04T07:08:09
/home/tejhanagarajan/Projects/small-projects/NewsImpact/venv/lib64/python3.10/site-packages/airflow/example_dags/example_task_group_decorator.py                                                      1           0  0.10s           2025-07-04T07:08:09
/home/tejhanagarajan/Projects/small-projects/NewsImpact/venv/lib64/python3.10/site-packages/airflow/example_dags/example_time_delta_sensor_async.py                                                   1           0  0.10s           2025-07-04T07:08:08
/home/tejhanagarajan/Projects/small-projects/NewsImpact/venv/lib64/python3.10/site-packages/airflow/example_dags/example_trigger_controller_dag.py                                                    1           0  0.10s           2025-07-04T07:08:07
/home/tejhanagarajan/Projects/small-projects/NewsImpact/venv/lib64/python3.10/site-packages/airflow/example_dags/example_trigger_target_dag.py                                                        1           0  0.10s           2025-07-04T07:08:06
/home/tejhanagarajan/Projects/small-projects/NewsImpact/venv/lib64/python3.10/site-packages/airflow/example_dags/example_xcom.py                                                                      1           0  0.10s           2025-07-04T07:08:05
/home/tejhanagarajan/Projects/small-projects/NewsImpact/venv/lib64/python3.10/site-packages/airflow/example_dags/tutorial.py                                                                          1           0  0.10s           2025-07-04T07:08:03
/home/tejhanagarajan/Projects/small-projects/NewsImpact/venv/lib64/python3.10/site-packages/airflow/example_dags/tutorial_dag.py                                                                      1           0  0.10s           2025-07-04T07:08:02
/home/tejhanagarajan/Projects/small-projects/NewsImpact/venv/lib64/python3.10/site-packages/airflow/example_dags/tutorial_objectstorage.py                                                            1           0  0.10s           2025-07-04T07:08:01
/home/tejhanagarajan/Projects/small-projects/NewsImpact/venv/lib64/python3.10/site-packages/airflow/example_dags/tutorial_taskflow_api.py                                                             1           0  0.10s           2025-07-04T07:08:00
/home/tejhanagarajan/Projects/small-projects/NewsImpact/venv/lib64/python3.10/site-packages/airflow/example_dags/tutorial_taskflow_api_virtualenv.py                                                  1           0  0.20s           2025-07-04T07:07:59
/home/tejhanagarajan/Projects/small-projects/NewsImpact/venv/lib64/python3.10/site-packages/airflow/example_dags/example_xcomargs.py                                                                  2           0  0.10s           2025-07-04T07:08:04
/home/tejhanagarajan/Projects/small-projects/NewsImpact/venv/lib64/python3.10/site-packages/airflow/example_dags/example_subdag_operator.py                                                           3           0  0.10s           2025-07-04T07:08:10
================================================================================
[2025-07-04T12:38:26.684+0530] {manager.py:879} INFO - 
================================================================================
DAG File Processing Stats

File Path                                                                                                                                                                    PID    Runtime      # DAGs    # Errors  Last Runtime    Last Run
---------------------------------------------------------------------------------------------------------------------------------------------------------------------------  -----  ---------  --------  ----------  --------------  -------------------
/home/tejhanagarajan/Projects/small-projects/NewsImpact/venv/lib64/python3.10/site-packages/airflow/example_dags/example_kubernetes_executor.py                                                       0           0  0.10s           2025-07-04T07:07:39
/home/tejhanagarajan/Projects/small-projects/NewsImpact/venv/lib64/python3.10/site-packages/airflow/example_dags/example_local_kubernetes_executor.py                                                 0           0  0.10s           2025-07-04T07:08:26
/home/tejhanagarajan/Projects/small-projects/NewsImpact/venv/lib64/python3.10/site-packages/airflow/example_dags/plugins/event_listener.py                                                            0           0  0.10s           2025-07-04T07:08:02
/home/tejhanagarajan/Projects/small-projects/NewsImpact/venv/lib64/python3.10/site-packages/airflow/example_dags/plugins/listener_plugin.py                                                           0           0  0.10s           2025-07-04T07:08:00
/home/tejhanagarajan/Projects/small-projects/NewsImpact/venv/lib64/python3.10/site-packages/airflow/example_dags/plugins/workday.py                                                                   0           0  0.20s           2025-07-04T07:07:59
/home/tejhanagarajan/Projects/small-projects/NewsImpact/venv/lib64/python3.10/site-packages/airflow/example_dags/subdags/subdag.py                                                                    0           0  0.10s           2025-07-04T07:08:16
/home/tejhanagarajan/Projects/small-projects/NewsImpact/airflow/dags/correlate_dag.py                                                                                                                 1           0  0.10s           2025-07-04T07:07:58
/home/tejhanagarajan/Projects/small-projects/NewsImpact/venv/lib64/python3.10/site-packages/airflow/example_dags/example_bash_operator.py                                                             1           0  0.10s           2025-07-04T07:07:57
/home/tejhanagarajan/Projects/small-projects/NewsImpact/venv/lib64/python3.10/site-packages/airflow/example_dags/example_branch_day_of_week_operator.py                                               1           0  0.10s           2025-07-04T07:07:55
/home/tejhanagarajan/Projects/small-projects/NewsImpact/venv/lib64/python3.10/site-packages/airflow/example_dags/example_branch_labels.py                                                             1           0  0.10s           2025-07-04T07:07:54
/home/tejhanagarajan/Projects/small-projects/NewsImpact/venv/lib64/python3.10/site-packages/airflow/example_dags/example_branch_operator.py                                                           1           0  0.10s           2025-07-04T07:07:53
/home/tejhanagarajan/Projects/small-projects/NewsImpact/venv/lib64/python3.10/site-packages/airflow/example_dags/example_branch_operator_decorator.py                                                 1           0  0.10s           2025-07-04T07:07:52
/home/tejhanagarajan/Projects/small-projects/NewsImpact/venv/lib64/python3.10/site-packages/airflow/example_dags/example_branch_python_dop_operator_3.py                                              1           0  0.10s           2025-07-04T07:07:52
/home/tejhanagarajan/Projects/small-projects/NewsImpact/venv/lib64/python3.10/site-packages/airflow/example_dags/example_complex.py                                                                   1           0  0.10s           2025-07-04T07:07:51
/home/tejhanagarajan/Projects/small-projects/NewsImpact/venv/lib64/python3.10/site-packages/airflow/example_dags/example_dag_decorator.py                                                             1           0  0.20s           2025-07-04T07:07:50
/home/tejhanagarajan/Projects/small-projects/NewsImpact/venv/lib64/python3.10/site-packages/airflow/example_dags/example_dynamic_task_mapping.py                                                      1           0  0.10s           2025-07-04T07:07:41
/home/tejhanagarajan/Projects/small-projects/NewsImpact/venv/lib64/python3.10/site-packages/airflow/example_dags/example_dynamic_task_mapping_with_no_taskflow_operators.py                           1           0  0.10s           2025-07-04T07:07:40
/home/tejhanagarajan/Projects/small-projects/NewsImpact/venv/lib64/python3.10/site-packages/airflow/example_dags/example_latest_only.py                                                               1           0  0.10s           2025-07-04T07:07:38
/home/tejhanagarajan/Projects/small-projects/NewsImpact/venv/lib64/python3.10/site-packages/airflow/example_dags/example_latest_only_with_trigger.py                                                  1           0  0.10s           2025-07-04T07:07:37
/home/tejhanagarajan/Projects/small-projects/NewsImpact/venv/lib64/python3.10/site-packages/airflow/example_dags/example_nested_branch_dag.py                                                         1           0  0.10s           2025-07-04T07:08:26
/home/tejhanagarajan/Projects/small-projects/NewsImpact/venv/lib64/python3.10/site-packages/airflow/example_dags/example_params_trigger_ui.py                                                         1           0  0.10s           2025-07-04T07:08:24
/home/tejhanagarajan/Projects/small-projects/NewsImpact/venv/lib64/python3.10/site-packages/airflow/example_dags/example_params_ui_tutorial.py                                                        1           0  0.10s           2025-07-04T07:08:23
/home/tejhanagarajan/Projects/small-projects/NewsImpact/venv/lib64/python3.10/site-packages/airflow/example_dags/example_passing_params_via_test_command.py                                           1           0  0.10s           2025-07-04T07:08:22
/home/tejhanagarajan/Projects/small-projects/NewsImpact/venv/lib64/python3.10/site-packages/airflow/example_dags/example_python_decorator.py                                                          1           0  0.10s           2025-07-04T07:08:21
/home/tejhanagarajan/Projects/small-projects/NewsImpact/venv/lib64/python3.10/site-packages/airflow/example_dags/example_python_operator.py                                                           1           0  0.10s           2025-07-04T07:08:16
/home/tejhanagarajan/Projects/small-projects/NewsImpact/venv/lib64/python3.10/site-packages/airflow/example_dags/example_sensor_decorator.py                                                          1           0  0.10s           2025-07-04T07:08:15
/home/tejhanagarajan/Projects/small-projects/NewsImpact/venv/lib64/python3.10/site-packages/airflow/example_dags/example_sensors.py                                                                   1           0  0.10s           2025-07-04T07:08:14
/home/tejhanagarajan/Projects/small-projects/NewsImpact/venv/lib64/python3.10/site-packages/airflow/example_dags/example_setup_teardown.py                                                            1           0  0.10s           2025-07-04T07:08:13
/home/tejhanagarajan/Projects/small-projects/NewsImpact/venv/lib64/python3.10/site-packages/airflow/example_dags/example_setup_teardown_taskflow.py                                                   1           0  0.10s           2025-07-04T07:08:12
/home/tejhanagarajan/Projects/small-projects/NewsImpact/venv/lib64/python3.10/site-packages/airflow/example_dags/example_short_circuit_decorator.py                                                   1           0  0.10s           2025-07-04T07:08:11
/home/tejhanagarajan/Projects/small-projects/NewsImpact/venv/lib64/python3.10/site-packages/airflow/example_dags/example_short_circuit_operator.py                                                    1           0  0.10s           2025-07-04T07:08:10
/home/tejhanagarajan/Projects/small-projects/NewsImpact/venv/lib64/python3.10/site-packages/airflow/example_dags/example_skip_dag.py                                                                  1           0  0.10s           2025-07-04T07:08:09
/home/tejhanagarajan/Projects/small-projects/NewsImpact/venv/lib64/python3.10/site-packages/airflow/example_dags/example_sla_dag.py                                                                   1           0  0.10s           2025-07-04T07:08:08
/home/tejhanagarajan/Projects/small-projects/NewsImpact/venv/lib64/python3.10/site-packages/airflow/example_dags/example_task_group.py                                                                1           0  0.10s           2025-07-04T07:08:06
/home/tejhanagarajan/Projects/small-projects/NewsImpact/venv/lib64/python3.10/site-packages/airflow/example_dags/example_task_group_decorator.py                                                      1           0  0.10s           2025-07-04T07:08:06
/home/tejhanagarajan/Projects/small-projects/NewsImpact/venv/lib64/python3.10/site-packages/airflow/example_dags/example_time_delta_sensor_async.py                                                   1           0  0.10s           2025-07-04T07:07:49
/home/tejhanagarajan/Projects/small-projects/NewsImpact/venv/lib64/python3.10/site-packages/airflow/example_dags/example_trigger_controller_dag.py                                                    1           0  0.10s           2025-07-04T07:08:21
/home/tejhanagarajan/Projects/small-projects/NewsImpact/venv/lib64/python3.10/site-packages/airflow/example_dags/example_trigger_target_dag.py                                                        1           0  0.10s           2025-07-04T07:08:05
/home/tejhanagarajan/Projects/small-projects/NewsImpact/venv/lib64/python3.10/site-packages/airflow/example_dags/example_xcom.py                                                                      1           0  0.10s           2025-07-04T07:08:04
/home/tejhanagarajan/Projects/small-projects/NewsImpact/venv/lib64/python3.10/site-packages/airflow/example_dags/tutorial.py                                                                          1           0  0.10s           2025-07-04T07:07:47
/home/tejhanagarajan/Projects/small-projects/NewsImpact/venv/lib64/python3.10/site-packages/airflow/example_dags/tutorial_dag.py                                                                      1           0  0.10s           2025-07-04T07:08:19
/home/tejhanagarajan/Projects/small-projects/NewsImpact/venv/lib64/python3.10/site-packages/airflow/example_dags/tutorial_objectstorage.py                                                            1           0  0.10s           2025-07-04T07:08:18
/home/tejhanagarajan/Projects/small-projects/NewsImpact/venv/lib64/python3.10/site-packages/airflow/example_dags/tutorial_taskflow_api.py                                                             1           0  0.10s           2025-07-04T07:08:17
/home/tejhanagarajan/Projects/small-projects/NewsImpact/venv/lib64/python3.10/site-packages/airflow/example_dags/tutorial_taskflow_api_virtualenv.py                                                  1           0  0.10s           2025-07-04T07:08:03
/home/tejhanagarajan/Projects/small-projects/NewsImpact/venv/lib64/python3.10/site-packages/airflow/example_dags/example_external_task_marker_dag.py                                                  2           0  0.10s           2025-07-04T07:07:39
/home/tejhanagarajan/Projects/small-projects/NewsImpact/venv/lib64/python3.10/site-packages/airflow/example_dags/example_xcomargs.py                                                                  2           0  0.10s           2025-07-04T07:07:48
/home/tejhanagarajan/Projects/small-projects/NewsImpact/venv/lib64/python3.10/site-packages/airflow/example_dags/example_branch_datetime_operator.py                                                  3           0  0.10s           2025-07-04T07:07:56
/home/tejhanagarajan/Projects/small-projects/NewsImpact/venv/lib64/python3.10/site-packages/airflow/example_dags/example_subdag_operator.py                                                           3           0  0.10s           2025-07-04T07:08:07
/home/tejhanagarajan/Projects/small-projects/NewsImpact/venv/lib64/python3.10/site-packages/airflow/example_dags/example_datasets.py                                                                  6           0  0.10s           2025-07-04T07:07:42
================================================================================
[2025-07-04T12:38:54.809+0530] {manager.py:879} INFO - 
================================================================================
DAG File Processing Stats

File Path                                                                                                                                                                    PID    Runtime      # DAGs    # Errors  Last Runtime    Last Run
---------------------------------------------------------------------------------------------------------------------------------------------------------------------------  -----  ---------  --------  ----------  --------------  -------------------
/home/tejhanagarajan/Projects/small-projects/NewsImpact/venv/lib64/python3.10/site-packages/airflow/example_dags/example_kubernetes_executor.py                                                       0           0  0.11s           2025-07-04T07:08:27
/home/tejhanagarajan/Projects/small-projects/NewsImpact/venv/lib64/python3.10/site-packages/airflow/example_dags/example_local_kubernetes_executor.py                                                 0           0  0.11s           2025-07-04T07:08:24
/home/tejhanagarajan/Projects/small-projects/NewsImpact/venv/lib64/python3.10/site-packages/airflow/example_dags/plugins/event_listener.py                                                            0           0  0.10s           2025-07-04T07:08:45
/home/tejhanagarajan/Projects/small-projects/NewsImpact/venv/lib64/python3.10/site-packages/airflow/example_dags/plugins/listener_plugin.py                                                           0           0  0.10s           2025-07-04T07:08:44
/home/tejhanagarajan/Projects/small-projects/NewsImpact/venv/lib64/python3.10/site-packages/airflow/example_dags/plugins/workday.py                                                                   0           0  0.20s           2025-07-04T07:08:43
/home/tejhanagarajan/Projects/small-projects/NewsImpact/venv/lib64/python3.10/site-packages/airflow/example_dags/subdags/subdag.py                                                                    0           0  0.10s           2025-07-04T07:08:42
/home/tejhanagarajan/Projects/small-projects/NewsImpact/airflow/dags/correlate_dag.py                                                                                                                 1           0  0.10s           2025-07-04T07:08:41
/home/tejhanagarajan/Projects/small-projects/NewsImpact/venv/lib64/python3.10/site-packages/airflow/example_dags/example_bash_operator.py                                                             1           0  0.10s           2025-07-04T07:08:40
/home/tejhanagarajan/Projects/small-projects/NewsImpact/venv/lib64/python3.10/site-packages/airflow/example_dags/example_branch_day_of_week_operator.py                                               1           0  0.10s           2025-07-04T07:08:38
/home/tejhanagarajan/Projects/small-projects/NewsImpact/venv/lib64/python3.10/site-packages/airflow/example_dags/example_branch_labels.py                                                             1           0  0.10s           2025-07-04T07:08:37
/home/tejhanagarajan/Projects/small-projects/NewsImpact/venv/lib64/python3.10/site-packages/airflow/example_dags/example_branch_operator.py                                                           1           0  0.10s           2025-07-04T07:08:36
/home/tejhanagarajan/Projects/small-projects/NewsImpact/venv/lib64/python3.10/site-packages/airflow/example_dags/example_branch_operator_decorator.py                                                 1           0  0.20s           2025-07-04T07:08:35
/home/tejhanagarajan/Projects/small-projects/NewsImpact/venv/lib64/python3.10/site-packages/airflow/example_dags/example_branch_python_dop_operator_3.py                                              1           0  0.10s           2025-07-04T07:08:34
/home/tejhanagarajan/Projects/small-projects/NewsImpact/venv/lib64/python3.10/site-packages/airflow/example_dags/example_complex.py                                                                   1           0  0.10s           2025-07-04T07:08:33
/home/tejhanagarajan/Projects/small-projects/NewsImpact/venv/lib64/python3.10/site-packages/airflow/example_dags/example_dag_decorator.py                                                             1           0  0.10s           2025-07-04T07:08:32
/home/tejhanagarajan/Projects/small-projects/NewsImpact/venv/lib64/python3.10/site-packages/airflow/example_dags/example_dynamic_task_mapping.py                                                      1           0  0.10s           2025-07-04T07:08:30
/home/tejhanagarajan/Projects/small-projects/NewsImpact/venv/lib64/python3.10/site-packages/airflow/example_dags/example_dynamic_task_mapping_with_no_taskflow_operators.py                           1           0  0.10s           2025-07-04T07:08:29
/home/tejhanagarajan/Projects/small-projects/NewsImpact/venv/lib64/python3.10/site-packages/airflow/example_dags/example_latest_only.py                                                               1           0  0.10s           2025-07-04T07:08:26
/home/tejhanagarajan/Projects/small-projects/NewsImpact/venv/lib64/python3.10/site-packages/airflow/example_dags/example_latest_only_with_trigger.py                                                  1           0  0.10s           2025-07-04T07:08:24
/home/tejhanagarajan/Projects/small-projects/NewsImpact/venv/lib64/python3.10/site-packages/airflow/example_dags/example_nested_branch_dag.py                                                         1           0  0.10s           2025-07-04T07:08:24
/home/tejhanagarajan/Projects/small-projects/NewsImpact/venv/lib64/python3.10/site-packages/airflow/example_dags/example_params_trigger_ui.py                                                         1           0  0.10s           2025-07-04T07:08:23
/home/tejhanagarajan/Projects/small-projects/NewsImpact/venv/lib64/python3.10/site-packages/airflow/example_dags/example_params_ui_tutorial.py                                                        1           0  0.10s           2025-07-04T07:08:22
/home/tejhanagarajan/Projects/small-projects/NewsImpact/venv/lib64/python3.10/site-packages/airflow/example_dags/example_passing_params_via_test_command.py                                           1           0  0.10s           2025-07-04T07:08:20
/home/tejhanagarajan/Projects/small-projects/NewsImpact/venv/lib64/python3.10/site-packages/airflow/example_dags/example_python_decorator.py                                                          1           0  0.10s           2025-07-04T07:08:19
/home/tejhanagarajan/Projects/small-projects/NewsImpact/venv/lib64/python3.10/site-packages/airflow/example_dags/example_python_operator.py                                                           1           0  0.10s           2025-07-04T07:08:19
/home/tejhanagarajan/Projects/small-projects/NewsImpact/venv/lib64/python3.10/site-packages/airflow/example_dags/example_sensor_decorator.py                                                          1           0  0.10s           2025-07-04T07:08:18
/home/tejhanagarajan/Projects/small-projects/NewsImpact/venv/lib64/python3.10/site-packages/airflow/example_dags/example_sensors.py                                                                   1           0  0.10s           2025-07-04T07:08:16
/home/tejhanagarajan/Projects/small-projects/NewsImpact/venv/lib64/python3.10/site-packages/airflow/example_dags/example_setup_teardown.py                                                            1           0  0.10s           2025-07-04T07:08:15
/home/tejhanagarajan/Projects/small-projects/NewsImpact/venv/lib64/python3.10/site-packages/airflow/example_dags/example_setup_teardown_taskflow.py                                                   1           0  0.10s           2025-07-04T07:08:14
/home/tejhanagarajan/Projects/small-projects/NewsImpact/venv/lib64/python3.10/site-packages/airflow/example_dags/example_short_circuit_decorator.py                                                   1           0  0.10s           2025-07-04T07:08:14
/home/tejhanagarajan/Projects/small-projects/NewsImpact/venv/lib64/python3.10/site-packages/airflow/example_dags/example_short_circuit_operator.py                                                    1           0  0.10s           2025-07-04T07:08:14
/home/tejhanagarajan/Projects/small-projects/NewsImpact/venv/lib64/python3.10/site-packages/airflow/example_dags/example_skip_dag.py                                                                  1           0  0.10s           2025-07-04T07:08:12
/home/tejhanagarajan/Projects/small-projects/NewsImpact/venv/lib64/python3.10/site-packages/airflow/example_dags/example_sla_dag.py                                                                   1           0  0.10s           2025-07-04T07:08:11
/home/tejhanagarajan/Projects/small-projects/NewsImpact/venv/lib64/python3.10/site-packages/airflow/example_dags/example_task_group.py                                                                1           0  0.10s           2025-07-04T07:08:09
/home/tejhanagarajan/Projects/small-projects/NewsImpact/venv/lib64/python3.10/site-packages/airflow/example_dags/example_task_group_decorator.py                                                      1           0  0.10s           2025-07-04T07:08:09
/home/tejhanagarajan/Projects/small-projects/NewsImpact/venv/lib64/python3.10/site-packages/airflow/example_dags/example_time_delta_sensor_async.py                                                   1           0  0.10s           2025-07-04T07:08:54
/home/tejhanagarajan/Projects/small-projects/NewsImpact/venv/lib64/python3.10/site-packages/airflow/example_dags/example_trigger_controller_dag.py                                                    1           0  0.10s           2025-07-04T07:08:54
/home/tejhanagarajan/Projects/small-projects/NewsImpact/venv/lib64/python3.10/site-packages/airflow/example_dags/example_trigger_target_dag.py                                                        1           0  0.10s           2025-07-04T07:08:54
/home/tejhanagarajan/Projects/small-projects/NewsImpact/venv/lib64/python3.10/site-packages/airflow/example_dags/example_xcom.py                                                                      1           0  0.10s           2025-07-04T07:08:53
/home/tejhanagarajan/Projects/small-projects/NewsImpact/venv/lib64/python3.10/site-packages/airflow/example_dags/tutorial.py                                                                          1           0  0.10s           2025-07-04T07:08:50
/home/tejhanagarajan/Projects/small-projects/NewsImpact/venv/lib64/python3.10/site-packages/airflow/example_dags/tutorial_dag.py                                                                      1           0  0.10s           2025-07-04T07:08:50
/home/tejhanagarajan/Projects/small-projects/NewsImpact/venv/lib64/python3.10/site-packages/airflow/example_dags/tutorial_objectstorage.py                                                            1           0  0.10s           2025-07-04T07:08:49
/home/tejhanagarajan/Projects/small-projects/NewsImpact/venv/lib64/python3.10/site-packages/airflow/example_dags/tutorial_taskflow_api.py                                                             1           0  0.10s           2025-07-04T07:08:47
/home/tejhanagarajan/Projects/small-projects/NewsImpact/venv/lib64/python3.10/site-packages/airflow/example_dags/tutorial_taskflow_api_virtualenv.py                                                  1           0  0.10s           2025-07-04T07:08:46
/home/tejhanagarajan/Projects/small-projects/NewsImpact/venv/lib64/python3.10/site-packages/airflow/example_dags/example_external_task_marker_dag.py                                                  2           0  0.10s           2025-07-04T07:08:28
/home/tejhanagarajan/Projects/small-projects/NewsImpact/venv/lib64/python3.10/site-packages/airflow/example_dags/example_xcomargs.py                                                                  2           0  0.10s           2025-07-04T07:08:51
/home/tejhanagarajan/Projects/small-projects/NewsImpact/venv/lib64/python3.10/site-packages/airflow/example_dags/example_branch_datetime_operator.py                                                  3           0  0.10s           2025-07-04T07:08:39
/home/tejhanagarajan/Projects/small-projects/NewsImpact/venv/lib64/python3.10/site-packages/airflow/example_dags/example_subdag_operator.py                                                           3           0  0.10s           2025-07-04T07:08:10
/home/tejhanagarajan/Projects/small-projects/NewsImpact/venv/lib64/python3.10/site-packages/airflow/example_dags/example_datasets.py                                                                  6           0  0.10s           2025-07-04T07:08:31
================================================================================
[2025-07-04T12:38:57.096+0530] {manager.py:879} INFO - 
================================================================================
DAG File Processing Stats

File Path                                                                                                                                                                    PID    Runtime      # DAGs    # Errors  Last Runtime    Last Run
---------------------------------------------------------------------------------------------------------------------------------------------------------------------------  -----  ---------  --------  ----------  --------------  -------------------
/home/tejhanagarajan/Projects/small-projects/NewsImpact/venv/lib64/python3.10/site-packages/airflow/example_dags/example_kubernetes_executor.py                                                       0           0  0.10s           2025-07-04T07:08:30
/home/tejhanagarajan/Projects/small-projects/NewsImpact/venv/lib64/python3.10/site-packages/airflow/example_dags/example_local_kubernetes_executor.py                                                 0           0  0.10s           2025-07-04T07:08:26
/home/tejhanagarajan/Projects/small-projects/NewsImpact/venv/lib64/python3.10/site-packages/airflow/example_dags/plugins/event_listener.py                                                            0           0  0.10s           2025-07-04T07:08:36
/home/tejhanagarajan/Projects/small-projects/NewsImpact/venv/lib64/python3.10/site-packages/airflow/example_dags/plugins/listener_plugin.py                                                           0           0  0.10s           2025-07-04T07:08:36
/home/tejhanagarajan/Projects/small-projects/NewsImpact/venv/lib64/python3.10/site-packages/airflow/example_dags/plugins/workday.py                                                                   0           0  0.30s           2025-07-04T07:08:35
/home/tejhanagarajan/Projects/small-projects/NewsImpact/venv/lib64/python3.10/site-packages/airflow/example_dags/subdags/subdag.py                                                                    0           0  0.10s           2025-07-04T07:08:51
/home/tejhanagarajan/Projects/small-projects/NewsImpact/airflow/dags/correlate_dag.py                                                                                                                 1           0  0.10s           2025-07-04T07:08:50
/home/tejhanagarajan/Projects/small-projects/NewsImpact/venv/lib64/python3.10/site-packages/airflow/example_dags/example_bash_operator.py                                                             1           0  0.10s           2025-07-04T07:08:49
/home/tejhanagarajan/Projects/small-projects/NewsImpact/venv/lib64/python3.10/site-packages/airflow/example_dags/example_branch_day_of_week_operator.py                                               1           0  0.10s           2025-07-04T07:08:47
/home/tejhanagarajan/Projects/small-projects/NewsImpact/venv/lib64/python3.10/site-packages/airflow/example_dags/example_branch_labels.py                                                             1           0  0.10s           2025-07-04T07:08:46
/home/tejhanagarajan/Projects/small-projects/NewsImpact/venv/lib64/python3.10/site-packages/airflow/example_dags/example_branch_operator.py                                                           1           0  0.10s           2025-07-04T07:08:46
/home/tejhanagarajan/Projects/small-projects/NewsImpact/venv/lib64/python3.10/site-packages/airflow/example_dags/example_branch_operator_decorator.py                                                 1           0  0.10s           2025-07-04T07:08:45
/home/tejhanagarajan/Projects/small-projects/NewsImpact/venv/lib64/python3.10/site-packages/airflow/example_dags/example_branch_python_dop_operator_3.py                                              1           0  0.10s           2025-07-04T07:08:44
/home/tejhanagarajan/Projects/small-projects/NewsImpact/venv/lib64/python3.10/site-packages/airflow/example_dags/example_complex.py                                                                   1           0  0.10s           2025-07-04T07:08:43
/home/tejhanagarajan/Projects/small-projects/NewsImpact/venv/lib64/python3.10/site-packages/airflow/example_dags/example_dag_decorator.py                                                             1           0  0.10s           2025-07-04T07:08:42
/home/tejhanagarajan/Projects/small-projects/NewsImpact/venv/lib64/python3.10/site-packages/airflow/example_dags/example_dynamic_task_mapping.py                                                      1           0  0.10s           2025-07-04T07:08:32
/home/tejhanagarajan/Projects/small-projects/NewsImpact/venv/lib64/python3.10/site-packages/airflow/example_dags/example_dynamic_task_mapping_with_no_taskflow_operators.py                           1           0  0.10s           2025-07-04T07:08:31
/home/tejhanagarajan/Projects/small-projects/NewsImpact/venv/lib64/python3.10/site-packages/airflow/example_dags/example_latest_only.py                                                               1           0  0.10s           2025-07-04T07:08:28
/home/tejhanagarajan/Projects/small-projects/NewsImpact/venv/lib64/python3.10/site-packages/airflow/example_dags/example_latest_only_with_trigger.py                                                  1           0  0.10s           2025-07-04T07:08:27
/home/tejhanagarajan/Projects/small-projects/NewsImpact/venv/lib64/python3.10/site-packages/airflow/example_dags/example_nested_branch_dag.py                                                         1           0  0.10s           2025-07-04T07:08:26
/home/tejhanagarajan/Projects/small-projects/NewsImpact/venv/lib64/python3.10/site-packages/airflow/example_dags/example_params_trigger_ui.py                                                         1           0  0.10s           2025-07-04T07:08:24
/home/tejhanagarajan/Projects/small-projects/NewsImpact/venv/lib64/python3.10/site-packages/airflow/example_dags/example_params_ui_tutorial.py                                                        1           0  0.10s           2025-07-04T07:08:23
/home/tejhanagarajan/Projects/small-projects/NewsImpact/venv/lib64/python3.10/site-packages/airflow/example_dags/example_passing_params_via_test_command.py                                           1           0  0.10s           2025-07-04T07:08:22
/home/tejhanagarajan/Projects/small-projects/NewsImpact/venv/lib64/python3.10/site-packages/airflow/example_dags/example_python_decorator.py                                                          1           0  0.10s           2025-07-04T07:08:21
/home/tejhanagarajan/Projects/small-projects/NewsImpact/venv/lib64/python3.10/site-packages/airflow/example_dags/example_python_operator.py                                                           1           0  0.10s           2025-07-04T07:08:16
/home/tejhanagarajan/Projects/small-projects/NewsImpact/venv/lib64/python3.10/site-packages/airflow/example_dags/example_sensor_decorator.py                                                          1           0  0.10s           2025-07-04T07:08:15
/home/tejhanagarajan/Projects/small-projects/NewsImpact/venv/lib64/python3.10/site-packages/airflow/example_dags/example_sensors.py                                                                   1           0  0.10s           2025-07-04T07:08:14
/home/tejhanagarajan/Projects/small-projects/NewsImpact/venv/lib64/python3.10/site-packages/airflow/example_dags/example_setup_teardown.py                                                            1           0  0.10s           2025-07-04T07:08:13
/home/tejhanagarajan/Projects/small-projects/NewsImpact/venv/lib64/python3.10/site-packages/airflow/example_dags/example_setup_teardown_taskflow.py                                                   1           0  0.10s           2025-07-04T07:08:12
/home/tejhanagarajan/Projects/small-projects/NewsImpact/venv/lib64/python3.10/site-packages/airflow/example_dags/example_short_circuit_decorator.py                                                   1           0  0.10s           2025-07-04T07:08:11
/home/tejhanagarajan/Projects/small-projects/NewsImpact/venv/lib64/python3.10/site-packages/airflow/example_dags/example_short_circuit_operator.py                                                    1           0  0.10s           2025-07-04T07:08:10
/home/tejhanagarajan/Projects/small-projects/NewsImpact/venv/lib64/python3.10/site-packages/airflow/example_dags/example_skip_dag.py                                                                  1           0  0.10s           2025-07-04T07:08:09
/home/tejhanagarajan/Projects/small-projects/NewsImpact/venv/lib64/python3.10/site-packages/airflow/example_dags/example_sla_dag.py                                                                   1           0  0.10s           2025-07-04T07:08:08
/home/tejhanagarajan/Projects/small-projects/NewsImpact/venv/lib64/python3.10/site-packages/airflow/example_dags/example_task_group.py                                                                1           0  0.10s           2025-07-04T07:08:57
/home/tejhanagarajan/Projects/small-projects/NewsImpact/venv/lib64/python3.10/site-packages/airflow/example_dags/example_task_group_decorator.py                                                      1           0  0.10s           2025-07-04T07:08:56
/home/tejhanagarajan/Projects/small-projects/NewsImpact/venv/lib64/python3.10/site-packages/airflow/example_dags/example_time_delta_sensor_async.py                                                   1           0  0.10s           2025-07-04T07:08:41
/home/tejhanagarajan/Projects/small-projects/NewsImpact/venv/lib64/python3.10/site-packages/airflow/example_dags/example_trigger_controller_dag.py                                                    1           0  0.10s           2025-07-04T07:08:55
/home/tejhanagarajan/Projects/small-projects/NewsImpact/venv/lib64/python3.10/site-packages/airflow/example_dags/example_trigger_target_dag.py                                                        1           0  0.10s           2025-07-04T07:08:54
/home/tejhanagarajan/Projects/small-projects/NewsImpact/venv/lib64/python3.10/site-packages/airflow/example_dags/example_xcom.py                                                                      1           0  0.10s           2025-07-04T07:08:40
/home/tejhanagarajan/Projects/small-projects/NewsImpact/venv/lib64/python3.10/site-packages/airflow/example_dags/tutorial.py                                                                          1           0  0.10s           2025-07-04T07:08:38
/home/tejhanagarajan/Projects/small-projects/NewsImpact/venv/lib64/python3.10/site-packages/airflow/example_dags/tutorial_dag.py                                                                      1           0  0.10s           2025-07-04T07:08:52
/home/tejhanagarajan/Projects/small-projects/NewsImpact/venv/lib64/python3.10/site-packages/airflow/example_dags/tutorial_objectstorage.py                                                            1           0  0.10s           2025-07-04T07:08:52
/home/tejhanagarajan/Projects/small-projects/NewsImpact/venv/lib64/python3.10/site-packages/airflow/example_dags/tutorial_taskflow_api.py                                                             1           0  0.10s           2025-07-04T07:08:52
/home/tejhanagarajan/Projects/small-projects/NewsImpact/venv/lib64/python3.10/site-packages/airflow/example_dags/tutorial_taskflow_api_virtualenv.py                                                  1           0  0.10s           2025-07-04T07:08:36
/home/tejhanagarajan/Projects/small-projects/NewsImpact/venv/lib64/python3.10/site-packages/airflow/example_dags/example_external_task_marker_dag.py                                                  2           0  0.10s           2025-07-04T07:08:31
/home/tejhanagarajan/Projects/small-projects/NewsImpact/venv/lib64/python3.10/site-packages/airflow/example_dags/example_xcomargs.py                                                                  2           0  0.10s           2025-07-04T07:08:39
/home/tejhanagarajan/Projects/small-projects/NewsImpact/venv/lib64/python3.10/site-packages/airflow/example_dags/example_branch_datetime_operator.py                                                  3           0  0.10s           2025-07-04T07:08:48
/home/tejhanagarajan/Projects/small-projects/NewsImpact/venv/lib64/python3.10/site-packages/airflow/example_dags/example_subdag_operator.py                                                           3           0  0.10s           2025-07-04T07:08:07
/home/tejhanagarajan/Projects/small-projects/NewsImpact/venv/lib64/python3.10/site-packages/airflow/example_dags/example_datasets.py                                                                  6           0  0.11s           2025-07-04T07:08:34
================================================================================
[2025-07-04T12:39:25.084+0530] {manager.py:879} INFO - 
================================================================================
DAG File Processing Stats

File Path                                                                                                                                                                    PID    Runtime      # DAGs    # Errors  Last Runtime    Last Run
---------------------------------------------------------------------------------------------------------------------------------------------------------------------------  -----  ---------  --------  ----------  --------------  -------------------
/home/tejhanagarajan/Projects/small-projects/NewsImpact/venv/lib64/python3.10/site-packages/airflow/example_dags/example_kubernetes_executor.py                                                       0           0  0.10s           2025-07-04T07:09:14
/home/tejhanagarajan/Projects/small-projects/NewsImpact/venv/lib64/python3.10/site-packages/airflow/example_dags/example_local_kubernetes_executor.py                                                 0           0  0.10s           2025-07-04T07:09:11
/home/tejhanagarajan/Projects/small-projects/NewsImpact/venv/lib64/python3.10/site-packages/airflow/example_dags/plugins/event_listener.py                                                            0           0  0.10s           2025-07-04T07:09:21
/home/tejhanagarajan/Projects/small-projects/NewsImpact/venv/lib64/python3.10/site-packages/airflow/example_dags/plugins/listener_plugin.py                                                           0           0  0.10s           2025-07-04T07:09:20
/home/tejhanagarajan/Projects/small-projects/NewsImpact/venv/lib64/python3.10/site-packages/airflow/example_dags/plugins/workday.py                                                                   0           0  0.20s           2025-07-04T07:09:18
/home/tejhanagarajan/Projects/small-projects/NewsImpact/venv/lib64/python3.10/site-packages/airflow/example_dags/subdags/subdag.py                                                                    0           0  0.10s           2025-07-04T07:09:17
/home/tejhanagarajan/Projects/small-projects/NewsImpact/airflow/dags/correlate_dag.py                                                                                                                 1           0  0.10s           2025-07-04T07:08:41
/home/tejhanagarajan/Projects/small-projects/NewsImpact/venv/lib64/python3.10/site-packages/airflow/example_dags/example_bash_operator.py                                                             1           0  0.10s           2025-07-04T07:08:40
/home/tejhanagarajan/Projects/small-projects/NewsImpact/venv/lib64/python3.10/site-packages/airflow/example_dags/example_branch_day_of_week_operator.py                                               1           0  0.10s           2025-07-04T07:08:38
/home/tejhanagarajan/Projects/small-projects/NewsImpact/venv/lib64/python3.10/site-packages/airflow/example_dags/example_branch_labels.py                                                             1           0  0.10s           2025-07-04T07:08:37
/home/tejhanagarajan/Projects/small-projects/NewsImpact/venv/lib64/python3.10/site-packages/airflow/example_dags/example_branch_operator.py                                                           1           0  0.10s           2025-07-04T07:08:36
/home/tejhanagarajan/Projects/small-projects/NewsImpact/venv/lib64/python3.10/site-packages/airflow/example_dags/example_branch_operator_decorator.py                                                 1           0  0.20s           2025-07-04T07:08:35
/home/tejhanagarajan/Projects/small-projects/NewsImpact/venv/lib64/python3.10/site-packages/airflow/example_dags/example_branch_python_dop_operator_3.py                                              1           0  0.10s           2025-07-04T07:08:34
/home/tejhanagarajan/Projects/small-projects/NewsImpact/venv/lib64/python3.10/site-packages/airflow/example_dags/example_complex.py                                                                   1           0  0.10s           2025-07-04T07:09:25
/home/tejhanagarajan/Projects/small-projects/NewsImpact/venv/lib64/python3.10/site-packages/airflow/example_dags/example_dag_decorator.py                                                             1           0  0.20s           2025-07-04T07:09:24
/home/tejhanagarajan/Projects/small-projects/NewsImpact/venv/lib64/python3.10/site-packages/airflow/example_dags/example_dynamic_task_mapping.py                                                      1           0  0.10s           2025-07-04T07:09:16
/home/tejhanagarajan/Projects/small-projects/NewsImpact/venv/lib64/python3.10/site-packages/airflow/example_dags/example_dynamic_task_mapping_with_no_taskflow_operators.py                           1           0  0.10s           2025-07-04T07:09:16
/home/tejhanagarajan/Projects/small-projects/NewsImpact/venv/lib64/python3.10/site-packages/airflow/example_dags/example_latest_only.py                                                               1           0  0.10s           2025-07-04T07:09:13
/home/tejhanagarajan/Projects/small-projects/NewsImpact/venv/lib64/python3.10/site-packages/airflow/example_dags/example_latest_only_with_trigger.py                                                  1           0  0.10s           2025-07-04T07:09:12
/home/tejhanagarajan/Projects/small-projects/NewsImpact/venv/lib64/python3.10/site-packages/airflow/example_dags/example_nested_branch_dag.py                                                         1           0  0.10s           2025-07-04T07:09:11
/home/tejhanagarajan/Projects/small-projects/NewsImpact/venv/lib64/python3.10/site-packages/airflow/example_dags/example_params_trigger_ui.py                                                         1           0  0.10s           2025-07-04T07:09:09
/home/tejhanagarajan/Projects/small-projects/NewsImpact/venv/lib64/python3.10/site-packages/airflow/example_dags/example_params_ui_tutorial.py                                                        1           0  0.10s           2025-07-04T07:09:09
/home/tejhanagarajan/Projects/small-projects/NewsImpact/venv/lib64/python3.10/site-packages/airflow/example_dags/example_passing_params_via_test_command.py                                           1           0  0.10s           2025-07-04T07:09:08
/home/tejhanagarajan/Projects/small-projects/NewsImpact/venv/lib64/python3.10/site-packages/airflow/example_dags/example_python_decorator.py                                                          1           0  0.10s           2025-07-04T07:09:07
/home/tejhanagarajan/Projects/small-projects/NewsImpact/venv/lib64/python3.10/site-packages/airflow/example_dags/example_python_operator.py                                                           1           0  0.10s           2025-07-04T07:09:06
/home/tejhanagarajan/Projects/small-projects/NewsImpact/venv/lib64/python3.10/site-packages/airflow/example_dags/example_sensor_decorator.py                                                          1           0  0.10s           2025-07-04T07:09:06
/home/tejhanagarajan/Projects/small-projects/NewsImpact/venv/lib64/python3.10/site-packages/airflow/example_dags/example_sensors.py                                                                   1           0  0.10s           2025-07-04T07:09:04
/home/tejhanagarajan/Projects/small-projects/NewsImpact/venv/lib64/python3.10/site-packages/airflow/example_dags/example_setup_teardown.py                                                            1           0  0.10s           2025-07-04T07:09:04
/home/tejhanagarajan/Projects/small-projects/NewsImpact/venv/lib64/python3.10/site-packages/airflow/example_dags/example_setup_teardown_taskflow.py                                                   1           0  0.10s           2025-07-04T07:09:03
/home/tejhanagarajan/Projects/small-projects/NewsImpact/venv/lib64/python3.10/site-packages/airflow/example_dags/example_short_circuit_decorator.py                                                   1           0  0.10s           2025-07-04T07:09:02
/home/tejhanagarajan/Projects/small-projects/NewsImpact/venv/lib64/python3.10/site-packages/airflow/example_dags/example_short_circuit_operator.py                                                    1           0  0.10s           2025-07-04T07:09:01
/home/tejhanagarajan/Projects/small-projects/NewsImpact/venv/lib64/python3.10/site-packages/airflow/example_dags/example_skip_dag.py                                                                  1           0  0.10s           2025-07-04T07:09:00
/home/tejhanagarajan/Projects/small-projects/NewsImpact/venv/lib64/python3.10/site-packages/airflow/example_dags/example_sla_dag.py                                                                   1           0  0.10s           2025-07-04T07:08:59
/home/tejhanagarajan/Projects/small-projects/NewsImpact/venv/lib64/python3.10/site-packages/airflow/example_dags/example_task_group.py                                                                1           0  0.10s           2025-07-04T07:08:57
/home/tejhanagarajan/Projects/small-projects/NewsImpact/venv/lib64/python3.10/site-packages/airflow/example_dags/example_task_group_decorator.py                                                      1           0  0.10s           2025-07-04T07:08:55
/home/tejhanagarajan/Projects/small-projects/NewsImpact/venv/lib64/python3.10/site-packages/airflow/example_dags/example_time_delta_sensor_async.py                                                   1           0  0.10s           2025-07-04T07:08:54
/home/tejhanagarajan/Projects/small-projects/NewsImpact/venv/lib64/python3.10/site-packages/airflow/example_dags/example_trigger_controller_dag.py                                                    1           0  0.10s           2025-07-04T07:08:54
/home/tejhanagarajan/Projects/small-projects/NewsImpact/venv/lib64/python3.10/site-packages/airflow/example_dags/example_trigger_target_dag.py                                                        1           0  0.10s           2025-07-04T07:08:54
/home/tejhanagarajan/Projects/small-projects/NewsImpact/venv/lib64/python3.10/site-packages/airflow/example_dags/example_xcom.py                                                                      1           0  0.10s           2025-07-04T07:08:53
/home/tejhanagarajan/Projects/small-projects/NewsImpact/venv/lib64/python3.10/site-packages/airflow/example_dags/tutorial.py                                                                          1           0  0.10s           2025-07-04T07:08:50
/home/tejhanagarajan/Projects/small-projects/NewsImpact/venv/lib64/python3.10/site-packages/airflow/example_dags/tutorial_dag.py                                                                      1           0  0.10s           2025-07-04T07:08:50
/home/tejhanagarajan/Projects/small-projects/NewsImpact/venv/lib64/python3.10/site-packages/airflow/example_dags/tutorial_objectstorage.py                                                            1           0  0.10s           2025-07-04T07:08:49
/home/tejhanagarajan/Projects/small-projects/NewsImpact/venv/lib64/python3.10/site-packages/airflow/example_dags/tutorial_taskflow_api.py                                                             1           0  0.10s           2025-07-04T07:08:47
/home/tejhanagarajan/Projects/small-projects/NewsImpact/venv/lib64/python3.10/site-packages/airflow/example_dags/tutorial_taskflow_api_virtualenv.py                                                  1           0  0.10s           2025-07-04T07:09:21
/home/tejhanagarajan/Projects/small-projects/NewsImpact/venv/lib64/python3.10/site-packages/airflow/example_dags/example_external_task_marker_dag.py                                                  2           0  0.10s           2025-07-04T07:09:15
/home/tejhanagarajan/Projects/small-projects/NewsImpact/venv/lib64/python3.10/site-packages/airflow/example_dags/example_xcomargs.py                                                                  2           0  0.10s           2025-07-04T07:08:51
/home/tejhanagarajan/Projects/small-projects/NewsImpact/venv/lib64/python3.10/site-packages/airflow/example_dags/example_branch_datetime_operator.py                                                  3           0  0.10s           2025-07-04T07:08:39
/home/tejhanagarajan/Projects/small-projects/NewsImpact/venv/lib64/python3.10/site-packages/airflow/example_dags/example_subdag_operator.py                                                           3           0  0.10s           2025-07-04T07:08:58
/home/tejhanagarajan/Projects/small-projects/NewsImpact/venv/lib64/python3.10/site-packages/airflow/example_dags/example_datasets.py                                                                  6           0  0.10s           2025-07-04T07:09:22
================================================================================
[2025-07-04T12:39:27.495+0530] {manager.py:879} INFO - 
================================================================================
DAG File Processing Stats

File Path                                                                                                                                                                    PID    Runtime      # DAGs    # Errors  Last Runtime    Last Run
---------------------------------------------------------------------------------------------------------------------------------------------------------------------------  -----  ---------  --------  ----------  --------------  -------------------
/home/tejhanagarajan/Projects/small-projects/NewsImpact/venv/lib64/python3.10/site-packages/airflow/example_dags/example_kubernetes_executor.py                                                       0           0  0.10s           2025-07-04T07:09:21
/home/tejhanagarajan/Projects/small-projects/NewsImpact/venv/lib64/python3.10/site-packages/airflow/example_dags/example_local_kubernetes_executor.py                                                 0           0  0.10s           2025-07-04T07:09:18
/home/tejhanagarajan/Projects/small-projects/NewsImpact/venv/lib64/python3.10/site-packages/airflow/example_dags/plugins/event_listener.py                                                            0           0  0.10s           2025-07-04T07:09:11
/home/tejhanagarajan/Projects/small-projects/NewsImpact/venv/lib64/python3.10/site-packages/airflow/example_dags/plugins/listener_plugin.py                                                           0           0  0.10s           2025-07-04T07:09:10
/home/tejhanagarajan/Projects/small-projects/NewsImpact/venv/lib64/python3.10/site-packages/airflow/example_dags/plugins/workday.py                                                                   0           0  0.30s           2025-07-04T07:09:09
/home/tejhanagarajan/Projects/small-projects/NewsImpact/venv/lib64/python3.10/site-packages/airflow/example_dags/subdags/subdag.py                                                                    0           0  0.10s           2025-07-04T07:09:26
/home/tejhanagarajan/Projects/small-projects/NewsImpact/airflow/dags/correlate_dag.py                                                                                                                 1           0  0.10s           2025-07-04T07:08:50
/home/tejhanagarajan/Projects/small-projects/NewsImpact/venv/lib64/python3.10/site-packages/airflow/example_dags/example_bash_operator.py                                                             1           0  0.10s           2025-07-04T07:08:49
/home/tejhanagarajan/Projects/small-projects/NewsImpact/venv/lib64/python3.10/site-packages/airflow/example_dags/example_branch_day_of_week_operator.py                                               1           0  0.10s           2025-07-04T07:08:47
/home/tejhanagarajan/Projects/small-projects/NewsImpact/venv/lib64/python3.10/site-packages/airflow/example_dags/example_branch_labels.py                                                             1           0  0.10s           2025-07-04T07:08:46
/home/tejhanagarajan/Projects/small-projects/NewsImpact/venv/lib64/python3.10/site-packages/airflow/example_dags/example_branch_operator.py                                                           1           0  0.10s           2025-07-04T07:08:46
/home/tejhanagarajan/Projects/small-projects/NewsImpact/venv/lib64/python3.10/site-packages/airflow/example_dags/example_branch_operator_decorator.py                                                 1           0  0.10s           2025-07-04T07:08:45
/home/tejhanagarajan/Projects/small-projects/NewsImpact/venv/lib64/python3.10/site-packages/airflow/example_dags/example_branch_python_dop_operator_3.py                                              1           0  0.10s           2025-07-04T07:08:44
/home/tejhanagarajan/Projects/small-projects/NewsImpact/venv/lib64/python3.10/site-packages/airflow/example_dags/example_complex.py                                                                   1           0  0.10s           2025-07-04T07:08:43
/home/tejhanagarajan/Projects/small-projects/NewsImpact/venv/lib64/python3.10/site-packages/airflow/example_dags/example_dag_decorator.py                                                             1           0  0.10s           2025-07-04T07:08:42
/home/tejhanagarajan/Projects/small-projects/NewsImpact/venv/lib64/python3.10/site-packages/airflow/example_dags/example_dynamic_task_mapping.py                                                      1           0  0.10s           2025-07-04T07:09:24
/home/tejhanagarajan/Projects/small-projects/NewsImpact/venv/lib64/python3.10/site-packages/airflow/example_dags/example_dynamic_task_mapping_with_no_taskflow_operators.py                           1           0  0.10s           2025-07-04T07:09:23
/home/tejhanagarajan/Projects/small-projects/NewsImpact/venv/lib64/python3.10/site-packages/airflow/example_dags/example_latest_only.py                                                               1           0  0.10s           2025-07-04T07:09:20
/home/tejhanagarajan/Projects/small-projects/NewsImpact/venv/lib64/python3.10/site-packages/airflow/example_dags/example_latest_only_with_trigger.py                                                  1           0  0.10s           2025-07-04T07:09:19
/home/tejhanagarajan/Projects/small-projects/NewsImpact/venv/lib64/python3.10/site-packages/airflow/example_dags/example_nested_branch_dag.py                                                         1           0  0.10s           2025-07-04T07:09:17
/home/tejhanagarajan/Projects/small-projects/NewsImpact/venv/lib64/python3.10/site-packages/airflow/example_dags/example_params_trigger_ui.py                                                         1           0  0.10s           2025-07-04T07:09:16
/home/tejhanagarajan/Projects/small-projects/NewsImpact/venv/lib64/python3.10/site-packages/airflow/example_dags/example_params_ui_tutorial.py                                                        1           0  0.10s           2025-07-04T07:09:15
/home/tejhanagarajan/Projects/small-projects/NewsImpact/venv/lib64/python3.10/site-packages/airflow/example_dags/example_passing_params_via_test_command.py                                           1           0  0.10s           2025-07-04T07:09:14
/home/tejhanagarajan/Projects/small-projects/NewsImpact/venv/lib64/python3.10/site-packages/airflow/example_dags/example_python_decorator.py                                                          1           0  0.10s           2025-07-04T07:09:07
/home/tejhanagarajan/Projects/small-projects/NewsImpact/venv/lib64/python3.10/site-packages/airflow/example_dags/example_python_operator.py                                                           1           0  0.10s           2025-07-04T07:09:07
/home/tejhanagarajan/Projects/small-projects/NewsImpact/venv/lib64/python3.10/site-packages/airflow/example_dags/example_sensor_decorator.py                                                          1           0  0.10s           2025-07-04T07:09:06
/home/tejhanagarajan/Projects/small-projects/NewsImpact/venv/lib64/python3.10/site-packages/airflow/example_dags/example_sensors.py                                                                   1           0  0.10s           2025-07-04T07:09:04
/home/tejhanagarajan/Projects/small-projects/NewsImpact/venv/lib64/python3.10/site-packages/airflow/example_dags/example_setup_teardown.py                                                            1           0  0.10s           2025-07-04T07:09:03
/home/tejhanagarajan/Projects/small-projects/NewsImpact/venv/lib64/python3.10/site-packages/airflow/example_dags/example_setup_teardown_taskflow.py                                                   1           0  0.10s           2025-07-04T07:09:02
/home/tejhanagarajan/Projects/small-projects/NewsImpact/venv/lib64/python3.10/site-packages/airflow/example_dags/example_short_circuit_decorator.py                                                   1           0  0.10s           2025-07-04T07:09:02
/home/tejhanagarajan/Projects/small-projects/NewsImpact/venv/lib64/python3.10/site-packages/airflow/example_dags/example_short_circuit_operator.py                                                    1           0  0.10s           2025-07-04T07:09:00
/home/tejhanagarajan/Projects/small-projects/NewsImpact/venv/lib64/python3.10/site-packages/airflow/example_dags/example_skip_dag.py                                                                  1           0  0.10s           2025-07-04T07:08:59
/home/tejhanagarajan/Projects/small-projects/NewsImpact/venv/lib64/python3.10/site-packages/airflow/example_dags/example_sla_dag.py                                                                   1           0  0.10s           2025-07-04T07:08:58
/home/tejhanagarajan/Projects/small-projects/NewsImpact/venv/lib64/python3.10/site-packages/airflow/example_dags/example_task_group.py                                                                1           0  0.10s           2025-07-04T07:08:57
/home/tejhanagarajan/Projects/small-projects/NewsImpact/venv/lib64/python3.10/site-packages/airflow/example_dags/example_task_group_decorator.py                                                      1           0  0.10s           2025-07-04T07:08:56
/home/tejhanagarajan/Projects/small-projects/NewsImpact/venv/lib64/python3.10/site-packages/airflow/example_dags/example_time_delta_sensor_async.py                                                   1           0  0.10s           2025-07-04T07:08:41
/home/tejhanagarajan/Projects/small-projects/NewsImpact/venv/lib64/python3.10/site-packages/airflow/example_dags/example_trigger_controller_dag.py                                                    1           0  0.10s           2025-07-04T07:08:55
/home/tejhanagarajan/Projects/small-projects/NewsImpact/venv/lib64/python3.10/site-packages/airflow/example_dags/example_trigger_target_dag.py                                                        1           0  0.10s           2025-07-04T07:08:54
/home/tejhanagarajan/Projects/small-projects/NewsImpact/venv/lib64/python3.10/site-packages/airflow/example_dags/example_xcom.py                                                                      1           0  0.10s           2025-07-04T07:08:40
/home/tejhanagarajan/Projects/small-projects/NewsImpact/venv/lib64/python3.10/site-packages/airflow/example_dags/tutorial.py                                                                          1           0  0.10s           2025-07-04T07:09:13
/home/tejhanagarajan/Projects/small-projects/NewsImpact/venv/lib64/python3.10/site-packages/airflow/example_dags/tutorial_dag.py                                                                      1           0  0.10s           2025-07-04T07:08:52
/home/tejhanagarajan/Projects/small-projects/NewsImpact/venv/lib64/python3.10/site-packages/airflow/example_dags/tutorial_objectstorage.py                                                            1           0  0.10s           2025-07-04T07:08:52
/home/tejhanagarajan/Projects/small-projects/NewsImpact/venv/lib64/python3.10/site-packages/airflow/example_dags/tutorial_taskflow_api.py                                                             1           0  0.10s           2025-07-04T07:09:27
/home/tejhanagarajan/Projects/small-projects/NewsImpact/venv/lib64/python3.10/site-packages/airflow/example_dags/tutorial_taskflow_api_virtualenv.py                                                  1           0  0.10s           2025-07-04T07:09:12
/home/tejhanagarajan/Projects/small-projects/NewsImpact/venv/lib64/python3.10/site-packages/airflow/example_dags/example_external_task_marker_dag.py                                                  2           0  0.10s           2025-07-04T07:09:22
/home/tejhanagarajan/Projects/small-projects/NewsImpact/venv/lib64/python3.10/site-packages/airflow/example_dags/example_xcomargs.py                                                                  2           0  0.10s           2025-07-04T07:08:39
/home/tejhanagarajan/Projects/small-projects/NewsImpact/venv/lib64/python3.10/site-packages/airflow/example_dags/example_branch_datetime_operator.py                                                  3           0  0.10s           2025-07-04T07:08:48
/home/tejhanagarajan/Projects/small-projects/NewsImpact/venv/lib64/python3.10/site-packages/airflow/example_dags/example_subdag_operator.py                                                           3           0  0.10s           2025-07-04T07:08:57
/home/tejhanagarajan/Projects/small-projects/NewsImpact/venv/lib64/python3.10/site-packages/airflow/example_dags/example_datasets.py                                                                  6           0  0.10s           2025-07-04T07:09:25
================================================================================
[2025-07-04T12:39:55.355+0530] {manager.py:879} INFO - 
================================================================================
DAG File Processing Stats

File Path                                                                                                                                                                    PID    Runtime      # DAGs    # Errors  Last Runtime    Last Run
---------------------------------------------------------------------------------------------------------------------------------------------------------------------------  -----  ---------  --------  ----------  --------------  -------------------
/home/tejhanagarajan/Projects/small-projects/NewsImpact/venv/lib64/python3.10/site-packages/airflow/example_dags/example_kubernetes_executor.py                                                       0           0  0.10s           2025-07-04T07:09:14
/home/tejhanagarajan/Projects/small-projects/NewsImpact/venv/lib64/python3.10/site-packages/airflow/example_dags/example_local_kubernetes_executor.py                                                 0           0  0.10s           2025-07-04T07:09:11
/home/tejhanagarajan/Projects/small-projects/NewsImpact/venv/lib64/python3.10/site-packages/airflow/example_dags/plugins/event_listener.py                                                            0           0  0.10s           2025-07-04T07:09:54
/home/tejhanagarajan/Projects/small-projects/NewsImpact/venv/lib64/python3.10/site-packages/airflow/example_dags/plugins/listener_plugin.py                                                           0           0  0.10s           2025-07-04T07:09:53
/home/tejhanagarajan/Projects/small-projects/NewsImpact/venv/lib64/python3.10/site-packages/airflow/example_dags/plugins/workday.py                                                                   0           0  0.20s           2025-07-04T07:09:52
/home/tejhanagarajan/Projects/small-projects/NewsImpact/venv/lib64/python3.10/site-packages/airflow/example_dags/subdags/subdag.py                                                                    0           0  0.10s           2025-07-04T07:09:51
/home/tejhanagarajan/Projects/small-projects/NewsImpact/airflow/dags/correlate_dag.py                                                                                                                 1           0  0.10s           2025-07-04T07:09:33
/home/tejhanagarajan/Projects/small-projects/NewsImpact/venv/lib64/python3.10/site-packages/airflow/example_dags/example_bash_operator.py                                                             1           0  0.10s           2025-07-04T07:09:31
/home/tejhanagarajan/Projects/small-projects/NewsImpact/venv/lib64/python3.10/site-packages/airflow/example_dags/example_branch_day_of_week_operator.py                                               1           0  0.10s           2025-07-04T07:09:30
/home/tejhanagarajan/Projects/small-projects/NewsImpact/venv/lib64/python3.10/site-packages/airflow/example_dags/example_branch_labels.py                                                             1           0  0.10s           2025-07-04T07:09:29
/home/tejhanagarajan/Projects/small-projects/NewsImpact/venv/lib64/python3.10/site-packages/airflow/example_dags/example_branch_operator.py                                                           1           0  0.10s           2025-07-04T07:09:27
/home/tejhanagarajan/Projects/small-projects/NewsImpact/venv/lib64/python3.10/site-packages/airflow/example_dags/example_branch_operator_decorator.py                                                 1           0  0.10s           2025-07-04T07:09:26
/home/tejhanagarajan/Projects/small-projects/NewsImpact/venv/lib64/python3.10/site-packages/airflow/example_dags/example_branch_python_dop_operator_3.py                                              1           0  0.10s           2025-07-04T07:09:26
/home/tejhanagarajan/Projects/small-projects/NewsImpact/venv/lib64/python3.10/site-packages/airflow/example_dags/example_complex.py                                                                   1           0  0.10s           2025-07-04T07:09:25
/home/tejhanagarajan/Projects/small-projects/NewsImpact/venv/lib64/python3.10/site-packages/airflow/example_dags/example_dag_decorator.py                                                             1           0  0.20s           2025-07-04T07:09:24
/home/tejhanagarajan/Projects/small-projects/NewsImpact/venv/lib64/python3.10/site-packages/airflow/example_dags/example_dynamic_task_mapping.py                                                      1           0  0.10s           2025-07-04T07:09:16
/home/tejhanagarajan/Projects/small-projects/NewsImpact/venv/lib64/python3.10/site-packages/airflow/example_dags/example_dynamic_task_mapping_with_no_taskflow_operators.py                           1           0  0.10s           2025-07-04T07:09:16
/home/tejhanagarajan/Projects/small-projects/NewsImpact/venv/lib64/python3.10/site-packages/airflow/example_dags/example_latest_only.py                                                               1           0  0.10s           2025-07-04T07:09:13
/home/tejhanagarajan/Projects/small-projects/NewsImpact/venv/lib64/python3.10/site-packages/airflow/example_dags/example_latest_only_with_trigger.py                                                  1           0  0.10s           2025-07-04T07:09:12
/home/tejhanagarajan/Projects/small-projects/NewsImpact/venv/lib64/python3.10/site-packages/airflow/example_dags/example_nested_branch_dag.py                                                         1           0  0.10s           2025-07-04T07:09:11
/home/tejhanagarajan/Projects/small-projects/NewsImpact/venv/lib64/python3.10/site-packages/airflow/example_dags/example_params_trigger_ui.py                                                         1           0  0.10s           2025-07-04T07:09:09
/home/tejhanagarajan/Projects/small-projects/NewsImpact/venv/lib64/python3.10/site-packages/airflow/example_dags/example_params_ui_tutorial.py                                                        1           0  0.10s           2025-07-04T07:09:09
/home/tejhanagarajan/Projects/small-projects/NewsImpact/venv/lib64/python3.10/site-packages/airflow/example_dags/example_passing_params_via_test_command.py                                           1           0  0.10s           2025-07-04T07:09:08
/home/tejhanagarajan/Projects/small-projects/NewsImpact/venv/lib64/python3.10/site-packages/airflow/example_dags/example_python_decorator.py                                                          1           0  0.10s           2025-07-04T07:09:07
/home/tejhanagarajan/Projects/small-projects/NewsImpact/venv/lib64/python3.10/site-packages/airflow/example_dags/example_python_operator.py                                                           1           0  0.10s           2025-07-04T07:09:06
/home/tejhanagarajan/Projects/small-projects/NewsImpact/venv/lib64/python3.10/site-packages/airflow/example_dags/example_sensor_decorator.py                                                          1           0  0.10s           2025-07-04T07:09:06
/home/tejhanagarajan/Projects/small-projects/NewsImpact/venv/lib64/python3.10/site-packages/airflow/example_dags/example_sensors.py                                                                   1           0  0.10s           2025-07-04T07:09:04
/home/tejhanagarajan/Projects/small-projects/NewsImpact/venv/lib64/python3.10/site-packages/airflow/example_dags/example_setup_teardown.py                                                            1           0  0.10s           2025-07-04T07:09:55
/home/tejhanagarajan/Projects/small-projects/NewsImpact/venv/lib64/python3.10/site-packages/airflow/example_dags/example_setup_teardown_taskflow.py                                                   1           0  0.10s           2025-07-04T07:09:50
/home/tejhanagarajan/Projects/small-projects/NewsImpact/venv/lib64/python3.10/site-packages/airflow/example_dags/example_short_circuit_decorator.py                                                   1           0  0.10s           2025-07-04T07:09:49
/home/tejhanagarajan/Projects/small-projects/NewsImpact/venv/lib64/python3.10/site-packages/airflow/example_dags/example_short_circuit_operator.py                                                    1           0  0.10s           2025-07-04T07:09:48
/home/tejhanagarajan/Projects/small-projects/NewsImpact/venv/lib64/python3.10/site-packages/airflow/example_dags/example_skip_dag.py                                                                  1           0  0.10s           2025-07-04T07:09:47
/home/tejhanagarajan/Projects/small-projects/NewsImpact/venv/lib64/python3.10/site-packages/airflow/example_dags/example_sla_dag.py                                                                   1           0  0.10s           2025-07-04T07:09:46
/home/tejhanagarajan/Projects/small-projects/NewsImpact/venv/lib64/python3.10/site-packages/airflow/example_dags/example_task_group.py                                                                1           0  0.10s           2025-07-04T07:09:44
/home/tejhanagarajan/Projects/small-projects/NewsImpact/venv/lib64/python3.10/site-packages/airflow/example_dags/example_task_group_decorator.py                                                      1           0  0.10s           2025-07-04T07:09:43
/home/tejhanagarajan/Projects/small-projects/NewsImpact/venv/lib64/python3.10/site-packages/airflow/example_dags/example_time_delta_sensor_async.py                                                   1           0  0.10s           2025-07-04T07:09:42
/home/tejhanagarajan/Projects/small-projects/NewsImpact/venv/lib64/python3.10/site-packages/airflow/example_dags/example_trigger_controller_dag.py                                                    1           0  0.10s           2025-07-04T07:09:41
/home/tejhanagarajan/Projects/small-projects/NewsImpact/venv/lib64/python3.10/site-packages/airflow/example_dags/example_trigger_target_dag.py                                                        1           0  0.10s           2025-07-04T07:09:40
/home/tejhanagarajan/Projects/small-projects/NewsImpact/venv/lib64/python3.10/site-packages/airflow/example_dags/example_xcom.py                                                                      1           0  0.10s           2025-07-04T07:09:39
/home/tejhanagarajan/Projects/small-projects/NewsImpact/venv/lib64/python3.10/site-packages/airflow/example_dags/tutorial.py                                                                          1           0  0.10s           2025-07-04T07:09:37
/home/tejhanagarajan/Projects/small-projects/NewsImpact/venv/lib64/python3.10/site-packages/airflow/example_dags/tutorial_dag.py                                                                      1           0  0.10s           2025-07-04T07:09:36
/home/tejhanagarajan/Projects/small-projects/NewsImpact/venv/lib64/python3.10/site-packages/airflow/example_dags/tutorial_objectstorage.py                                                            1           0  0.10s           2025-07-04T07:09:35
/home/tejhanagarajan/Projects/small-projects/NewsImpact/venv/lib64/python3.10/site-packages/airflow/example_dags/tutorial_taskflow_api.py                                                             1           0  0.10s           2025-07-04T07:09:34
/home/tejhanagarajan/Projects/small-projects/NewsImpact/venv/lib64/python3.10/site-packages/airflow/example_dags/tutorial_taskflow_api_virtualenv.py                                                  1           0  0.10s           2025-07-04T07:09:54
/home/tejhanagarajan/Projects/small-projects/NewsImpact/venv/lib64/python3.10/site-packages/airflow/example_dags/example_external_task_marker_dag.py                                                  2           0  0.10s           2025-07-04T07:09:15
/home/tejhanagarajan/Projects/small-projects/NewsImpact/venv/lib64/python3.10/site-packages/airflow/example_dags/example_xcomargs.py                                                                  2           0  0.10s           2025-07-04T07:09:38
/home/tejhanagarajan/Projects/small-projects/NewsImpact/venv/lib64/python3.10/site-packages/airflow/example_dags/example_branch_datetime_operator.py                                                  3           0  0.10s           2025-07-04T07:09:31
/home/tejhanagarajan/Projects/small-projects/NewsImpact/venv/lib64/python3.10/site-packages/airflow/example_dags/example_subdag_operator.py                                                           3           0  0.10s           2025-07-04T07:09:45
/home/tejhanagarajan/Projects/small-projects/NewsImpact/venv/lib64/python3.10/site-packages/airflow/example_dags/example_datasets.py                                                                  6           0  0.10s           2025-07-04T07:09:22
================================================================================
[2025-07-04T12:39:57.907+0530] {manager.py:879} INFO - 
================================================================================
DAG File Processing Stats

File Path                                                                                                                                                                    PID    Runtime      # DAGs    # Errors  Last Runtime    Last Run
---------------------------------------------------------------------------------------------------------------------------------------------------------------------------  -----  ---------  --------  ----------  --------------  -------------------
/home/tejhanagarajan/Projects/small-projects/NewsImpact/venv/lib64/python3.10/site-packages/airflow/example_dags/example_kubernetes_executor.py                                                       0           0  0.10s           2025-07-04T07:09:21
/home/tejhanagarajan/Projects/small-projects/NewsImpact/venv/lib64/python3.10/site-packages/airflow/example_dags/example_local_kubernetes_executor.py                                                 0           0  0.10s           2025-07-04T07:09:18
/home/tejhanagarajan/Projects/small-projects/NewsImpact/venv/lib64/python3.10/site-packages/airflow/example_dags/plugins/event_listener.py                                                            0           0  0.10s           2025-07-04T07:09:48
/home/tejhanagarajan/Projects/small-projects/NewsImpact/venv/lib64/python3.10/site-packages/airflow/example_dags/plugins/listener_plugin.py                                                           0           0  0.10s           2025-07-04T07:09:47
/home/tejhanagarajan/Projects/small-projects/NewsImpact/venv/lib64/python3.10/site-packages/airflow/example_dags/plugins/workday.py                                                                   0           0  0.31s           2025-07-04T07:09:47
/home/tejhanagarajan/Projects/small-projects/NewsImpact/venv/lib64/python3.10/site-packages/airflow/example_dags/subdags/subdag.py                                                                    0           0  0.10s           2025-07-04T07:09:26
/home/tejhanagarajan/Projects/small-projects/NewsImpact/airflow/dags/correlate_dag.py                                                                                                                 1           0  0.10s           2025-07-04T07:09:46
/home/tejhanagarajan/Projects/small-projects/NewsImpact/venv/lib64/python3.10/site-packages/airflow/example_dags/example_bash_operator.py                                                             1           0  0.10s           2025-07-04T07:09:45
/home/tejhanagarajan/Projects/small-projects/NewsImpact/venv/lib64/python3.10/site-packages/airflow/example_dags/example_branch_day_of_week_operator.py                                               1           0  0.10s           2025-07-04T07:09:42
/home/tejhanagarajan/Projects/small-projects/NewsImpact/venv/lib64/python3.10/site-packages/airflow/example_dags/example_branch_labels.py                                                             1           0  0.10s           2025-07-04T07:09:41
/home/tejhanagarajan/Projects/small-projects/NewsImpact/venv/lib64/python3.10/site-packages/airflow/example_dags/example_branch_operator.py                                                           1           0  0.10s           2025-07-04T07:09:40
/home/tejhanagarajan/Projects/small-projects/NewsImpact/venv/lib64/python3.10/site-packages/airflow/example_dags/example_branch_operator_decorator.py                                                 1           0  0.10s           2025-07-04T07:09:39
/home/tejhanagarajan/Projects/small-projects/NewsImpact/venv/lib64/python3.10/site-packages/airflow/example_dags/example_branch_python_dop_operator_3.py                                              1           0  0.10s           2025-07-04T07:09:38
/home/tejhanagarajan/Projects/small-projects/NewsImpact/venv/lib64/python3.10/site-packages/airflow/example_dags/example_complex.py                                                                   1           0  0.10s           2025-07-04T07:09:37
/home/tejhanagarajan/Projects/small-projects/NewsImpact/venv/lib64/python3.10/site-packages/airflow/example_dags/example_dag_decorator.py                                                             1           0  0.10s           2025-07-04T07:09:37
/home/tejhanagarajan/Projects/small-projects/NewsImpact/venv/lib64/python3.10/site-packages/airflow/example_dags/example_dynamic_task_mapping.py                                                      1           0  0.10s           2025-07-04T07:09:24
/home/tejhanagarajan/Projects/small-projects/NewsImpact/venv/lib64/python3.10/site-packages/airflow/example_dags/example_dynamic_task_mapping_with_no_taskflow_operators.py                           1           0  0.10s           2025-07-04T07:09:23
/home/tejhanagarajan/Projects/small-projects/NewsImpact/venv/lib64/python3.10/site-packages/airflow/example_dags/example_latest_only.py                                                               1           0  0.10s           2025-07-04T07:09:20
/home/tejhanagarajan/Projects/small-projects/NewsImpact/venv/lib64/python3.10/site-packages/airflow/example_dags/example_latest_only_with_trigger.py                                                  1           0  0.10s           2025-07-04T07:09:19
/home/tejhanagarajan/Projects/small-projects/NewsImpact/venv/lib64/python3.10/site-packages/airflow/example_dags/example_nested_branch_dag.py                                                         1           0  0.10s           2025-07-04T07:09:17
/home/tejhanagarajan/Projects/small-projects/NewsImpact/venv/lib64/python3.10/site-packages/airflow/example_dags/example_params_trigger_ui.py                                                         1           0  0.10s           2025-07-04T07:09:16
/home/tejhanagarajan/Projects/small-projects/NewsImpact/venv/lib64/python3.10/site-packages/airflow/example_dags/example_params_ui_tutorial.py                                                        1           0  0.10s           2025-07-04T07:09:15
/home/tejhanagarajan/Projects/small-projects/NewsImpact/venv/lib64/python3.10/site-packages/airflow/example_dags/example_passing_params_via_test_command.py                                           1           0  0.10s           2025-07-04T07:09:14
/home/tejhanagarajan/Projects/small-projects/NewsImpact/venv/lib64/python3.10/site-packages/airflow/example_dags/example_python_decorator.py                                                          1           0  0.10s           2025-07-04T07:09:07
/home/tejhanagarajan/Projects/small-projects/NewsImpact/venv/lib64/python3.10/site-packages/airflow/example_dags/example_python_operator.py                                                           1           0  0.10s           2025-07-04T07:09:07
/home/tejhanagarajan/Projects/small-projects/NewsImpact/venv/lib64/python3.10/site-packages/airflow/example_dags/example_sensor_decorator.py                                                          1           0  0.10s           2025-07-04T07:09:06
/home/tejhanagarajan/Projects/small-projects/NewsImpact/venv/lib64/python3.10/site-packages/airflow/example_dags/example_sensors.py                                                                   1           0  0.10s           2025-07-04T07:09:04
/home/tejhanagarajan/Projects/small-projects/NewsImpact/venv/lib64/python3.10/site-packages/airflow/example_dags/example_setup_teardown.py                                                            1           0  0.10s           2025-07-04T07:09:57
/home/tejhanagarajan/Projects/small-projects/NewsImpact/venv/lib64/python3.10/site-packages/airflow/example_dags/example_setup_teardown_taskflow.py                                                   1           0  0.10s           2025-07-04T07:09:56
/home/tejhanagarajan/Projects/small-projects/NewsImpact/venv/lib64/python3.10/site-packages/airflow/example_dags/example_short_circuit_decorator.py                                                   1           0  0.10s           2025-07-04T07:09:55
/home/tejhanagarajan/Projects/small-projects/NewsImpact/venv/lib64/python3.10/site-packages/airflow/example_dags/example_short_circuit_operator.py                                                    1           0  0.10s           2025-07-04T07:09:55
/home/tejhanagarajan/Projects/small-projects/NewsImpact/venv/lib64/python3.10/site-packages/airflow/example_dags/example_skip_dag.py                                                                  1           0  0.10s           2025-07-04T07:09:54
/home/tejhanagarajan/Projects/small-projects/NewsImpact/venv/lib64/python3.10/site-packages/airflow/example_dags/example_sla_dag.py                                                                   1           0  0.10s           2025-07-04T07:09:52
/home/tejhanagarajan/Projects/small-projects/NewsImpact/venv/lib64/python3.10/site-packages/airflow/example_dags/example_task_group.py                                                                1           0  0.10s           2025-07-04T07:09:51
/home/tejhanagarajan/Projects/small-projects/NewsImpact/venv/lib64/python3.10/site-packages/airflow/example_dags/example_task_group_decorator.py                                                      1           0  0.10s           2025-07-04T07:09:35
/home/tejhanagarajan/Projects/small-projects/NewsImpact/venv/lib64/python3.10/site-packages/airflow/example_dags/example_time_delta_sensor_async.py                                                   1           0  0.10s           2025-07-04T07:09:34
/home/tejhanagarajan/Projects/small-projects/NewsImpact/venv/lib64/python3.10/site-packages/airflow/example_dags/example_trigger_controller_dag.py                                                    1           0  0.10s           2025-07-04T07:09:33
/home/tejhanagarajan/Projects/small-projects/NewsImpact/venv/lib64/python3.10/site-packages/airflow/example_dags/example_trigger_target_dag.py                                                        1           0  0.10s           2025-07-04T07:09:32
/home/tejhanagarajan/Projects/small-projects/NewsImpact/venv/lib64/python3.10/site-packages/airflow/example_dags/example_xcom.py                                                                      1           0  0.10s           2025-07-04T07:09:31
/home/tejhanagarajan/Projects/small-projects/NewsImpact/venv/lib64/python3.10/site-packages/airflow/example_dags/tutorial.py                                                                          1           0  0.10s           2025-07-04T07:09:50
/home/tejhanagarajan/Projects/small-projects/NewsImpact/venv/lib64/python3.10/site-packages/airflow/example_dags/tutorial_dag.py                                                                      1           0  0.10s           2025-07-04T07:09:29
/home/tejhanagarajan/Projects/small-projects/NewsImpact/venv/lib64/python3.10/site-packages/airflow/example_dags/tutorial_objectstorage.py                                                            1           0  0.10s           2025-07-04T07:09:28
/home/tejhanagarajan/Projects/small-projects/NewsImpact/venv/lib64/python3.10/site-packages/airflow/example_dags/tutorial_taskflow_api.py                                                             1           0  0.10s           2025-07-04T07:09:27
/home/tejhanagarajan/Projects/small-projects/NewsImpact/venv/lib64/python3.10/site-packages/airflow/example_dags/tutorial_taskflow_api_virtualenv.py                                                  1           0  0.10s           2025-07-04T07:09:49
/home/tejhanagarajan/Projects/small-projects/NewsImpact/venv/lib64/python3.10/site-packages/airflow/example_dags/example_external_task_marker_dag.py                                                  2           0  0.10s           2025-07-04T07:09:22
/home/tejhanagarajan/Projects/small-projects/NewsImpact/venv/lib64/python3.10/site-packages/airflow/example_dags/example_xcomargs.py                                                                  2           0  0.10s           2025-07-04T07:09:30
/home/tejhanagarajan/Projects/small-projects/NewsImpact/venv/lib64/python3.10/site-packages/airflow/example_dags/example_branch_datetime_operator.py                                                  3           0  0.10s           2025-07-04T07:09:43
/home/tejhanagarajan/Projects/small-projects/NewsImpact/venv/lib64/python3.10/site-packages/airflow/example_dags/example_subdag_operator.py                                                           3           0  0.10s           2025-07-04T07:09:52
/home/tejhanagarajan/Projects/small-projects/NewsImpact/venv/lib64/python3.10/site-packages/airflow/example_dags/example_datasets.py                                                                  6           0  0.10s           2025-07-04T07:09:25
================================================================================
[2025-07-04T12:41:55.332+0530] {manager.py:469} INFO - Processing files using up to 1 processes at a time 
[2025-07-04T12:41:55.333+0530] {manager.py:470} INFO - Process each file at most once every 30 seconds
[2025-07-04T12:41:55.333+0530] {manager.py:471} INFO - Checking for new files in /home/tejhanagarajan/Projects/small-projects/NewsImpact/airflow/dags every 300 seconds
[2025-07-04T12:41:55.333+0530] {manager.py:738} INFO - Searching for files in /home/tejhanagarajan/Projects/small-projects/NewsImpact/airflow/dags
[2025-07-04T12:41:55.339+0530] {manager.py:741} INFO - There are 49 files in /home/tejhanagarajan/Projects/small-projects/NewsImpact/airflow/dags
[2025-07-04T12:41:55.471+0530] {manager.py:879} INFO - 
================================================================================
DAG File Processing Stats

File Path                                                                                                                                                                    PID    Runtime      # DAGs    # Errors  Last Runtime    Last Run
---------------------------------------------------------------------------------------------------------------------------------------------------------------------------  -----  ---------  --------  ----------  --------------  -------------------
/home/tejhanagarajan/Projects/small-projects/NewsImpact/airflow/dags/correlate_dag.py                                                                                                                 0           0
/home/tejhanagarajan/Projects/small-projects/NewsImpact/venv/lib64/python3.10/site-packages/airflow/example_dags/example_bash_operator.py                                                             0           0
/home/tejhanagarajan/Projects/small-projects/NewsImpact/venv/lib64/python3.10/site-packages/airflow/example_dags/example_branch_datetime_operator.py                                                  0           0
/home/tejhanagarajan/Projects/small-projects/NewsImpact/venv/lib64/python3.10/site-packages/airflow/example_dags/example_branch_day_of_week_operator.py                                               0           0
/home/tejhanagarajan/Projects/small-projects/NewsImpact/venv/lib64/python3.10/site-packages/airflow/example_dags/example_branch_labels.py                                                             0           0
/home/tejhanagarajan/Projects/small-projects/NewsImpact/venv/lib64/python3.10/site-packages/airflow/example_dags/example_branch_operator.py                                                           0           0
/home/tejhanagarajan/Projects/small-projects/NewsImpact/venv/lib64/python3.10/site-packages/airflow/example_dags/example_branch_operator_decorator.py                                                 0           0
/home/tejhanagarajan/Projects/small-projects/NewsImpact/venv/lib64/python3.10/site-packages/airflow/example_dags/example_branch_python_dop_operator_3.py                                              0           0
/home/tejhanagarajan/Projects/small-projects/NewsImpact/venv/lib64/python3.10/site-packages/airflow/example_dags/example_complex.py                                                                   0           0
/home/tejhanagarajan/Projects/small-projects/NewsImpact/venv/lib64/python3.10/site-packages/airflow/example_dags/example_dag_decorator.py                                                             0           0
/home/tejhanagarajan/Projects/small-projects/NewsImpact/venv/lib64/python3.10/site-packages/airflow/example_dags/example_datasets.py                                                                  0           0
/home/tejhanagarajan/Projects/small-projects/NewsImpact/venv/lib64/python3.10/site-packages/airflow/example_dags/example_dynamic_task_mapping.py                                                      0           0
/home/tejhanagarajan/Projects/small-projects/NewsImpact/venv/lib64/python3.10/site-packages/airflow/example_dags/example_dynamic_task_mapping_with_no_taskflow_operators.py                           0           0
/home/tejhanagarajan/Projects/small-projects/NewsImpact/venv/lib64/python3.10/site-packages/airflow/example_dags/example_external_task_marker_dag.py                                                  0           0
/home/tejhanagarajan/Projects/small-projects/NewsImpact/venv/lib64/python3.10/site-packages/airflow/example_dags/example_kubernetes_executor.py                                                       0           0
/home/tejhanagarajan/Projects/small-projects/NewsImpact/venv/lib64/python3.10/site-packages/airflow/example_dags/example_latest_only.py                                                               0           0
/home/tejhanagarajan/Projects/small-projects/NewsImpact/venv/lib64/python3.10/site-packages/airflow/example_dags/example_latest_only_with_trigger.py                                                  0           0
/home/tejhanagarajan/Projects/small-projects/NewsImpact/venv/lib64/python3.10/site-packages/airflow/example_dags/example_local_kubernetes_executor.py                                                 0           0
/home/tejhanagarajan/Projects/small-projects/NewsImpact/venv/lib64/python3.10/site-packages/airflow/example_dags/example_nested_branch_dag.py                                                         0           0
/home/tejhanagarajan/Projects/small-projects/NewsImpact/venv/lib64/python3.10/site-packages/airflow/example_dags/example_params_trigger_ui.py                                                         0           0
/home/tejhanagarajan/Projects/small-projects/NewsImpact/venv/lib64/python3.10/site-packages/airflow/example_dags/example_params_ui_tutorial.py                                                        0           0
/home/tejhanagarajan/Projects/small-projects/NewsImpact/venv/lib64/python3.10/site-packages/airflow/example_dags/example_passing_params_via_test_command.py                                           0           0
/home/tejhanagarajan/Projects/small-projects/NewsImpact/venv/lib64/python3.10/site-packages/airflow/example_dags/example_python_decorator.py                                                          0           0
/home/tejhanagarajan/Projects/small-projects/NewsImpact/venv/lib64/python3.10/site-packages/airflow/example_dags/example_python_operator.py                                                           0           0
/home/tejhanagarajan/Projects/small-projects/NewsImpact/venv/lib64/python3.10/site-packages/airflow/example_dags/example_sensor_decorator.py                                                          0           0
/home/tejhanagarajan/Projects/small-projects/NewsImpact/venv/lib64/python3.10/site-packages/airflow/example_dags/example_sensors.py                                                                   0           0
/home/tejhanagarajan/Projects/small-projects/NewsImpact/venv/lib64/python3.10/site-packages/airflow/example_dags/example_setup_teardown.py                                                            0           0
/home/tejhanagarajan/Projects/small-projects/NewsImpact/venv/lib64/python3.10/site-packages/airflow/example_dags/example_setup_teardown_taskflow.py                                                   0           0
/home/tejhanagarajan/Projects/small-projects/NewsImpact/venv/lib64/python3.10/site-packages/airflow/example_dags/example_short_circuit_decorator.py                                                   0           0
/home/tejhanagarajan/Projects/small-projects/NewsImpact/venv/lib64/python3.10/site-packages/airflow/example_dags/example_short_circuit_operator.py                                                    0           0
/home/tejhanagarajan/Projects/small-projects/NewsImpact/venv/lib64/python3.10/site-packages/airflow/example_dags/example_skip_dag.py                                                                  0           0
/home/tejhanagarajan/Projects/small-projects/NewsImpact/venv/lib64/python3.10/site-packages/airflow/example_dags/example_sla_dag.py                                                                   0           0
/home/tejhanagarajan/Projects/small-projects/NewsImpact/venv/lib64/python3.10/site-packages/airflow/example_dags/example_subdag_operator.py                                                           0           0
/home/tejhanagarajan/Projects/small-projects/NewsImpact/venv/lib64/python3.10/site-packages/airflow/example_dags/example_task_group.py                                                                0           0
/home/tejhanagarajan/Projects/small-projects/NewsImpact/venv/lib64/python3.10/site-packages/airflow/example_dags/example_task_group_decorator.py                                                      0           0
/home/tejhanagarajan/Projects/small-projects/NewsImpact/venv/lib64/python3.10/site-packages/airflow/example_dags/example_time_delta_sensor_async.py                                                   0           0
/home/tejhanagarajan/Projects/small-projects/NewsImpact/venv/lib64/python3.10/site-packages/airflow/example_dags/example_trigger_controller_dag.py                                                    0           0
/home/tejhanagarajan/Projects/small-projects/NewsImpact/venv/lib64/python3.10/site-packages/airflow/example_dags/example_trigger_target_dag.py                                                        0           0
/home/tejhanagarajan/Projects/small-projects/NewsImpact/venv/lib64/python3.10/site-packages/airflow/example_dags/example_xcom.py                                                                      0           0
/home/tejhanagarajan/Projects/small-projects/NewsImpact/venv/lib64/python3.10/site-packages/airflow/example_dags/example_xcomargs.py                                                                  0           0
/home/tejhanagarajan/Projects/small-projects/NewsImpact/venv/lib64/python3.10/site-packages/airflow/example_dags/tutorial.py                                                                          0           0
/home/tejhanagarajan/Projects/small-projects/NewsImpact/venv/lib64/python3.10/site-packages/airflow/example_dags/tutorial_dag.py                                                                      0           0
/home/tejhanagarajan/Projects/small-projects/NewsImpact/venv/lib64/python3.10/site-packages/airflow/example_dags/tutorial_objectstorage.py                                                            0           0
/home/tejhanagarajan/Projects/small-projects/NewsImpact/venv/lib64/python3.10/site-packages/airflow/example_dags/tutorial_taskflow_api.py                                                             0           0
/home/tejhanagarajan/Projects/small-projects/NewsImpact/venv/lib64/python3.10/site-packages/airflow/example_dags/tutorial_taskflow_api_virtualenv.py                                                  0           0
/home/tejhanagarajan/Projects/small-projects/NewsImpact/venv/lib64/python3.10/site-packages/airflow/example_dags/plugins/event_listener.py                                                            0           0
/home/tejhanagarajan/Projects/small-projects/NewsImpact/venv/lib64/python3.10/site-packages/airflow/example_dags/plugins/listener_plugin.py                                                           0           0
/home/tejhanagarajan/Projects/small-projects/NewsImpact/venv/lib64/python3.10/site-packages/airflow/example_dags/plugins/workday.py                                                                   0           0
/home/tejhanagarajan/Projects/small-projects/NewsImpact/venv/lib64/python3.10/site-packages/airflow/example_dags/subdags/subdag.py                                                                    0           0  0.10s           2025-07-04T07:11:55
================================================================================
[2025-07-04T12:42:25.616+0530] {manager.py:879} INFO - 
================================================================================
DAG File Processing Stats

File Path                                                                                                                                                                    PID    Runtime      # DAGs    # Errors  Last Runtime    Last Run
---------------------------------------------------------------------------------------------------------------------------------------------------------------------------  -----  ---------  --------  ----------  --------------  -------------------
/home/tejhanagarajan/Projects/small-projects/NewsImpact/airflow/dags/correlate_dag.py                                                                                                                 0           0
/home/tejhanagarajan/Projects/small-projects/NewsImpact/venv/lib64/python3.10/site-packages/airflow/example_dags/example_bash_operator.py                                                             0           0
/home/tejhanagarajan/Projects/small-projects/NewsImpact/venv/lib64/python3.10/site-packages/airflow/example_dags/example_branch_datetime_operator.py                                                  0           0
/home/tejhanagarajan/Projects/small-projects/NewsImpact/venv/lib64/python3.10/site-packages/airflow/example_dags/example_branch_day_of_week_operator.py                                               0           0
/home/tejhanagarajan/Projects/small-projects/NewsImpact/venv/lib64/python3.10/site-packages/airflow/example_dags/example_branch_labels.py                                                             0           0
/home/tejhanagarajan/Projects/small-projects/NewsImpact/venv/lib64/python3.10/site-packages/airflow/example_dags/example_branch_operator.py                                                           0           0
/home/tejhanagarajan/Projects/small-projects/NewsImpact/venv/lib64/python3.10/site-packages/airflow/example_dags/example_branch_operator_decorator.py                                                 0           0
/home/tejhanagarajan/Projects/small-projects/NewsImpact/venv/lib64/python3.10/site-packages/airflow/example_dags/example_branch_python_dop_operator_3.py                                              0           0
/home/tejhanagarajan/Projects/small-projects/NewsImpact/venv/lib64/python3.10/site-packages/airflow/example_dags/example_complex.py                                                                   0           0
/home/tejhanagarajan/Projects/small-projects/NewsImpact/venv/lib64/python3.10/site-packages/airflow/example_dags/example_dag_decorator.py                                                             0           0
/home/tejhanagarajan/Projects/small-projects/NewsImpact/venv/lib64/python3.10/site-packages/airflow/example_dags/example_datasets.py                                                                  0           0
/home/tejhanagarajan/Projects/small-projects/NewsImpact/venv/lib64/python3.10/site-packages/airflow/example_dags/example_dynamic_task_mapping.py                                                      0           0
/home/tejhanagarajan/Projects/small-projects/NewsImpact/venv/lib64/python3.10/site-packages/airflow/example_dags/example_dynamic_task_mapping_with_no_taskflow_operators.py                           0           0
/home/tejhanagarajan/Projects/small-projects/NewsImpact/venv/lib64/python3.10/site-packages/airflow/example_dags/example_external_task_marker_dag.py                                                  0           0
/home/tejhanagarajan/Projects/small-projects/NewsImpact/venv/lib64/python3.10/site-packages/airflow/example_dags/example_kubernetes_executor.py                                                       0           0
/home/tejhanagarajan/Projects/small-projects/NewsImpact/venv/lib64/python3.10/site-packages/airflow/example_dags/example_latest_only.py                                                               0           0
/home/tejhanagarajan/Projects/small-projects/NewsImpact/venv/lib64/python3.10/site-packages/airflow/example_dags/example_latest_only_with_trigger.py                                                  0           0
/home/tejhanagarajan/Projects/small-projects/NewsImpact/venv/lib64/python3.10/site-packages/airflow/example_dags/example_local_kubernetes_executor.py                                                 0           0
/home/tejhanagarajan/Projects/small-projects/NewsImpact/venv/lib64/python3.10/site-packages/airflow/example_dags/example_nested_branch_dag.py                                                         0           0
/home/tejhanagarajan/Projects/small-projects/NewsImpact/venv/lib64/python3.10/site-packages/airflow/example_dags/plugins/event_listener.py                                                            0           0  0.10s           2025-07-04T07:11:59
/home/tejhanagarajan/Projects/small-projects/NewsImpact/venv/lib64/python3.10/site-packages/airflow/example_dags/plugins/listener_plugin.py                                                           0           0  0.10s           2025-07-04T07:11:57
/home/tejhanagarajan/Projects/small-projects/NewsImpact/venv/lib64/python3.10/site-packages/airflow/example_dags/plugins/workday.py                                                                   0           0  0.30s           2025-07-04T07:11:56
/home/tejhanagarajan/Projects/small-projects/NewsImpact/venv/lib64/python3.10/site-packages/airflow/example_dags/subdags/subdag.py                                                                    0           0  0.10s           2025-07-04T07:11:55
/home/tejhanagarajan/Projects/small-projects/NewsImpact/venv/lib64/python3.10/site-packages/airflow/example_dags/example_params_trigger_ui.py                                                         1           0  0.10s           2025-07-04T07:12:25
/home/tejhanagarajan/Projects/small-projects/NewsImpact/venv/lib64/python3.10/site-packages/airflow/example_dags/example_params_ui_tutorial.py                                                        1           0  0.10s           2025-07-04T07:12:25
/home/tejhanagarajan/Projects/small-projects/NewsImpact/venv/lib64/python3.10/site-packages/airflow/example_dags/example_passing_params_via_test_command.py                                           1           0  0.10s           2025-07-04T07:12:24
/home/tejhanagarajan/Projects/small-projects/NewsImpact/venv/lib64/python3.10/site-packages/airflow/example_dags/example_python_decorator.py                                                          1           0  0.10s           2025-07-04T07:12:23
/home/tejhanagarajan/Projects/small-projects/NewsImpact/venv/lib64/python3.10/site-packages/airflow/example_dags/example_python_operator.py                                                           1           0  0.10s           2025-07-04T07:12:21
/home/tejhanagarajan/Projects/small-projects/NewsImpact/venv/lib64/python3.10/site-packages/airflow/example_dags/example_sensor_decorator.py                                                          1           0  0.10s           2025-07-04T07:12:20
/home/tejhanagarajan/Projects/small-projects/NewsImpact/venv/lib64/python3.10/site-packages/airflow/example_dags/example_sensors.py                                                                   1           0  0.10s           2025-07-04T07:12:20
/home/tejhanagarajan/Projects/small-projects/NewsImpact/venv/lib64/python3.10/site-packages/airflow/example_dags/example_setup_teardown.py                                                            1           0  0.10s           2025-07-04T07:12:19
/home/tejhanagarajan/Projects/small-projects/NewsImpact/venv/lib64/python3.10/site-packages/airflow/example_dags/example_setup_teardown_taskflow.py                                                   1           0  0.10s           2025-07-04T07:12:17
/home/tejhanagarajan/Projects/small-projects/NewsImpact/venv/lib64/python3.10/site-packages/airflow/example_dags/example_short_circuit_decorator.py                                                   1           0  0.10s           2025-07-04T07:12:16
/home/tejhanagarajan/Projects/small-projects/NewsImpact/venv/lib64/python3.10/site-packages/airflow/example_dags/example_short_circuit_operator.py                                                    1           0  0.10s           2025-07-04T07:12:15
/home/tejhanagarajan/Projects/small-projects/NewsImpact/venv/lib64/python3.10/site-packages/airflow/example_dags/example_skip_dag.py                                                                  1           0  0.10s           2025-07-04T07:12:15
/home/tejhanagarajan/Projects/small-projects/NewsImpact/venv/lib64/python3.10/site-packages/airflow/example_dags/example_sla_dag.py                                                                   1           0  0.10s           2025-07-04T07:12:13
/home/tejhanagarajan/Projects/small-projects/NewsImpact/venv/lib64/python3.10/site-packages/airflow/example_dags/example_task_group.py                                                                1           0  0.10s           2025-07-04T07:12:11
/home/tejhanagarajan/Projects/small-projects/NewsImpact/venv/lib64/python3.10/site-packages/airflow/example_dags/example_task_group_decorator.py                                                      1           0  0.10s           2025-07-04T07:12:10
/home/tejhanagarajan/Projects/small-projects/NewsImpact/venv/lib64/python3.10/site-packages/airflow/example_dags/example_time_delta_sensor_async.py                                                   1           0  0.10s           2025-07-04T07:12:10
/home/tejhanagarajan/Projects/small-projects/NewsImpact/venv/lib64/python3.10/site-packages/airflow/example_dags/example_trigger_controller_dag.py                                                    1           0  0.10s           2025-07-04T07:12:08
/home/tejhanagarajan/Projects/small-projects/NewsImpact/venv/lib64/python3.10/site-packages/airflow/example_dags/example_trigger_target_dag.py                                                        1           0  0.10s           2025-07-04T07:12:07
/home/tejhanagarajan/Projects/small-projects/NewsImpact/venv/lib64/python3.10/site-packages/airflow/example_dags/example_xcom.py                                                                      1           0  0.10s           2025-07-04T07:12:06
/home/tejhanagarajan/Projects/small-projects/NewsImpact/venv/lib64/python3.10/site-packages/airflow/example_dags/tutorial.py                                                                          1           0  0.10s           2025-07-04T07:12:04
/home/tejhanagarajan/Projects/small-projects/NewsImpact/venv/lib64/python3.10/site-packages/airflow/example_dags/tutorial_dag.py                                                                      1           0  0.10s           2025-07-04T07:12:03
/home/tejhanagarajan/Projects/small-projects/NewsImpact/venv/lib64/python3.10/site-packages/airflow/example_dags/tutorial_objectstorage.py                                                            1           0  0.10s           2025-07-04T07:12:02
/home/tejhanagarajan/Projects/small-projects/NewsImpact/venv/lib64/python3.10/site-packages/airflow/example_dags/tutorial_taskflow_api.py                                                             1           0  0.10s           2025-07-04T07:12:01
/home/tejhanagarajan/Projects/small-projects/NewsImpact/venv/lib64/python3.10/site-packages/airflow/example_dags/tutorial_taskflow_api_virtualenv.py                                                  1           0  0.20s           2025-07-04T07:12:00
/home/tejhanagarajan/Projects/small-projects/NewsImpact/venv/lib64/python3.10/site-packages/airflow/example_dags/example_xcomargs.py                                                                  2           0  0.10s           2025-07-04T07:12:05
/home/tejhanagarajan/Projects/small-projects/NewsImpact/venv/lib64/python3.10/site-packages/airflow/example_dags/example_subdag_operator.py                                                           3           0  0.10s           2025-07-04T07:12:12
================================================================================
[2025-07-04T12:42:55.891+0530] {manager.py:879} INFO - 
================================================================================
DAG File Processing Stats

File Path                                                                                                                                                                    PID    Runtime      # DAGs    # Errors  Last Runtime    Last Run
---------------------------------------------------------------------------------------------------------------------------------------------------------------------------  -----  ---------  --------  ----------  --------------  -------------------
/home/tejhanagarajan/Projects/small-projects/NewsImpact/venv/lib64/python3.10/site-packages/airflow/example_dags/example_kubernetes_executor.py                                                       0           0  0.10s           2025-07-04T07:12:29
/home/tejhanagarajan/Projects/small-projects/NewsImpact/venv/lib64/python3.10/site-packages/airflow/example_dags/example_local_kubernetes_executor.py                                                 0           0  0.10s           2025-07-04T07:12:25
/home/tejhanagarajan/Projects/small-projects/NewsImpact/venv/lib64/python3.10/site-packages/airflow/example_dags/plugins/event_listener.py                                                            0           0  0.10s           2025-07-04T07:12:46
/home/tejhanagarajan/Projects/small-projects/NewsImpact/venv/lib64/python3.10/site-packages/airflow/example_dags/plugins/listener_plugin.py                                                           0           0  0.10s           2025-07-04T07:12:46
/home/tejhanagarajan/Projects/small-projects/NewsImpact/venv/lib64/python3.10/site-packages/airflow/example_dags/plugins/workday.py                                                                   0           0  0.30s           2025-07-04T07:12:44
/home/tejhanagarajan/Projects/small-projects/NewsImpact/venv/lib64/python3.10/site-packages/airflow/example_dags/subdags/subdag.py                                                                    0           0  0.10s           2025-07-04T07:12:43
/home/tejhanagarajan/Projects/small-projects/NewsImpact/airflow/dags/correlate_dag.py                                                                                                                 1           0  0.10s           2025-07-04T07:12:42
/home/tejhanagarajan/Projects/small-projects/NewsImpact/venv/lib64/python3.10/site-packages/airflow/example_dags/example_bash_operator.py                                                             1           0  0.10s           2025-07-04T07:12:41
/home/tejhanagarajan/Projects/small-projects/NewsImpact/venv/lib64/python3.10/site-packages/airflow/example_dags/example_branch_day_of_week_operator.py                                               1           0  0.10s           2025-07-04T07:12:39
/home/tejhanagarajan/Projects/small-projects/NewsImpact/venv/lib64/python3.10/site-packages/airflow/example_dags/example_branch_labels.py                                                             1           0  0.10s           2025-07-04T07:12:38
/home/tejhanagarajan/Projects/small-projects/NewsImpact/venv/lib64/python3.10/site-packages/airflow/example_dags/example_branch_operator.py                                                           1           0  0.10s           2025-07-04T07:12:37
/home/tejhanagarajan/Projects/small-projects/NewsImpact/venv/lib64/python3.10/site-packages/airflow/example_dags/example_branch_operator_decorator.py                                                 1           0  0.10s           2025-07-04T07:12:36
/home/tejhanagarajan/Projects/small-projects/NewsImpact/venv/lib64/python3.10/site-packages/airflow/example_dags/example_branch_python_dop_operator_3.py                                              1           0  0.10s           2025-07-04T07:12:35
/home/tejhanagarajan/Projects/small-projects/NewsImpact/venv/lib64/python3.10/site-packages/airflow/example_dags/example_complex.py                                                                   1           0  0.10s           2025-07-04T07:12:35
/home/tejhanagarajan/Projects/small-projects/NewsImpact/venv/lib64/python3.10/site-packages/airflow/example_dags/example_dag_decorator.py                                                             1           0  0.20s           2025-07-04T07:12:34
/home/tejhanagarajan/Projects/small-projects/NewsImpact/venv/lib64/python3.10/site-packages/airflow/example_dags/example_dynamic_task_mapping.py                                                      1           0  0.10s           2025-07-04T07:12:32
/home/tejhanagarajan/Projects/small-projects/NewsImpact/venv/lib64/python3.10/site-packages/airflow/example_dags/example_dynamic_task_mapping_with_no_taskflow_operators.py                           1           0  0.10s           2025-07-04T07:12:31
/home/tejhanagarajan/Projects/small-projects/NewsImpact/venv/lib64/python3.10/site-packages/airflow/example_dags/example_latest_only.py                                                               1           0  0.10s           2025-07-04T07:12:28
/home/tejhanagarajan/Projects/small-projects/NewsImpact/venv/lib64/python3.10/site-packages/airflow/example_dags/example_latest_only_with_trigger.py                                                  1           0  0.10s           2025-07-04T07:12:27
/home/tejhanagarajan/Projects/small-projects/NewsImpact/venv/lib64/python3.10/site-packages/airflow/example_dags/example_nested_branch_dag.py                                                         1           0  0.10s           2025-07-04T07:12:25
/home/tejhanagarajan/Projects/small-projects/NewsImpact/venv/lib64/python3.10/site-packages/airflow/example_dags/example_params_trigger_ui.py                                                         1           0  0.10s           2025-07-04T07:12:25
/home/tejhanagarajan/Projects/small-projects/NewsImpact/venv/lib64/python3.10/site-packages/airflow/example_dags/example_params_ui_tutorial.py                                                        1           0  0.10s           2025-07-04T07:12:25
/home/tejhanagarajan/Projects/small-projects/NewsImpact/venv/lib64/python3.10/site-packages/airflow/example_dags/example_passing_params_via_test_command.py                                           1           0  0.10s           2025-07-04T07:12:24
/home/tejhanagarajan/Projects/small-projects/NewsImpact/venv/lib64/python3.10/site-packages/airflow/example_dags/example_python_decorator.py                                                          1           0  0.10s           2025-07-04T07:12:23
/home/tejhanagarajan/Projects/small-projects/NewsImpact/venv/lib64/python3.10/site-packages/airflow/example_dags/example_python_operator.py                                                           1           0  0.10s           2025-07-04T07:12:21
/home/tejhanagarajan/Projects/small-projects/NewsImpact/venv/lib64/python3.10/site-packages/airflow/example_dags/example_sensor_decorator.py                                                          1           0  0.10s           2025-07-04T07:12:20
/home/tejhanagarajan/Projects/small-projects/NewsImpact/venv/lib64/python3.10/site-packages/airflow/example_dags/example_sensors.py                                                                   1           0  0.10s           2025-07-04T07:12:20
/home/tejhanagarajan/Projects/small-projects/NewsImpact/venv/lib64/python3.10/site-packages/airflow/example_dags/example_setup_teardown.py                                                            1           0  0.10s           2025-07-04T07:12:19
/home/tejhanagarajan/Projects/small-projects/NewsImpact/venv/lib64/python3.10/site-packages/airflow/example_dags/example_setup_teardown_taskflow.py                                                   1           0  0.10s           2025-07-04T07:12:17
/home/tejhanagarajan/Projects/small-projects/NewsImpact/venv/lib64/python3.10/site-packages/airflow/example_dags/example_short_circuit_decorator.py                                                   1           0  0.10s           2025-07-04T07:12:16
/home/tejhanagarajan/Projects/small-projects/NewsImpact/venv/lib64/python3.10/site-packages/airflow/example_dags/example_short_circuit_operator.py                                                    1           0  0.10s           2025-07-04T07:12:15
/home/tejhanagarajan/Projects/small-projects/NewsImpact/venv/lib64/python3.10/site-packages/airflow/example_dags/example_skip_dag.py                                                                  1           0  0.10s           2025-07-04T07:12:15
/home/tejhanagarajan/Projects/small-projects/NewsImpact/venv/lib64/python3.10/site-packages/airflow/example_dags/example_sla_dag.py                                                                   1           0  0.10s           2025-07-04T07:12:13
/home/tejhanagarajan/Projects/small-projects/NewsImpact/venv/lib64/python3.10/site-packages/airflow/example_dags/example_task_group.py                                                                1           0  0.10s           2025-07-04T07:12:11
/home/tejhanagarajan/Projects/small-projects/NewsImpact/venv/lib64/python3.10/site-packages/airflow/example_dags/example_task_group_decorator.py                                                      1           0  0.10s           2025-07-04T07:12:10
/home/tejhanagarajan/Projects/small-projects/NewsImpact/venv/lib64/python3.10/site-packages/airflow/example_dags/example_time_delta_sensor_async.py                                                   1           0  0.10s           2025-07-04T07:12:55
/home/tejhanagarajan/Projects/small-projects/NewsImpact/venv/lib64/python3.10/site-packages/airflow/example_dags/example_trigger_controller_dag.py                                                    1           0  0.10s           2025-07-04T07:12:55
/home/tejhanagarajan/Projects/small-projects/NewsImpact/venv/lib64/python3.10/site-packages/airflow/example_dags/example_trigger_target_dag.py                                                        1           0  0.10s           2025-07-04T07:12:55
/home/tejhanagarajan/Projects/small-projects/NewsImpact/venv/lib64/python3.10/site-packages/airflow/example_dags/example_xcom.py                                                                      1           0  0.10s           2025-07-04T07:12:53
/home/tejhanagarajan/Projects/small-projects/NewsImpact/venv/lib64/python3.10/site-packages/airflow/example_dags/tutorial.py                                                                          1           0  0.10s           2025-07-04T07:12:51
/home/tejhanagarajan/Projects/small-projects/NewsImpact/venv/lib64/python3.10/site-packages/airflow/example_dags/tutorial_dag.py                                                                      1           0  0.10s           2025-07-04T07:12:51
/home/tejhanagarajan/Projects/small-projects/NewsImpact/venv/lib64/python3.10/site-packages/airflow/example_dags/tutorial_objectstorage.py                                                            1           0  0.10s           2025-07-04T07:12:49
/home/tejhanagarajan/Projects/small-projects/NewsImpact/venv/lib64/python3.10/site-packages/airflow/example_dags/tutorial_taskflow_api.py                                                             1           0  0.10s           2025-07-04T07:12:48
/home/tejhanagarajan/Projects/small-projects/NewsImpact/venv/lib64/python3.10/site-packages/airflow/example_dags/tutorial_taskflow_api_virtualenv.py                                                  1           0  0.10s           2025-07-04T07:12:47
/home/tejhanagarajan/Projects/small-projects/NewsImpact/venv/lib64/python3.10/site-packages/airflow/example_dags/example_external_task_marker_dag.py                                                  2           0  0.10s           2025-07-04T07:12:30
/home/tejhanagarajan/Projects/small-projects/NewsImpact/venv/lib64/python3.10/site-packages/airflow/example_dags/example_xcomargs.py                                                                  2           0  0.10s           2025-07-04T07:12:52
/home/tejhanagarajan/Projects/small-projects/NewsImpact/venv/lib64/python3.10/site-packages/airflow/example_dags/example_branch_datetime_operator.py                                                  3           0  0.10s           2025-07-04T07:12:40
/home/tejhanagarajan/Projects/small-projects/NewsImpact/venv/lib64/python3.10/site-packages/airflow/example_dags/example_subdag_operator.py                                                           3           0  0.10s           2025-07-04T07:12:12
/home/tejhanagarajan/Projects/small-projects/NewsImpact/venv/lib64/python3.10/site-packages/airflow/example_dags/example_datasets.py                                                                  6           0  0.10s           2025-07-04T07:12:33
================================================================================
[2025-07-04T12:43:26.171+0530] {manager.py:879} INFO - 
================================================================================
DAG File Processing Stats

File Path                                                                                                                                                                    PID    Runtime      # DAGs    # Errors  Last Runtime    Last Run
---------------------------------------------------------------------------------------------------------------------------------------------------------------------------  -----  ---------  --------  ----------  --------------  -------------------
/home/tejhanagarajan/Projects/small-projects/NewsImpact/venv/lib64/python3.10/site-packages/airflow/example_dags/example_kubernetes_executor.py                                                       0           0  0.10s           2025-07-04T07:13:19
/home/tejhanagarajan/Projects/small-projects/NewsImpact/venv/lib64/python3.10/site-packages/airflow/example_dags/example_local_kubernetes_executor.py                                                 0           0  0.10s           2025-07-04T07:13:13
/home/tejhanagarajan/Projects/small-projects/NewsImpact/venv/lib64/python3.10/site-packages/airflow/example_dags/plugins/event_listener.py                                                            0           0  0.10s           2025-07-04T07:12:46
/home/tejhanagarajan/Projects/small-projects/NewsImpact/venv/lib64/python3.10/site-packages/airflow/example_dags/plugins/listener_plugin.py                                                           0           0  0.10s           2025-07-04T07:13:18
/home/tejhanagarajan/Projects/small-projects/NewsImpact/venv/lib64/python3.10/site-packages/airflow/example_dags/plugins/workday.py                                                                   0           0  0.30s           2025-07-04T07:13:17
/home/tejhanagarajan/Projects/small-projects/NewsImpact/venv/lib64/python3.10/site-packages/airflow/example_dags/subdags/subdag.py                                                                    0           0  0.10s           2025-07-04T07:13:16
/home/tejhanagarajan/Projects/small-projects/NewsImpact/airflow/dags/correlate_dag.py                                                                                                                 1           0  0.10s           2025-07-04T07:12:42
/home/tejhanagarajan/Projects/small-projects/NewsImpact/venv/lib64/python3.10/site-packages/airflow/example_dags/example_bash_operator.py                                                             1           0  0.10s           2025-07-04T07:12:41
/home/tejhanagarajan/Projects/small-projects/NewsImpact/venv/lib64/python3.10/site-packages/airflow/example_dags/example_branch_day_of_week_operator.py                                               1           0  0.10s           2025-07-04T07:12:39
/home/tejhanagarajan/Projects/small-projects/NewsImpact/venv/lib64/python3.10/site-packages/airflow/example_dags/example_branch_labels.py                                                             1           0  0.10s           2025-07-04T07:12:38
/home/tejhanagarajan/Projects/small-projects/NewsImpact/venv/lib64/python3.10/site-packages/airflow/example_dags/example_branch_operator.py                                                           1           0  0.10s           2025-07-04T07:12:37
/home/tejhanagarajan/Projects/small-projects/NewsImpact/venv/lib64/python3.10/site-packages/airflow/example_dags/example_branch_operator_decorator.py                                                 1           0  0.10s           2025-07-04T07:12:36
/home/tejhanagarajan/Projects/small-projects/NewsImpact/venv/lib64/python3.10/site-packages/airflow/example_dags/example_branch_python_dop_operator_3.py                                              1           0  0.10s           2025-07-04T07:12:35
/home/tejhanagarajan/Projects/small-projects/NewsImpact/venv/lib64/python3.10/site-packages/airflow/example_dags/example_complex.py                                                                   1           0  0.10s           2025-07-04T07:13:26
/home/tejhanagarajan/Projects/small-projects/NewsImpact/venv/lib64/python3.10/site-packages/airflow/example_dags/example_dag_decorator.py                                                             1           0  0.20s           2025-07-04T07:13:25
/home/tejhanagarajan/Projects/small-projects/NewsImpact/venv/lib64/python3.10/site-packages/airflow/example_dags/example_dynamic_task_mapping.py                                                      1           0  0.10s           2025-07-04T07:13:22
/home/tejhanagarajan/Projects/small-projects/NewsImpact/venv/lib64/python3.10/site-packages/airflow/example_dags/example_dynamic_task_mapping_with_no_taskflow_operators.py                           1           0  0.10s           2025-07-04T07:13:22
/home/tejhanagarajan/Projects/small-projects/NewsImpact/venv/lib64/python3.10/site-packages/airflow/example_dags/example_latest_only.py                                                               1           0  0.10s           2025-07-04T07:13:15
/home/tejhanagarajan/Projects/small-projects/NewsImpact/venv/lib64/python3.10/site-packages/airflow/example_dags/example_latest_only_with_trigger.py                                                  1           0  0.10s           2025-07-04T07:13:14
/home/tejhanagarajan/Projects/small-projects/NewsImpact/venv/lib64/python3.10/site-packages/airflow/example_dags/example_nested_branch_dag.py                                                         1           0  0.10s           2025-07-04T07:13:12
/home/tejhanagarajan/Projects/small-projects/NewsImpact/venv/lib64/python3.10/site-packages/airflow/example_dags/example_params_trigger_ui.py                                                         1           0  0.10s           2025-07-04T07:13:11
/home/tejhanagarajan/Projects/small-projects/NewsImpact/venv/lib64/python3.10/site-packages/airflow/example_dags/example_params_ui_tutorial.py                                                        1           0  0.10s           2025-07-04T07:13:10
/home/tejhanagarajan/Projects/small-projects/NewsImpact/venv/lib64/python3.10/site-packages/airflow/example_dags/example_passing_params_via_test_command.py                                           1           0  0.10s           2025-07-04T07:13:09
/home/tejhanagarajan/Projects/small-projects/NewsImpact/venv/lib64/python3.10/site-packages/airflow/example_dags/example_python_decorator.py                                                          1           0  0.10s           2025-07-04T07:13:08
/home/tejhanagarajan/Projects/small-projects/NewsImpact/venv/lib64/python3.10/site-packages/airflow/example_dags/example_python_operator.py                                                           1           0  0.10s           2025-07-04T07:13:07
/home/tejhanagarajan/Projects/small-projects/NewsImpact/venv/lib64/python3.10/site-packages/airflow/example_dags/example_sensor_decorator.py                                                          1           0  0.10s           2025-07-04T07:13:06
/home/tejhanagarajan/Projects/small-projects/NewsImpact/venv/lib64/python3.10/site-packages/airflow/example_dags/example_sensors.py                                                                   1           0  0.10s           2025-07-04T07:13:05
/home/tejhanagarajan/Projects/small-projects/NewsImpact/venv/lib64/python3.10/site-packages/airflow/example_dags/example_setup_teardown.py                                                            1           0  0.10s           2025-07-04T07:13:04
/home/tejhanagarajan/Projects/small-projects/NewsImpact/venv/lib64/python3.10/site-packages/airflow/example_dags/example_setup_teardown_taskflow.py                                                   1           0  0.10s           2025-07-04T07:13:03
/home/tejhanagarajan/Projects/small-projects/NewsImpact/venv/lib64/python3.10/site-packages/airflow/example_dags/example_short_circuit_decorator.py                                                   1           0  0.10s           2025-07-04T07:13:01
/home/tejhanagarajan/Projects/small-projects/NewsImpact/venv/lib64/python3.10/site-packages/airflow/example_dags/example_short_circuit_operator.py                                                    1           0  0.10s           2025-07-04T07:13:01
/home/tejhanagarajan/Projects/small-projects/NewsImpact/venv/lib64/python3.10/site-packages/airflow/example_dags/example_skip_dag.py                                                                  1           0  0.10s           2025-07-04T07:13:00
/home/tejhanagarajan/Projects/small-projects/NewsImpact/venv/lib64/python3.10/site-packages/airflow/example_dags/example_sla_dag.py                                                                   1           0  0.10s           2025-07-04T07:12:59
/home/tejhanagarajan/Projects/small-projects/NewsImpact/venv/lib64/python3.10/site-packages/airflow/example_dags/example_task_group.py                                                                1           0  0.10s           2025-07-04T07:12:56
/home/tejhanagarajan/Projects/small-projects/NewsImpact/venv/lib64/python3.10/site-packages/airflow/example_dags/example_task_group_decorator.py                                                      1           0  0.10s           2025-07-04T07:12:56
/home/tejhanagarajan/Projects/small-projects/NewsImpact/venv/lib64/python3.10/site-packages/airflow/example_dags/example_time_delta_sensor_async.py                                                   1           0  0.10s           2025-07-04T07:12:55
/home/tejhanagarajan/Projects/small-projects/NewsImpact/venv/lib64/python3.10/site-packages/airflow/example_dags/example_trigger_controller_dag.py                                                    1           0  0.10s           2025-07-04T07:12:55
/home/tejhanagarajan/Projects/small-projects/NewsImpact/venv/lib64/python3.10/site-packages/airflow/example_dags/example_trigger_target_dag.py                                                        1           0  0.10s           2025-07-04T07:12:55
/home/tejhanagarajan/Projects/small-projects/NewsImpact/venv/lib64/python3.10/site-packages/airflow/example_dags/example_xcom.py                                                                      1           0  0.10s           2025-07-04T07:12:53
/home/tejhanagarajan/Projects/small-projects/NewsImpact/venv/lib64/python3.10/site-packages/airflow/example_dags/tutorial.py                                                                          1           0  0.10s           2025-07-04T07:12:51
/home/tejhanagarajan/Projects/small-projects/NewsImpact/venv/lib64/python3.10/site-packages/airflow/example_dags/tutorial_dag.py                                                                      1           0  0.10s           2025-07-04T07:12:51
/home/tejhanagarajan/Projects/small-projects/NewsImpact/venv/lib64/python3.10/site-packages/airflow/example_dags/tutorial_objectstorage.py                                                            1           0  0.10s           2025-07-04T07:12:49
/home/tejhanagarajan/Projects/small-projects/NewsImpact/venv/lib64/python3.10/site-packages/airflow/example_dags/tutorial_taskflow_api.py                                                             1           0  0.10s           2025-07-04T07:12:48
/home/tejhanagarajan/Projects/small-projects/NewsImpact/venv/lib64/python3.10/site-packages/airflow/example_dags/tutorial_taskflow_api_virtualenv.py                                                  1           0  0.10s           2025-07-04T07:12:47
/home/tejhanagarajan/Projects/small-projects/NewsImpact/venv/lib64/python3.10/site-packages/airflow/example_dags/example_external_task_marker_dag.py                                                  2           0  0.10s           2025-07-04T07:13:20
/home/tejhanagarajan/Projects/small-projects/NewsImpact/venv/lib64/python3.10/site-packages/airflow/example_dags/example_xcomargs.py                                                                  2           0  0.10s           2025-07-04T07:12:52
/home/tejhanagarajan/Projects/small-projects/NewsImpact/venv/lib64/python3.10/site-packages/airflow/example_dags/example_branch_datetime_operator.py                                                  3           0  0.10s           2025-07-04T07:12:40
/home/tejhanagarajan/Projects/small-projects/NewsImpact/venv/lib64/python3.10/site-packages/airflow/example_dags/example_subdag_operator.py                                                           3           0  0.10s           2025-07-04T07:12:57
/home/tejhanagarajan/Projects/small-projects/NewsImpact/venv/lib64/python3.10/site-packages/airflow/example_dags/example_datasets.py                                                                  6           0  0.10s           2025-07-04T07:13:23
================================================================================
[2025-07-04T12:43:56.439+0530] {manager.py:879} INFO - 
================================================================================
DAG File Processing Stats

File Path                                                                                                                                                                    PID    Runtime      # DAGs    # Errors  Last Runtime    Last Run
---------------------------------------------------------------------------------------------------------------------------------------------------------------------------  -----  ---------  --------  ----------  --------------  -------------------
/home/tejhanagarajan/Projects/small-projects/NewsImpact/venv/lib64/python3.10/site-packages/airflow/example_dags/example_kubernetes_executor.py                                                       0           0  0.10s           2025-07-04T07:13:19
/home/tejhanagarajan/Projects/small-projects/NewsImpact/venv/lib64/python3.10/site-packages/airflow/example_dags/example_local_kubernetes_executor.py                                                 0           0  0.10s           2025-07-04T07:13:13
/home/tejhanagarajan/Projects/small-projects/NewsImpact/venv/lib64/python3.10/site-packages/airflow/example_dags/plugins/event_listener.py                                                            0           0  0.10s           2025-07-04T07:13:35
/home/tejhanagarajan/Projects/small-projects/NewsImpact/venv/lib64/python3.10/site-packages/airflow/example_dags/plugins/listener_plugin.py                                                           0           0  0.10s           2025-07-04T07:13:55
/home/tejhanagarajan/Projects/small-projects/NewsImpact/venv/lib64/python3.10/site-packages/airflow/example_dags/plugins/workday.py                                                                   0           0  0.30s           2025-07-04T07:13:54
/home/tejhanagarajan/Projects/small-projects/NewsImpact/venv/lib64/python3.10/site-packages/airflow/example_dags/subdags/subdag.py                                                                    0           0  0.10s           2025-07-04T07:13:53
/home/tejhanagarajan/Projects/small-projects/NewsImpact/airflow/dags/correlate_dag.py                                                                                                                 1           0  0.10s           2025-07-04T07:13:34
/home/tejhanagarajan/Projects/small-projects/NewsImpact/venv/lib64/python3.10/site-packages/airflow/example_dags/example_bash_operator.py                                                             1           0  0.10s           2025-07-04T07:13:32
/home/tejhanagarajan/Projects/small-projects/NewsImpact/venv/lib64/python3.10/site-packages/airflow/example_dags/example_branch_day_of_week_operator.py                                               1           0  0.10s           2025-07-04T07:13:31
/home/tejhanagarajan/Projects/small-projects/NewsImpact/venv/lib64/python3.10/site-packages/airflow/example_dags/example_branch_labels.py                                                             1           0  0.10s           2025-07-04T07:13:30
/home/tejhanagarajan/Projects/small-projects/NewsImpact/venv/lib64/python3.10/site-packages/airflow/example_dags/example_branch_operator.py                                                           1           0  0.10s           2025-07-04T07:13:28
/home/tejhanagarajan/Projects/small-projects/NewsImpact/venv/lib64/python3.10/site-packages/airflow/example_dags/example_branch_operator_decorator.py                                                 1           0  0.20s           2025-07-04T07:13:27
/home/tejhanagarajan/Projects/small-projects/NewsImpact/venv/lib64/python3.10/site-packages/airflow/example_dags/example_branch_python_dop_operator_3.py                                              1           0  0.10s           2025-07-04T07:13:26
/home/tejhanagarajan/Projects/small-projects/NewsImpact/venv/lib64/python3.10/site-packages/airflow/example_dags/example_complex.py                                                                   1           0  0.10s           2025-07-04T07:13:26
/home/tejhanagarajan/Projects/small-projects/NewsImpact/venv/lib64/python3.10/site-packages/airflow/example_dags/example_dag_decorator.py                                                             1           0  0.20s           2025-07-04T07:13:25
/home/tejhanagarajan/Projects/small-projects/NewsImpact/venv/lib64/python3.10/site-packages/airflow/example_dags/example_dynamic_task_mapping.py                                                      1           0  0.10s           2025-07-04T07:13:22
/home/tejhanagarajan/Projects/small-projects/NewsImpact/venv/lib64/python3.10/site-packages/airflow/example_dags/example_dynamic_task_mapping_with_no_taskflow_operators.py                           1           0  0.10s           2025-07-04T07:13:22
/home/tejhanagarajan/Projects/small-projects/NewsImpact/venv/lib64/python3.10/site-packages/airflow/example_dags/example_latest_only.py                                                               1           0  0.10s           2025-07-04T07:13:15
/home/tejhanagarajan/Projects/small-projects/NewsImpact/venv/lib64/python3.10/site-packages/airflow/example_dags/example_latest_only_with_trigger.py                                                  1           0  0.10s           2025-07-04T07:13:14
/home/tejhanagarajan/Projects/small-projects/NewsImpact/venv/lib64/python3.10/site-packages/airflow/example_dags/example_nested_branch_dag.py                                                         1           0  0.10s           2025-07-04T07:13:12
/home/tejhanagarajan/Projects/small-projects/NewsImpact/venv/lib64/python3.10/site-packages/airflow/example_dags/example_params_trigger_ui.py                                                         1           0  0.10s           2025-07-04T07:13:11
/home/tejhanagarajan/Projects/small-projects/NewsImpact/venv/lib64/python3.10/site-packages/airflow/example_dags/example_params_ui_tutorial.py                                                        1           0  0.10s           2025-07-04T07:13:10
/home/tejhanagarajan/Projects/small-projects/NewsImpact/venv/lib64/python3.10/site-packages/airflow/example_dags/example_passing_params_via_test_command.py                                           1           0  0.10s           2025-07-04T07:13:09
/home/tejhanagarajan/Projects/small-projects/NewsImpact/venv/lib64/python3.10/site-packages/airflow/example_dags/example_python_decorator.py                                                          1           0  0.10s           2025-07-04T07:13:08
/home/tejhanagarajan/Projects/small-projects/NewsImpact/venv/lib64/python3.10/site-packages/airflow/example_dags/example_python_operator.py                                                           1           0  0.10s           2025-07-04T07:13:07
/home/tejhanagarajan/Projects/small-projects/NewsImpact/venv/lib64/python3.10/site-packages/airflow/example_dags/example_sensor_decorator.py                                                          1           0  0.10s           2025-07-04T07:13:06
/home/tejhanagarajan/Projects/small-projects/NewsImpact/venv/lib64/python3.10/site-packages/airflow/example_dags/example_sensors.py                                                                   1           0  0.10s           2025-07-04T07:13:56
/home/tejhanagarajan/Projects/small-projects/NewsImpact/venv/lib64/python3.10/site-packages/airflow/example_dags/example_setup_teardown.py                                                            1           0  0.10s           2025-07-04T07:13:52
/home/tejhanagarajan/Projects/small-projects/NewsImpact/venv/lib64/python3.10/site-packages/airflow/example_dags/example_setup_teardown_taskflow.py                                                   1           0  0.10s           2025-07-04T07:13:51
/home/tejhanagarajan/Projects/small-projects/NewsImpact/venv/lib64/python3.10/site-packages/airflow/example_dags/example_short_circuit_decorator.py                                                   1           0  0.10s           2025-07-04T07:13:50
/home/tejhanagarajan/Projects/small-projects/NewsImpact/venv/lib64/python3.10/site-packages/airflow/example_dags/example_short_circuit_operator.py                                                    1           0  0.10s           2025-07-04T07:13:49
/home/tejhanagarajan/Projects/small-projects/NewsImpact/venv/lib64/python3.10/site-packages/airflow/example_dags/example_skip_dag.py                                                                  1           0  0.10s           2025-07-04T07:13:48
/home/tejhanagarajan/Projects/small-projects/NewsImpact/venv/lib64/python3.10/site-packages/airflow/example_dags/example_sla_dag.py                                                                   1           0  0.10s           2025-07-04T07:13:47
/home/tejhanagarajan/Projects/small-projects/NewsImpact/venv/lib64/python3.10/site-packages/airflow/example_dags/example_task_group.py                                                                1           0  0.10s           2025-07-04T07:13:46
/home/tejhanagarajan/Projects/small-projects/NewsImpact/venv/lib64/python3.10/site-packages/airflow/example_dags/example_task_group_decorator.py                                                      1           0  0.10s           2025-07-04T07:13:45
/home/tejhanagarajan/Projects/small-projects/NewsImpact/venv/lib64/python3.10/site-packages/airflow/example_dags/example_time_delta_sensor_async.py                                                   1           0  0.10s           2025-07-04T07:13:44
/home/tejhanagarajan/Projects/small-projects/NewsImpact/venv/lib64/python3.10/site-packages/airflow/example_dags/example_trigger_controller_dag.py                                                    1           0  0.10s           2025-07-04T07:13:43
/home/tejhanagarajan/Projects/small-projects/NewsImpact/venv/lib64/python3.10/site-packages/airflow/example_dags/example_trigger_target_dag.py                                                        1           0  0.10s           2025-07-04T07:13:42
/home/tejhanagarajan/Projects/small-projects/NewsImpact/venv/lib64/python3.10/site-packages/airflow/example_dags/example_xcom.py                                                                      1           0  0.10s           2025-07-04T07:13:41
/home/tejhanagarajan/Projects/small-projects/NewsImpact/venv/lib64/python3.10/site-packages/airflow/example_dags/tutorial.py                                                                          1           0  0.10s           2025-07-04T07:13:39
/home/tejhanagarajan/Projects/small-projects/NewsImpact/venv/lib64/python3.10/site-packages/airflow/example_dags/tutorial_dag.py                                                                      1           0  0.10s           2025-07-04T07:13:38
/home/tejhanagarajan/Projects/small-projects/NewsImpact/venv/lib64/python3.10/site-packages/airflow/example_dags/tutorial_objectstorage.py                                                            1           0  0.10s           2025-07-04T07:13:37
/home/tejhanagarajan/Projects/small-projects/NewsImpact/venv/lib64/python3.10/site-packages/airflow/example_dags/tutorial_taskflow_api.py                                                             1           0  0.10s           2025-07-04T07:13:36
/home/tejhanagarajan/Projects/small-projects/NewsImpact/venv/lib64/python3.10/site-packages/airflow/example_dags/tutorial_taskflow_api_virtualenv.py                                                  1           0  0.10s           2025-07-04T07:13:36
/home/tejhanagarajan/Projects/small-projects/NewsImpact/venv/lib64/python3.10/site-packages/airflow/example_dags/example_external_task_marker_dag.py                                                  2           0  0.10s           2025-07-04T07:13:20
/home/tejhanagarajan/Projects/small-projects/NewsImpact/venv/lib64/python3.10/site-packages/airflow/example_dags/example_xcomargs.py                                                                  2           0  0.10s           2025-07-04T07:13:40
/home/tejhanagarajan/Projects/small-projects/NewsImpact/venv/lib64/python3.10/site-packages/airflow/example_dags/example_branch_datetime_operator.py                                                  3           0  0.10s           2025-07-04T07:13:32
/home/tejhanagarajan/Projects/small-projects/NewsImpact/venv/lib64/python3.10/site-packages/airflow/example_dags/example_subdag_operator.py                                                           3           0  0.11s           2025-07-04T07:13:46
/home/tejhanagarajan/Projects/small-projects/NewsImpact/venv/lib64/python3.10/site-packages/airflow/example_dags/example_datasets.py                                                                  6           0  0.10s           2025-07-04T07:13:23
================================================================================
[2025-07-04T12:44:26.702+0530] {manager.py:879} INFO - 
================================================================================
DAG File Processing Stats

File Path                                                                                                                                                                    PID    Runtime      # DAGs    # Errors  Last Runtime    Last Run
---------------------------------------------------------------------------------------------------------------------------------------------------------------------------  -----  ---------  --------  ----------  --------------  -------------------
/home/tejhanagarajan/Projects/small-projects/NewsImpact/venv/lib64/python3.10/site-packages/airflow/example_dags/example_kubernetes_executor.py                                                       0           0  0.10s           2025-07-04T07:14:07
/home/tejhanagarajan/Projects/small-projects/NewsImpact/venv/lib64/python3.10/site-packages/airflow/example_dags/example_local_kubernetes_executor.py                                                 0           0  0.10s           2025-07-04T07:14:03
/home/tejhanagarajan/Projects/small-projects/NewsImpact/venv/lib64/python3.10/site-packages/airflow/example_dags/plugins/event_listener.py                                                            0           0  0.10s           2025-07-04T07:14:11
/home/tejhanagarajan/Projects/small-projects/NewsImpact/venv/lib64/python3.10/site-packages/airflow/example_dags/plugins/listener_plugin.py                                                           0           0  0.10s           2025-07-04T07:13:55
/home/tejhanagarajan/Projects/small-projects/NewsImpact/venv/lib64/python3.10/site-packages/airflow/example_dags/plugins/workday.py                                                                   0           0  0.30s           2025-07-04T07:13:54
/home/tejhanagarajan/Projects/small-projects/NewsImpact/venv/lib64/python3.10/site-packages/airflow/example_dags/subdags/subdag.py                                                                    0           0  0.10s           2025-07-04T07:13:53
/home/tejhanagarajan/Projects/small-projects/NewsImpact/airflow/dags/correlate_dag.py                                                                                                                 1           0  0.10s           2025-07-04T07:13:34
/home/tejhanagarajan/Projects/small-projects/NewsImpact/venv/lib64/python3.10/site-packages/airflow/example_dags/example_bash_operator.py                                                             1           0  0.10s           2025-07-04T07:14:26
/home/tejhanagarajan/Projects/small-projects/NewsImpact/venv/lib64/python3.10/site-packages/airflow/example_dags/example_branch_day_of_week_operator.py                                               1           0  0.10s           2025-07-04T07:14:24
/home/tejhanagarajan/Projects/small-projects/NewsImpact/venv/lib64/python3.10/site-packages/airflow/example_dags/example_branch_labels.py                                                             1           0  0.10s           2025-07-04T07:14:23
/home/tejhanagarajan/Projects/small-projects/NewsImpact/venv/lib64/python3.10/site-packages/airflow/example_dags/example_branch_operator.py                                                           1           0  0.10s           2025-07-04T07:14:22
/home/tejhanagarajan/Projects/small-projects/NewsImpact/venv/lib64/python3.10/site-packages/airflow/example_dags/example_branch_operator_decorator.py                                                 1           0  0.10s           2025-07-04T07:14:21
/home/tejhanagarajan/Projects/small-projects/NewsImpact/venv/lib64/python3.10/site-packages/airflow/example_dags/example_branch_python_dop_operator_3.py                                              1           0  0.10s           2025-07-04T07:14:20
/home/tejhanagarajan/Projects/small-projects/NewsImpact/venv/lib64/python3.10/site-packages/airflow/example_dags/example_complex.py                                                                   1           0  0.10s           2025-07-04T07:14:19
/home/tejhanagarajan/Projects/small-projects/NewsImpact/venv/lib64/python3.10/site-packages/airflow/example_dags/example_dag_decorator.py                                                             1           0  0.20s           2025-07-04T07:14:18
/home/tejhanagarajan/Projects/small-projects/NewsImpact/venv/lib64/python3.10/site-packages/airflow/example_dags/example_dynamic_task_mapping.py                                                      1           0  0.10s           2025-07-04T07:14:10
/home/tejhanagarajan/Projects/small-projects/NewsImpact/venv/lib64/python3.10/site-packages/airflow/example_dags/example_dynamic_task_mapping_with_no_taskflow_operators.py                           1           0  0.10s           2025-07-04T07:14:08
/home/tejhanagarajan/Projects/small-projects/NewsImpact/venv/lib64/python3.10/site-packages/airflow/example_dags/example_latest_only.py                                                               1           0  0.10s           2025-07-04T07:14:06
/home/tejhanagarajan/Projects/small-projects/NewsImpact/venv/lib64/python3.10/site-packages/airflow/example_dags/example_latest_only_with_trigger.py                                                  1           0  0.10s           2025-07-04T07:14:04
/home/tejhanagarajan/Projects/small-projects/NewsImpact/venv/lib64/python3.10/site-packages/airflow/example_dags/example_nested_branch_dag.py                                                         1           0  0.10s           2025-07-04T07:14:03
/home/tejhanagarajan/Projects/small-projects/NewsImpact/venv/lib64/python3.10/site-packages/airflow/example_dags/example_params_trigger_ui.py                                                         1           0  0.10s           2025-07-04T07:14:02
/home/tejhanagarajan/Projects/small-projects/NewsImpact/venv/lib64/python3.10/site-packages/airflow/example_dags/example_params_ui_tutorial.py                                                        1           0  0.10s           2025-07-04T07:14:00
/home/tejhanagarajan/Projects/small-projects/NewsImpact/venv/lib64/python3.10/site-packages/airflow/example_dags/example_passing_params_via_test_command.py                                           1           0  0.10s           2025-07-04T07:13:59
/home/tejhanagarajan/Projects/small-projects/NewsImpact/venv/lib64/python3.10/site-packages/airflow/example_dags/example_python_decorator.py                                                          1           0  0.10s           2025-07-04T07:13:58
/home/tejhanagarajan/Projects/small-projects/NewsImpact/venv/lib64/python3.10/site-packages/airflow/example_dags/example_python_operator.py                                                           1           0  0.10s           2025-07-04T07:13:58
/home/tejhanagarajan/Projects/small-projects/NewsImpact/venv/lib64/python3.10/site-packages/airflow/example_dags/example_sensor_decorator.py                                                          1           0  0.10s           2025-07-04T07:13:56
/home/tejhanagarajan/Projects/small-projects/NewsImpact/venv/lib64/python3.10/site-packages/airflow/example_dags/example_sensors.py                                                                   1           0  0.10s           2025-07-04T07:13:56
/home/tejhanagarajan/Projects/small-projects/NewsImpact/venv/lib64/python3.10/site-packages/airflow/example_dags/example_setup_teardown.py                                                            1           0  0.10s           2025-07-04T07:13:52
/home/tejhanagarajan/Projects/small-projects/NewsImpact/venv/lib64/python3.10/site-packages/airflow/example_dags/example_setup_teardown_taskflow.py                                                   1           0  0.10s           2025-07-04T07:13:51
/home/tejhanagarajan/Projects/small-projects/NewsImpact/venv/lib64/python3.10/site-packages/airflow/example_dags/example_short_circuit_decorator.py                                                   1           0  0.10s           2025-07-04T07:13:50
/home/tejhanagarajan/Projects/small-projects/NewsImpact/venv/lib64/python3.10/site-packages/airflow/example_dags/example_short_circuit_operator.py                                                    1           0  0.10s           2025-07-04T07:13:49
/home/tejhanagarajan/Projects/small-projects/NewsImpact/venv/lib64/python3.10/site-packages/airflow/example_dags/example_skip_dag.py                                                                  1           0  0.10s           2025-07-04T07:13:48
/home/tejhanagarajan/Projects/small-projects/NewsImpact/venv/lib64/python3.10/site-packages/airflow/example_dags/example_sla_dag.py                                                                   1           0  0.10s           2025-07-04T07:13:47
/home/tejhanagarajan/Projects/small-projects/NewsImpact/venv/lib64/python3.10/site-packages/airflow/example_dags/example_task_group.py                                                                1           0  0.10s           2025-07-04T07:13:46
/home/tejhanagarajan/Projects/small-projects/NewsImpact/venv/lib64/python3.10/site-packages/airflow/example_dags/example_task_group_decorator.py                                                      1           0  0.10s           2025-07-04T07:13:45
/home/tejhanagarajan/Projects/small-projects/NewsImpact/venv/lib64/python3.10/site-packages/airflow/example_dags/example_time_delta_sensor_async.py                                                   1           0  0.10s           2025-07-04T07:13:44
/home/tejhanagarajan/Projects/small-projects/NewsImpact/venv/lib64/python3.10/site-packages/airflow/example_dags/example_trigger_controller_dag.py                                                    1           0  0.10s           2025-07-04T07:13:43
/home/tejhanagarajan/Projects/small-projects/NewsImpact/venv/lib64/python3.10/site-packages/airflow/example_dags/example_trigger_target_dag.py                                                        1           0  0.10s           2025-07-04T07:13:42
/home/tejhanagarajan/Projects/small-projects/NewsImpact/venv/lib64/python3.10/site-packages/airflow/example_dags/example_xcom.py                                                                      1           0  0.10s           2025-07-04T07:13:41
/home/tejhanagarajan/Projects/small-projects/NewsImpact/venv/lib64/python3.10/site-packages/airflow/example_dags/tutorial.py                                                                          1           0  0.10s           2025-07-04T07:14:15
/home/tejhanagarajan/Projects/small-projects/NewsImpact/venv/lib64/python3.10/site-packages/airflow/example_dags/tutorial_dag.py                                                                      1           0  0.10s           2025-07-04T07:14:14
/home/tejhanagarajan/Projects/small-projects/NewsImpact/venv/lib64/python3.10/site-packages/airflow/example_dags/tutorial_objectstorage.py                                                            1           0  0.10s           2025-07-04T07:14:13
/home/tejhanagarajan/Projects/small-projects/NewsImpact/venv/lib64/python3.10/site-packages/airflow/example_dags/tutorial_taskflow_api.py                                                             1           0  0.10s           2025-07-04T07:14:12
/home/tejhanagarajan/Projects/small-projects/NewsImpact/venv/lib64/python3.10/site-packages/airflow/example_dags/tutorial_taskflow_api_virtualenv.py                                                  1           0  0.10s           2025-07-04T07:14:11
/home/tejhanagarajan/Projects/small-projects/NewsImpact/venv/lib64/python3.10/site-packages/airflow/example_dags/example_external_task_marker_dag.py                                                  2           0  0.10s           2025-07-04T07:14:08
/home/tejhanagarajan/Projects/small-projects/NewsImpact/venv/lib64/python3.10/site-packages/airflow/example_dags/example_xcomargs.py                                                                  2           0  0.10s           2025-07-04T07:14:16
/home/tejhanagarajan/Projects/small-projects/NewsImpact/venv/lib64/python3.10/site-packages/airflow/example_dags/example_branch_datetime_operator.py                                                  3           0  0.10s           2025-07-04T07:14:25
/home/tejhanagarajan/Projects/small-projects/NewsImpact/venv/lib64/python3.10/site-packages/airflow/example_dags/example_subdag_operator.py                                                           3           0  0.11s           2025-07-04T07:13:46
/home/tejhanagarajan/Projects/small-projects/NewsImpact/venv/lib64/python3.10/site-packages/airflow/example_dags/example_datasets.py                                                                  6           0  0.10s           2025-07-04T07:14:17
================================================================================
[2025-07-04T12:44:56.741+0530] {manager.py:879} INFO - 
================================================================================
DAG File Processing Stats

File Path                                                                                                                                                                    PID    Runtime      # DAGs    # Errors  Last Runtime    Last Run
---------------------------------------------------------------------------------------------------------------------------------------------------------------------------  -----  ---------  --------  ----------  --------------  -------------------
/home/tejhanagarajan/Projects/small-projects/NewsImpact/venv/lib64/python3.10/site-packages/airflow/example_dags/example_kubernetes_executor.py                                                       0           0  0.10s           2025-07-04T07:14:07
/home/tejhanagarajan/Projects/small-projects/NewsImpact/venv/lib64/python3.10/site-packages/airflow/example_dags/example_local_kubernetes_executor.py                                                 0           0  0.10s           2025-07-04T07:14:03
/home/tejhanagarajan/Projects/small-projects/NewsImpact/venv/lib64/python3.10/site-packages/airflow/example_dags/plugins/event_listener.py                                                            0           0  0.10s           2025-07-04T07:14:47
/home/tejhanagarajan/Projects/small-projects/NewsImpact/venv/lib64/python3.10/site-packages/airflow/example_dags/plugins/listener_plugin.py                                                           0           0  0.10s           2025-07-04T07:14:30
/home/tejhanagarajan/Projects/small-projects/NewsImpact/venv/lib64/python3.10/site-packages/airflow/example_dags/plugins/workday.py                                                                   0           0  0.20s           2025-07-04T07:14:29
/home/tejhanagarajan/Projects/small-projects/NewsImpact/venv/lib64/python3.10/site-packages/airflow/example_dags/subdags/subdag.py                                                                    0           0  0.10s           2025-07-04T07:14:28
/home/tejhanagarajan/Projects/small-projects/NewsImpact/airflow/dags/correlate_dag.py                                                                                                                 1           0  0.10s           2025-07-04T07:14:27
/home/tejhanagarajan/Projects/small-projects/NewsImpact/venv/lib64/python3.10/site-packages/airflow/example_dags/example_bash_operator.py                                                             1           0  0.10s           2025-07-04T07:14:26
/home/tejhanagarajan/Projects/small-projects/NewsImpact/venv/lib64/python3.10/site-packages/airflow/example_dags/example_branch_day_of_week_operator.py                                               1           0  0.10s           2025-07-04T07:14:24
/home/tejhanagarajan/Projects/small-projects/NewsImpact/venv/lib64/python3.10/site-packages/airflow/example_dags/example_branch_labels.py                                                             1           0  0.10s           2025-07-04T07:14:23
/home/tejhanagarajan/Projects/small-projects/NewsImpact/venv/lib64/python3.10/site-packages/airflow/example_dags/example_branch_operator.py                                                           1           0  0.10s           2025-07-04T07:14:22
/home/tejhanagarajan/Projects/small-projects/NewsImpact/venv/lib64/python3.10/site-packages/airflow/example_dags/example_branch_operator_decorator.py                                                 1           0  0.10s           2025-07-04T07:14:21
/home/tejhanagarajan/Projects/small-projects/NewsImpact/venv/lib64/python3.10/site-packages/airflow/example_dags/example_branch_python_dop_operator_3.py                                              1           0  0.10s           2025-07-04T07:14:20
/home/tejhanagarajan/Projects/small-projects/NewsImpact/venv/lib64/python3.10/site-packages/airflow/example_dags/example_complex.py                                                                   1           0  0.10s           2025-07-04T07:14:19
/home/tejhanagarajan/Projects/small-projects/NewsImpact/venv/lib64/python3.10/site-packages/airflow/example_dags/example_dag_decorator.py                                                             1           0  0.20s           2025-07-04T07:14:18
/home/tejhanagarajan/Projects/small-projects/NewsImpact/venv/lib64/python3.10/site-packages/airflow/example_dags/example_dynamic_task_mapping.py                                                      1           0  0.10s           2025-07-04T07:14:10
/home/tejhanagarajan/Projects/small-projects/NewsImpact/venv/lib64/python3.10/site-packages/airflow/example_dags/example_dynamic_task_mapping_with_no_taskflow_operators.py                           1           0  0.10s           2025-07-04T07:14:08
/home/tejhanagarajan/Projects/small-projects/NewsImpact/venv/lib64/python3.10/site-packages/airflow/example_dags/example_latest_only.py                                                               1           0  0.10s           2025-07-04T07:14:06
/home/tejhanagarajan/Projects/small-projects/NewsImpact/venv/lib64/python3.10/site-packages/airflow/example_dags/example_latest_only_with_trigger.py                                                  1           0  0.10s           2025-07-04T07:14:04
/home/tejhanagarajan/Projects/small-projects/NewsImpact/venv/lib64/python3.10/site-packages/airflow/example_dags/example_nested_branch_dag.py                                                         1           0  0.10s           2025-07-04T07:14:03
/home/tejhanagarajan/Projects/small-projects/NewsImpact/venv/lib64/python3.10/site-packages/airflow/example_dags/example_params_trigger_ui.py                                                         1           0  0.10s           2025-07-04T07:14:56
/home/tejhanagarajan/Projects/small-projects/NewsImpact/venv/lib64/python3.10/site-packages/airflow/example_dags/example_params_ui_tutorial.py                                                        1           0  0.10s           2025-07-04T07:14:55
/home/tejhanagarajan/Projects/small-projects/NewsImpact/venv/lib64/python3.10/site-packages/airflow/example_dags/example_passing_params_via_test_command.py                                           1           0  0.10s           2025-07-04T07:14:55
/home/tejhanagarajan/Projects/small-projects/NewsImpact/venv/lib64/python3.10/site-packages/airflow/example_dags/example_python_decorator.py                                                          1           0  0.10s           2025-07-04T07:14:54
/home/tejhanagarajan/Projects/small-projects/NewsImpact/venv/lib64/python3.10/site-packages/airflow/example_dags/example_python_operator.py                                                           1           0  0.10s           2025-07-04T07:14:47
/home/tejhanagarajan/Projects/small-projects/NewsImpact/venv/lib64/python3.10/site-packages/airflow/example_dags/example_sensor_decorator.py                                                          1           0  0.10s           2025-07-04T07:14:46
/home/tejhanagarajan/Projects/small-projects/NewsImpact/venv/lib64/python3.10/site-packages/airflow/example_dags/example_sensors.py                                                                   1           0  0.10s           2025-07-04T07:14:44
/home/tejhanagarajan/Projects/small-projects/NewsImpact/venv/lib64/python3.10/site-packages/airflow/example_dags/example_setup_teardown.py                                                            1           0  0.10s           2025-07-04T07:14:44
/home/tejhanagarajan/Projects/small-projects/NewsImpact/venv/lib64/python3.10/site-packages/airflow/example_dags/example_setup_teardown_taskflow.py                                                   1           0  0.10s           2025-07-04T07:14:42
/home/tejhanagarajan/Projects/small-projects/NewsImpact/venv/lib64/python3.10/site-packages/airflow/example_dags/example_short_circuit_decorator.py                                                   1           0  0.10s           2025-07-04T07:14:41
/home/tejhanagarajan/Projects/small-projects/NewsImpact/venv/lib64/python3.10/site-packages/airflow/example_dags/example_short_circuit_operator.py                                                    1           0  0.10s           2025-07-04T07:14:40
/home/tejhanagarajan/Projects/small-projects/NewsImpact/venv/lib64/python3.10/site-packages/airflow/example_dags/example_skip_dag.py                                                                  1           0  0.10s           2025-07-04T07:14:39
/home/tejhanagarajan/Projects/small-projects/NewsImpact/venv/lib64/python3.10/site-packages/airflow/example_dags/example_sla_dag.py                                                                   1           0  0.10s           2025-07-04T07:14:38
/home/tejhanagarajan/Projects/small-projects/NewsImpact/venv/lib64/python3.10/site-packages/airflow/example_dags/example_task_group.py                                                                1           0  0.10s           2025-07-04T07:14:37
/home/tejhanagarajan/Projects/small-projects/NewsImpact/venv/lib64/python3.10/site-packages/airflow/example_dags/example_task_group_decorator.py                                                      1           0  0.10s           2025-07-04T07:14:35
/home/tejhanagarajan/Projects/small-projects/NewsImpact/venv/lib64/python3.10/site-packages/airflow/example_dags/example_time_delta_sensor_async.py                                                   1           0  0.10s           2025-07-04T07:14:34
/home/tejhanagarajan/Projects/small-projects/NewsImpact/venv/lib64/python3.10/site-packages/airflow/example_dags/example_trigger_controller_dag.py                                                    1           0  0.10s           2025-07-04T07:14:34
/home/tejhanagarajan/Projects/small-projects/NewsImpact/venv/lib64/python3.10/site-packages/airflow/example_dags/example_trigger_target_dag.py                                                        1           0  0.10s           2025-07-04T07:14:33
/home/tejhanagarajan/Projects/small-projects/NewsImpact/venv/lib64/python3.10/site-packages/airflow/example_dags/example_xcom.py                                                                      1           0  0.10s           2025-07-04T07:14:31
/home/tejhanagarajan/Projects/small-projects/NewsImpact/venv/lib64/python3.10/site-packages/airflow/example_dags/tutorial.py                                                                          1           0  0.10s           2025-07-04T07:14:52
/home/tejhanagarajan/Projects/small-projects/NewsImpact/venv/lib64/python3.10/site-packages/airflow/example_dags/tutorial_dag.py                                                                      1           0  0.10s           2025-07-04T07:14:51
/home/tejhanagarajan/Projects/small-projects/NewsImpact/venv/lib64/python3.10/site-packages/airflow/example_dags/tutorial_objectstorage.py                                                            1           0  0.10s           2025-07-04T07:14:50
/home/tejhanagarajan/Projects/small-projects/NewsImpact/venv/lib64/python3.10/site-packages/airflow/example_dags/tutorial_taskflow_api.py                                                             1           0  0.10s           2025-07-04T07:14:49
/home/tejhanagarajan/Projects/small-projects/NewsImpact/venv/lib64/python3.10/site-packages/airflow/example_dags/tutorial_taskflow_api_virtualenv.py                                                  1           0  0.10s           2025-07-04T07:14:48
/home/tejhanagarajan/Projects/small-projects/NewsImpact/venv/lib64/python3.10/site-packages/airflow/example_dags/example_external_task_marker_dag.py                                                  2           0  0.10s           2025-07-04T07:14:08
/home/tejhanagarajan/Projects/small-projects/NewsImpact/venv/lib64/python3.10/site-packages/airflow/example_dags/example_xcomargs.py                                                                  2           0  0.11s           2025-07-04T07:14:53
/home/tejhanagarajan/Projects/small-projects/NewsImpact/venv/lib64/python3.10/site-packages/airflow/example_dags/example_branch_datetime_operator.py                                                  3           0  0.10s           2025-07-04T07:14:25
/home/tejhanagarajan/Projects/small-projects/NewsImpact/venv/lib64/python3.10/site-packages/airflow/example_dags/example_subdag_operator.py                                                           3           0  0.10s           2025-07-04T07:14:37
/home/tejhanagarajan/Projects/small-projects/NewsImpact/venv/lib64/python3.10/site-packages/airflow/example_dags/example_datasets.py                                                                  6           0  0.10s           2025-07-04T07:14:17
================================================================================
[2025-07-04T12:45:27.276+0530] {manager.py:879} INFO - 
================================================================================
DAG File Processing Stats

File Path                                                                                                                                                                    PID    Runtime      # DAGs    # Errors  Last Runtime    Last Run
---------------------------------------------------------------------------------------------------------------------------------------------------------------------------  -----  ---------  --------  ----------  --------------  -------------------
/home/tejhanagarajan/Projects/small-projects/NewsImpact/venv/lib64/python3.10/site-packages/airflow/example_dags/example_kubernetes_executor.py                                                       0           0  0.10s           2025-07-04T07:15:00
/home/tejhanagarajan/Projects/small-projects/NewsImpact/venv/lib64/python3.10/site-packages/airflow/example_dags/example_local_kubernetes_executor.py                                                 0           0  0.10s           2025-07-04T07:14:57
/home/tejhanagarajan/Projects/small-projects/NewsImpact/venv/lib64/python3.10/site-packages/airflow/example_dags/plugins/event_listener.py                                                            0           0  0.10s           2025-07-04T07:15:22
/home/tejhanagarajan/Projects/small-projects/NewsImpact/venv/lib64/python3.10/site-packages/airflow/example_dags/plugins/listener_plugin.py                                                           0           0  0.10s           2025-07-04T07:15:07
/home/tejhanagarajan/Projects/small-projects/NewsImpact/venv/lib64/python3.10/site-packages/airflow/example_dags/plugins/workday.py                                                                   0           0  0.20s           2025-07-04T07:15:06
/home/tejhanagarajan/Projects/small-projects/NewsImpact/venv/lib64/python3.10/site-packages/airflow/example_dags/subdags/subdag.py                                                                    0           0  0.10s           2025-07-04T07:15:05
/home/tejhanagarajan/Projects/small-projects/NewsImpact/airflow/dags/correlate_dag.py                                                                                                                 1           0  0.10s           2025-07-04T07:15:21
/home/tejhanagarajan/Projects/small-projects/NewsImpact/venv/lib64/python3.10/site-packages/airflow/example_dags/example_bash_operator.py                                                             1           0  0.10s           2025-07-04T07:15:20
/home/tejhanagarajan/Projects/small-projects/NewsImpact/venv/lib64/python3.10/site-packages/airflow/example_dags/example_branch_day_of_week_operator.py                                               1           0  0.10s           2025-07-04T07:15:18
/home/tejhanagarajan/Projects/small-projects/NewsImpact/venv/lib64/python3.10/site-packages/airflow/example_dags/example_branch_labels.py                                                             1           0  0.10s           2025-07-04T07:15:17
/home/tejhanagarajan/Projects/small-projects/NewsImpact/venv/lib64/python3.10/site-packages/airflow/example_dags/example_branch_operator.py                                                           1           0  0.10s           2025-07-04T07:15:15
/home/tejhanagarajan/Projects/small-projects/NewsImpact/venv/lib64/python3.10/site-packages/airflow/example_dags/example_branch_operator_decorator.py                                                 1           0  0.10s           2025-07-04T07:15:15
/home/tejhanagarajan/Projects/small-projects/NewsImpact/venv/lib64/python3.10/site-packages/airflow/example_dags/example_branch_python_dop_operator_3.py                                              1           0  0.11s           2025-07-04T07:15:14
/home/tejhanagarajan/Projects/small-projects/NewsImpact/venv/lib64/python3.10/site-packages/airflow/example_dags/example_complex.py                                                                   1           0  0.10s           2025-07-04T07:15:13
/home/tejhanagarajan/Projects/small-projects/NewsImpact/venv/lib64/python3.10/site-packages/airflow/example_dags/example_dag_decorator.py                                                             1           0  0.10s           2025-07-04T07:15:12
/home/tejhanagarajan/Projects/small-projects/NewsImpact/venv/lib64/python3.10/site-packages/airflow/example_dags/example_dynamic_task_mapping.py                                                      1           0  0.10s           2025-07-04T07:15:03
/home/tejhanagarajan/Projects/small-projects/NewsImpact/venv/lib64/python3.10/site-packages/airflow/example_dags/example_dynamic_task_mapping_with_no_taskflow_operators.py                           1           0  0.10s           2025-07-04T07:15:02
/home/tejhanagarajan/Projects/small-projects/NewsImpact/venv/lib64/python3.10/site-packages/airflow/example_dags/example_latest_only.py                                                               1           0  0.10s           2025-07-04T07:15:00
/home/tejhanagarajan/Projects/small-projects/NewsImpact/venv/lib64/python3.10/site-packages/airflow/example_dags/example_latest_only_with_trigger.py                                                  1           0  0.10s           2025-07-04T07:14:58
/home/tejhanagarajan/Projects/small-projects/NewsImpact/venv/lib64/python3.10/site-packages/airflow/example_dags/example_nested_branch_dag.py                                                         1           0  0.10s           2025-07-04T07:14:56
/home/tejhanagarajan/Projects/small-projects/NewsImpact/venv/lib64/python3.10/site-packages/airflow/example_dags/example_params_trigger_ui.py                                                         1           0  0.10s           2025-07-04T07:14:56
/home/tejhanagarajan/Projects/small-projects/NewsImpact/venv/lib64/python3.10/site-packages/airflow/example_dags/example_params_ui_tutorial.py                                                        1           0  0.10s           2025-07-04T07:14:55
/home/tejhanagarajan/Projects/small-projects/NewsImpact/venv/lib64/python3.10/site-packages/airflow/example_dags/example_passing_params_via_test_command.py                                           1           0  0.10s           2025-07-04T07:14:55
/home/tejhanagarajan/Projects/small-projects/NewsImpact/venv/lib64/python3.10/site-packages/airflow/example_dags/example_python_decorator.py                                                          1           0  0.10s           2025-07-04T07:14:54
/home/tejhanagarajan/Projects/small-projects/NewsImpact/venv/lib64/python3.10/site-packages/airflow/example_dags/example_python_operator.py                                                           1           0  0.10s           2025-07-04T07:14:47
/home/tejhanagarajan/Projects/small-projects/NewsImpact/venv/lib64/python3.10/site-packages/airflow/example_dags/example_sensor_decorator.py                                                          1           0  0.10s           2025-07-04T07:14:46
/home/tejhanagarajan/Projects/small-projects/NewsImpact/venv/lib64/python3.10/site-packages/airflow/example_dags/example_sensors.py                                                                   1           0  0.10s           2025-07-04T07:14:44
/home/tejhanagarajan/Projects/small-projects/NewsImpact/venv/lib64/python3.10/site-packages/airflow/example_dags/example_setup_teardown.py                                                            1           0  0.10s           2025-07-04T07:14:44
/home/tejhanagarajan/Projects/small-projects/NewsImpact/venv/lib64/python3.10/site-packages/airflow/example_dags/example_setup_teardown_taskflow.py                                                   1           0  0.10s           2025-07-04T07:14:42
/home/tejhanagarajan/Projects/small-projects/NewsImpact/venv/lib64/python3.10/site-packages/airflow/example_dags/example_short_circuit_decorator.py                                                   1           0  0.10s           2025-07-04T07:14:41
/home/tejhanagarajan/Projects/small-projects/NewsImpact/venv/lib64/python3.10/site-packages/airflow/example_dags/example_short_circuit_operator.py                                                    1           0  0.10s           2025-07-04T07:14:40
/home/tejhanagarajan/Projects/small-projects/NewsImpact/venv/lib64/python3.10/site-packages/airflow/example_dags/example_skip_dag.py                                                                  1           0  0.10s           2025-07-04T07:14:39
/home/tejhanagarajan/Projects/small-projects/NewsImpact/venv/lib64/python3.10/site-packages/airflow/example_dags/example_sla_dag.py                                                                   1           0  0.10s           2025-07-04T07:14:38
/home/tejhanagarajan/Projects/small-projects/NewsImpact/venv/lib64/python3.10/site-packages/airflow/example_dags/example_task_group.py                                                                1           0  0.10s           2025-07-04T07:14:37
/home/tejhanagarajan/Projects/small-projects/NewsImpact/venv/lib64/python3.10/site-packages/airflow/example_dags/example_task_group_decorator.py                                                      1           0  0.10s           2025-07-04T07:15:27
/home/tejhanagarajan/Projects/small-projects/NewsImpact/venv/lib64/python3.10/site-packages/airflow/example_dags/example_time_delta_sensor_async.py                                                   1           0  0.10s           2025-07-04T07:15:11
/home/tejhanagarajan/Projects/small-projects/NewsImpact/venv/lib64/python3.10/site-packages/airflow/example_dags/example_trigger_controller_dag.py                                                    1           0  0.10s           2025-07-04T07:15:10
/home/tejhanagarajan/Projects/small-projects/NewsImpact/venv/lib64/python3.10/site-packages/airflow/example_dags/example_trigger_target_dag.py                                                        1           0  0.10s           2025-07-04T07:15:10
/home/tejhanagarajan/Projects/small-projects/NewsImpact/venv/lib64/python3.10/site-packages/airflow/example_dags/example_xcom.py                                                                      1           0  0.11s           2025-07-04T07:15:09
/home/tejhanagarajan/Projects/small-projects/NewsImpact/venv/lib64/python3.10/site-packages/airflow/example_dags/tutorial.py                                                                          1           0  0.10s           2025-07-04T07:14:52
/home/tejhanagarajan/Projects/small-projects/NewsImpact/venv/lib64/python3.10/site-packages/airflow/example_dags/tutorial_dag.py                                                                      1           0  0.10s           2025-07-04T07:15:26
/home/tejhanagarajan/Projects/small-projects/NewsImpact/venv/lib64/python3.10/site-packages/airflow/example_dags/tutorial_objectstorage.py                                                            1           0  0.10s           2025-07-04T07:15:25
/home/tejhanagarajan/Projects/small-projects/NewsImpact/venv/lib64/python3.10/site-packages/airflow/example_dags/tutorial_taskflow_api.py                                                             1           0  0.10s           2025-07-04T07:15:24
/home/tejhanagarajan/Projects/small-projects/NewsImpact/venv/lib64/python3.10/site-packages/airflow/example_dags/tutorial_taskflow_api_virtualenv.py                                                  1           0  0.10s           2025-07-04T07:15:23
/home/tejhanagarajan/Projects/small-projects/NewsImpact/venv/lib64/python3.10/site-packages/airflow/example_dags/example_external_task_marker_dag.py                                                  2           0  0.10s           2025-07-04T07:15:01
/home/tejhanagarajan/Projects/small-projects/NewsImpact/venv/lib64/python3.10/site-packages/airflow/example_dags/example_xcomargs.py                                                                  2           0  0.11s           2025-07-04T07:14:53
/home/tejhanagarajan/Projects/small-projects/NewsImpact/venv/lib64/python3.10/site-packages/airflow/example_dags/example_branch_datetime_operator.py                                                  3           0  0.10s           2025-07-04T07:15:19
/home/tejhanagarajan/Projects/small-projects/NewsImpact/venv/lib64/python3.10/site-packages/airflow/example_dags/example_subdag_operator.py                                                           3           0  0.10s           2025-07-04T07:14:37
/home/tejhanagarajan/Projects/small-projects/NewsImpact/venv/lib64/python3.10/site-packages/airflow/example_dags/example_datasets.py                                                                  6           0  0.10s           2025-07-04T07:15:05
================================================================================
[2025-07-04T12:45:57.575+0530] {manager.py:879} INFO - 
================================================================================
DAG File Processing Stats

File Path                                                                                                                                                                    PID    Runtime      # DAGs    # Errors  Last Runtime    Last Run
---------------------------------------------------------------------------------------------------------------------------------------------------------------------------  -----  ---------  --------  ----------  --------------  -------------------
/home/tejhanagarajan/Projects/small-projects/NewsImpact/venv/lib64/python3.10/site-packages/airflow/example_dags/example_kubernetes_executor.py                                                       0           0  0.10s           2025-07-04T07:15:54
/home/tejhanagarajan/Projects/small-projects/NewsImpact/venv/lib64/python3.10/site-packages/airflow/example_dags/example_local_kubernetes_executor.py                                                 0           0  0.10s           2025-07-04T07:15:50
/home/tejhanagarajan/Projects/small-projects/NewsImpact/venv/lib64/python3.10/site-packages/airflow/example_dags/plugins/event_listener.py                                                            0           0  0.10s           2025-07-04T07:15:57
/home/tejhanagarajan/Projects/small-projects/NewsImpact/venv/lib64/python3.10/site-packages/airflow/example_dags/plugins/listener_plugin.py                                                           0           0  0.10s           2025-07-04T07:15:41
/home/tejhanagarajan/Projects/small-projects/NewsImpact/venv/lib64/python3.10/site-packages/airflow/example_dags/plugins/workday.py                                                                   0           0  0.20s           2025-07-04T07:15:40
/home/tejhanagarajan/Projects/small-projects/NewsImpact/venv/lib64/python3.10/site-packages/airflow/example_dags/subdags/subdag.py                                                                    0           0  0.10s           2025-07-04T07:15:39
/home/tejhanagarajan/Projects/small-projects/NewsImpact/airflow/dags/correlate_dag.py                                                                                                                 1           0  0.10s           2025-07-04T07:15:21
/home/tejhanagarajan/Projects/small-projects/NewsImpact/venv/lib64/python3.10/site-packages/airflow/example_dags/example_bash_operator.py                                                             1           0  0.10s           2025-07-04T07:15:20
/home/tejhanagarajan/Projects/small-projects/NewsImpact/venv/lib64/python3.10/site-packages/airflow/example_dags/example_branch_day_of_week_operator.py                                               1           0  0.10s           2025-07-04T07:15:18
/home/tejhanagarajan/Projects/small-projects/NewsImpact/venv/lib64/python3.10/site-packages/airflow/example_dags/example_branch_labels.py                                                             1           0  0.10s           2025-07-04T07:15:17
/home/tejhanagarajan/Projects/small-projects/NewsImpact/venv/lib64/python3.10/site-packages/airflow/example_dags/example_branch_operator.py                                                           1           0  0.10s           2025-07-04T07:15:15
/home/tejhanagarajan/Projects/small-projects/NewsImpact/venv/lib64/python3.10/site-packages/airflow/example_dags/example_branch_operator_decorator.py                                                 1           0  0.10s           2025-07-04T07:15:15
/home/tejhanagarajan/Projects/small-projects/NewsImpact/venv/lib64/python3.10/site-packages/airflow/example_dags/example_branch_python_dop_operator_3.py                                              1           0  0.11s           2025-07-04T07:15:14
/home/tejhanagarajan/Projects/small-projects/NewsImpact/venv/lib64/python3.10/site-packages/airflow/example_dags/example_complex.py                                                                   1           0  0.10s           2025-07-04T07:15:13
/home/tejhanagarajan/Projects/small-projects/NewsImpact/venv/lib64/python3.10/site-packages/airflow/example_dags/example_dag_decorator.py                                                             1           0  0.10s           2025-07-04T07:15:12
/home/tejhanagarajan/Projects/small-projects/NewsImpact/venv/lib64/python3.10/site-packages/airflow/example_dags/example_dynamic_task_mapping.py                                                      1           0  0.10s           2025-07-04T07:15:56
/home/tejhanagarajan/Projects/small-projects/NewsImpact/venv/lib64/python3.10/site-packages/airflow/example_dags/example_dynamic_task_mapping_with_no_taskflow_operators.py                           1           0  0.10s           2025-07-04T07:15:55
/home/tejhanagarajan/Projects/small-projects/NewsImpact/venv/lib64/python3.10/site-packages/airflow/example_dags/example_latest_only.py                                                               1           0  0.10s           2025-07-04T07:15:53
/home/tejhanagarajan/Projects/small-projects/NewsImpact/venv/lib64/python3.10/site-packages/airflow/example_dags/example_latest_only_with_trigger.py                                                  1           0  0.10s           2025-07-04T07:15:51
/home/tejhanagarajan/Projects/small-projects/NewsImpact/venv/lib64/python3.10/site-packages/airflow/example_dags/example_nested_branch_dag.py                                                         1           0  0.10s           2025-07-04T07:15:49
/home/tejhanagarajan/Projects/small-projects/NewsImpact/venv/lib64/python3.10/site-packages/airflow/example_dags/example_params_trigger_ui.py                                                         1           0  0.10s           2025-07-04T07:15:48
/home/tejhanagarajan/Projects/small-projects/NewsImpact/venv/lib64/python3.10/site-packages/airflow/example_dags/example_params_ui_tutorial.py                                                        1           0  0.10s           2025-07-04T07:15:48
/home/tejhanagarajan/Projects/small-projects/NewsImpact/venv/lib64/python3.10/site-packages/airflow/example_dags/example_passing_params_via_test_command.py                                           1           0  0.10s           2025-07-04T07:15:46
/home/tejhanagarajan/Projects/small-projects/NewsImpact/venv/lib64/python3.10/site-packages/airflow/example_dags/example_python_decorator.py                                                          1           0  0.10s           2025-07-04T07:15:45
/home/tejhanagarajan/Projects/small-projects/NewsImpact/venv/lib64/python3.10/site-packages/airflow/example_dags/example_python_operator.py                                                           1           0  0.10s           2025-07-04T07:15:38
/home/tejhanagarajan/Projects/small-projects/NewsImpact/venv/lib64/python3.10/site-packages/airflow/example_dags/example_sensor_decorator.py                                                          1           0  0.10s           2025-07-04T07:15:37
/home/tejhanagarajan/Projects/small-projects/NewsImpact/venv/lib64/python3.10/site-packages/airflow/example_dags/example_sensors.py                                                                   1           0  0.10s           2025-07-04T07:15:36
/home/tejhanagarajan/Projects/small-projects/NewsImpact/venv/lib64/python3.10/site-packages/airflow/example_dags/example_setup_teardown.py                                                            1           0  0.10s           2025-07-04T07:15:35
/home/tejhanagarajan/Projects/small-projects/NewsImpact/venv/lib64/python3.10/site-packages/airflow/example_dags/example_setup_teardown_taskflow.py                                                   1           0  0.10s           2025-07-04T07:15:34
/home/tejhanagarajan/Projects/small-projects/NewsImpact/venv/lib64/python3.10/site-packages/airflow/example_dags/example_short_circuit_decorator.py                                                   1           0  0.10s           2025-07-04T07:15:33
/home/tejhanagarajan/Projects/small-projects/NewsImpact/venv/lib64/python3.10/site-packages/airflow/example_dags/example_short_circuit_operator.py                                                    1           0  0.10s           2025-07-04T07:15:32
/home/tejhanagarajan/Projects/small-projects/NewsImpact/venv/lib64/python3.10/site-packages/airflow/example_dags/example_skip_dag.py                                                                  1           0  0.10s           2025-07-04T07:15:31
/home/tejhanagarajan/Projects/small-projects/NewsImpact/venv/lib64/python3.10/site-packages/airflow/example_dags/example_sla_dag.py                                                                   1           0  0.10s           2025-07-04T07:15:30
/home/tejhanagarajan/Projects/small-projects/NewsImpact/venv/lib64/python3.10/site-packages/airflow/example_dags/example_task_group.py                                                                1           0  0.10s           2025-07-04T07:15:28
/home/tejhanagarajan/Projects/small-projects/NewsImpact/venv/lib64/python3.10/site-packages/airflow/example_dags/example_task_group_decorator.py                                                      1           0  0.10s           2025-07-04T07:15:27
/home/tejhanagarajan/Projects/small-projects/NewsImpact/venv/lib64/python3.10/site-packages/airflow/example_dags/example_time_delta_sensor_async.py                                                   1           0  0.10s           2025-07-04T07:15:11
/home/tejhanagarajan/Projects/small-projects/NewsImpact/venv/lib64/python3.10/site-packages/airflow/example_dags/example_trigger_controller_dag.py                                                    1           0  0.10s           2025-07-04T07:15:10
/home/tejhanagarajan/Projects/small-projects/NewsImpact/venv/lib64/python3.10/site-packages/airflow/example_dags/example_trigger_target_dag.py                                                        1           0  0.10s           2025-07-04T07:15:10
/home/tejhanagarajan/Projects/small-projects/NewsImpact/venv/lib64/python3.10/site-packages/airflow/example_dags/example_xcom.py                                                                      1           0  0.10s           2025-07-04T07:15:44
/home/tejhanagarajan/Projects/small-projects/NewsImpact/venv/lib64/python3.10/site-packages/airflow/example_dags/tutorial.py                                                                          1           0  0.10s           2025-07-04T07:15:42
/home/tejhanagarajan/Projects/small-projects/NewsImpact/venv/lib64/python3.10/site-packages/airflow/example_dags/tutorial_dag.py                                                                      1           0  0.10s           2025-07-04T07:15:26
/home/tejhanagarajan/Projects/small-projects/NewsImpact/venv/lib64/python3.10/site-packages/airflow/example_dags/tutorial_objectstorage.py                                                            1           0  0.10s           2025-07-04T07:15:25
/home/tejhanagarajan/Projects/small-projects/NewsImpact/venv/lib64/python3.10/site-packages/airflow/example_dags/tutorial_taskflow_api.py                                                             1           0  0.10s           2025-07-04T07:15:24
/home/tejhanagarajan/Projects/small-projects/NewsImpact/venv/lib64/python3.10/site-packages/airflow/example_dags/tutorial_taskflow_api_virtualenv.py                                                  1           0  0.10s           2025-07-04T07:15:23
/home/tejhanagarajan/Projects/small-projects/NewsImpact/venv/lib64/python3.10/site-packages/airflow/example_dags/example_external_task_marker_dag.py                                                  2           0  0.10s           2025-07-04T07:15:55
/home/tejhanagarajan/Projects/small-projects/NewsImpact/venv/lib64/python3.10/site-packages/airflow/example_dags/example_xcomargs.py                                                                  2           0  0.10s           2025-07-04T07:15:43
/home/tejhanagarajan/Projects/small-projects/NewsImpact/venv/lib64/python3.10/site-packages/airflow/example_dags/example_branch_datetime_operator.py                                                  3           0  0.10s           2025-07-04T07:15:19
/home/tejhanagarajan/Projects/small-projects/NewsImpact/venv/lib64/python3.10/site-packages/airflow/example_dags/example_subdag_operator.py                                                           3           0  0.10s           2025-07-04T07:15:29
/home/tejhanagarajan/Projects/small-projects/NewsImpact/venv/lib64/python3.10/site-packages/airflow/example_dags/example_datasets.py                                                                  6           0  0.10s           2025-07-04T07:15:57
================================================================================
[2025-07-04T12:46:27.781+0530] {manager.py:879} INFO - 
================================================================================
DAG File Processing Stats

File Path                                                                                                                                                                    PID    Runtime      # DAGs    # Errors  Last Runtime    Last Run
---------------------------------------------------------------------------------------------------------------------------------------------------------------------------  -----  ---------  --------  ----------  --------------  -------------------
/home/tejhanagarajan/Projects/small-projects/NewsImpact/venv/lib64/python3.10/site-packages/airflow/example_dags/example_kubernetes_executor.py                                                       0           0  0.10s           2025-07-04T07:15:54
/home/tejhanagarajan/Projects/small-projects/NewsImpact/venv/lib64/python3.10/site-packages/airflow/example_dags/example_local_kubernetes_executor.py                                                 0           0  0.10s           2025-07-04T07:15:50
/home/tejhanagarajan/Projects/small-projects/NewsImpact/venv/lib64/python3.10/site-packages/airflow/example_dags/plugins/event_listener.py                                                            0           0  0.10s           2025-07-04T07:15:57
/home/tejhanagarajan/Projects/small-projects/NewsImpact/venv/lib64/python3.10/site-packages/airflow/example_dags/plugins/listener_plugin.py                                                           0           0  0.10s           2025-07-04T07:16:17
/home/tejhanagarajan/Projects/small-projects/NewsImpact/venv/lib64/python3.10/site-packages/airflow/example_dags/plugins/workday.py                                                                   0           0  0.20s           2025-07-04T07:16:17
/home/tejhanagarajan/Projects/small-projects/NewsImpact/venv/lib64/python3.10/site-packages/airflow/example_dags/subdags/subdag.py                                                                    0           0  0.10s           2025-07-04T07:16:16
/home/tejhanagarajan/Projects/small-projects/NewsImpact/airflow/dags/correlate_dag.py                                                                                                                 1           0  0.10s           2025-07-04T07:16:14
/home/tejhanagarajan/Projects/small-projects/NewsImpact/venv/lib64/python3.10/site-packages/airflow/example_dags/example_bash_operator.py                                                             1           0  0.10s           2025-07-04T07:16:13
/home/tejhanagarajan/Projects/small-projects/NewsImpact/venv/lib64/python3.10/site-packages/airflow/example_dags/example_branch_day_of_week_operator.py                                               1           0  0.10s           2025-07-04T07:16:12
/home/tejhanagarajan/Projects/small-projects/NewsImpact/venv/lib64/python3.10/site-packages/airflow/example_dags/example_branch_labels.py                                                             1           0  0.10s           2025-07-04T07:16:11
/home/tejhanagarajan/Projects/small-projects/NewsImpact/venv/lib64/python3.10/site-packages/airflow/example_dags/example_branch_operator.py                                                           1           0  0.10s           2025-07-04T07:16:10
/home/tejhanagarajan/Projects/small-projects/NewsImpact/venv/lib64/python3.10/site-packages/airflow/example_dags/example_branch_operator_decorator.py                                                 1           0  0.10s           2025-07-04T07:16:08
/home/tejhanagarajan/Projects/small-projects/NewsImpact/venv/lib64/python3.10/site-packages/airflow/example_dags/example_branch_python_dop_operator_3.py                                              1           0  0.10s           2025-07-04T07:16:08
/home/tejhanagarajan/Projects/small-projects/NewsImpact/venv/lib64/python3.10/site-packages/airflow/example_dags/example_complex.py                                                                   1           0  0.10s           2025-07-04T07:16:07
/home/tejhanagarajan/Projects/small-projects/NewsImpact/venv/lib64/python3.10/site-packages/airflow/example_dags/example_dag_decorator.py                                                             1           0  0.21s           2025-07-04T07:16:06
/home/tejhanagarajan/Projects/small-projects/NewsImpact/venv/lib64/python3.10/site-packages/airflow/example_dags/example_dynamic_task_mapping.py                                                      1           0  0.10s           2025-07-04T07:15:56
/home/tejhanagarajan/Projects/small-projects/NewsImpact/venv/lib64/python3.10/site-packages/airflow/example_dags/example_dynamic_task_mapping_with_no_taskflow_operators.py                           1           0  0.10s           2025-07-04T07:15:55
/home/tejhanagarajan/Projects/small-projects/NewsImpact/venv/lib64/python3.10/site-packages/airflow/example_dags/example_latest_only.py                                                               1           0  0.10s           2025-07-04T07:15:53
/home/tejhanagarajan/Projects/small-projects/NewsImpact/venv/lib64/python3.10/site-packages/airflow/example_dags/example_latest_only_with_trigger.py                                                  1           0  0.10s           2025-07-04T07:15:51
/home/tejhanagarajan/Projects/small-projects/NewsImpact/venv/lib64/python3.10/site-packages/airflow/example_dags/example_nested_branch_dag.py                                                         1           0  0.10s           2025-07-04T07:15:49
/home/tejhanagarajan/Projects/small-projects/NewsImpact/venv/lib64/python3.10/site-packages/airflow/example_dags/example_params_trigger_ui.py                                                         1           0  0.10s           2025-07-04T07:15:48
/home/tejhanagarajan/Projects/small-projects/NewsImpact/venv/lib64/python3.10/site-packages/airflow/example_dags/example_params_ui_tutorial.py                                                        1           0  0.10s           2025-07-04T07:15:48
/home/tejhanagarajan/Projects/small-projects/NewsImpact/venv/lib64/python3.10/site-packages/airflow/example_dags/example_passing_params_via_test_command.py                                           1           0  0.10s           2025-07-04T07:15:46
/home/tejhanagarajan/Projects/small-projects/NewsImpact/venv/lib64/python3.10/site-packages/airflow/example_dags/example_python_decorator.py                                                          1           0  0.10s           2025-07-04T07:15:45
/home/tejhanagarajan/Projects/small-projects/NewsImpact/venv/lib64/python3.10/site-packages/airflow/example_dags/example_python_operator.py                                                           1           0  0.10s           2025-07-04T07:15:38
/home/tejhanagarajan/Projects/small-projects/NewsImpact/venv/lib64/python3.10/site-packages/airflow/example_dags/example_sensor_decorator.py                                                          1           0  0.10s           2025-07-04T07:15:37
/home/tejhanagarajan/Projects/small-projects/NewsImpact/venv/lib64/python3.10/site-packages/airflow/example_dags/example_sensors.py                                                                   1           0  0.10s           2025-07-04T07:15:36
/home/tejhanagarajan/Projects/small-projects/NewsImpact/venv/lib64/python3.10/site-packages/airflow/example_dags/example_setup_teardown.py                                                            1           0  0.10s           2025-07-04T07:15:35
/home/tejhanagarajan/Projects/small-projects/NewsImpact/venv/lib64/python3.10/site-packages/airflow/example_dags/example_setup_teardown_taskflow.py                                                   1           0  0.10s           2025-07-04T07:16:27
/home/tejhanagarajan/Projects/small-projects/NewsImpact/venv/lib64/python3.10/site-packages/airflow/example_dags/example_short_circuit_decorator.py                                                   1           0  0.10s           2025-07-04T07:16:27
/home/tejhanagarajan/Projects/small-projects/NewsImpact/venv/lib64/python3.10/site-packages/airflow/example_dags/example_short_circuit_operator.py                                                    1           0  0.10s           2025-07-04T07:16:26
/home/tejhanagarajan/Projects/small-projects/NewsImpact/venv/lib64/python3.10/site-packages/airflow/example_dags/example_skip_dag.py                                                                  1           0  0.10s           2025-07-04T07:16:25
/home/tejhanagarajan/Projects/small-projects/NewsImpact/venv/lib64/python3.10/site-packages/airflow/example_dags/example_sla_dag.py                                                                   1           0  0.10s           2025-07-04T07:16:24
/home/tejhanagarajan/Projects/small-projects/NewsImpact/venv/lib64/python3.10/site-packages/airflow/example_dags/example_task_group.py                                                                1           0  0.10s           2025-07-04T07:16:22
/home/tejhanagarajan/Projects/small-projects/NewsImpact/venv/lib64/python3.10/site-packages/airflow/example_dags/example_task_group_decorator.py                                                      1           0  0.11s           2025-07-04T07:16:05
/home/tejhanagarajan/Projects/small-projects/NewsImpact/venv/lib64/python3.10/site-packages/airflow/example_dags/example_time_delta_sensor_async.py                                                   1           0  0.10s           2025-07-04T07:16:04
/home/tejhanagarajan/Projects/small-projects/NewsImpact/venv/lib64/python3.10/site-packages/airflow/example_dags/example_trigger_controller_dag.py                                                    1           0  0.10s           2025-07-04T07:16:03
/home/tejhanagarajan/Projects/small-projects/NewsImpact/venv/lib64/python3.10/site-packages/airflow/example_dags/example_trigger_target_dag.py                                                        1           0  0.10s           2025-07-04T07:16:02
/home/tejhanagarajan/Projects/small-projects/NewsImpact/venv/lib64/python3.10/site-packages/airflow/example_dags/example_xcom.py                                                                      1           0  0.10s           2025-07-04T07:16:21
/home/tejhanagarajan/Projects/small-projects/NewsImpact/venv/lib64/python3.10/site-packages/airflow/example_dags/tutorial.py                                                                          1           0  0.10s           2025-07-04T07:16:18
/home/tejhanagarajan/Projects/small-projects/NewsImpact/venv/lib64/python3.10/site-packages/airflow/example_dags/tutorial_dag.py                                                                      1           0  0.10s           2025-07-04T07:16:02
/home/tejhanagarajan/Projects/small-projects/NewsImpact/venv/lib64/python3.10/site-packages/airflow/example_dags/tutorial_objectstorage.py                                                            1           0  0.10s           2025-07-04T07:16:00
/home/tejhanagarajan/Projects/small-projects/NewsImpact/venv/lib64/python3.10/site-packages/airflow/example_dags/tutorial_taskflow_api.py                                                             1           0  0.10s           2025-07-04T07:15:59
/home/tejhanagarajan/Projects/small-projects/NewsImpact/venv/lib64/python3.10/site-packages/airflow/example_dags/tutorial_taskflow_api_virtualenv.py                                                  1           0  0.10s           2025-07-04T07:15:58
/home/tejhanagarajan/Projects/small-projects/NewsImpact/venv/lib64/python3.10/site-packages/airflow/example_dags/example_external_task_marker_dag.py                                                  2           0  0.10s           2025-07-04T07:15:55
/home/tejhanagarajan/Projects/small-projects/NewsImpact/venv/lib64/python3.10/site-packages/airflow/example_dags/example_xcomargs.py                                                                  2           0  0.10s           2025-07-04T07:16:20
/home/tejhanagarajan/Projects/small-projects/NewsImpact/venv/lib64/python3.10/site-packages/airflow/example_dags/example_branch_datetime_operator.py                                                  3           0  0.10s           2025-07-04T07:16:12
/home/tejhanagarajan/Projects/small-projects/NewsImpact/venv/lib64/python3.10/site-packages/airflow/example_dags/example_subdag_operator.py                                                           3           0  0.10s           2025-07-04T07:16:22
/home/tejhanagarajan/Projects/small-projects/NewsImpact/venv/lib64/python3.10/site-packages/airflow/example_dags/example_datasets.py                                                                  6           0  0.10s           2025-07-04T07:15:57
================================================================================
[2025-07-04T12:46:55.348+0530] {manager.py:738} INFO - Searching for files in /home/tejhanagarajan/Projects/small-projects/NewsImpact/airflow/dags
[2025-07-04T12:46:55.355+0530] {manager.py:741} INFO - There are 49 files in /home/tejhanagarajan/Projects/small-projects/NewsImpact/airflow/dags
[2025-07-04T12:46:58.123+0530] {manager.py:879} INFO - 
================================================================================
DAG File Processing Stats

File Path                                                                                                                                                                    PID    Runtime      # DAGs    # Errors  Last Runtime    Last Run
---------------------------------------------------------------------------------------------------------------------------------------------------------------------------  -----  ---------  --------  ----------  --------------  -------------------
/home/tejhanagarajan/Projects/small-projects/NewsImpact/venv/lib64/python3.10/site-packages/airflow/example_dags/example_kubernetes_executor.py                                                       0           0  0.10s           2025-07-04T07:16:45
/home/tejhanagarajan/Projects/small-projects/NewsImpact/venv/lib64/python3.10/site-packages/airflow/example_dags/example_local_kubernetes_executor.py                                                 0           0  0.10s           2025-07-04T07:16:42
/home/tejhanagarajan/Projects/small-projects/NewsImpact/venv/lib64/python3.10/site-packages/airflow/example_dags/plugins/event_listener.py                                                            0           0  0.10s           2025-07-04T07:16:33
/home/tejhanagarajan/Projects/small-projects/NewsImpact/venv/lib64/python3.10/site-packages/airflow/example_dags/plugins/listener_plugin.py                                                           0           0  0.10s           2025-07-04T07:16:52
/home/tejhanagarajan/Projects/small-projects/NewsImpact/venv/lib64/python3.10/site-packages/airflow/example_dags/plugins/workday.py                                                                   0           0  0.20s           2025-07-04T07:16:51
/home/tejhanagarajan/Projects/small-projects/NewsImpact/venv/lib64/python3.10/site-packages/airflow/example_dags/subdags/subdag.py                                                                    0           0  0.10s           2025-07-04T07:16:50
/home/tejhanagarajan/Projects/small-projects/NewsImpact/airflow/dags/correlate_dag.py                                                                                                                 1           0  0.10s           2025-07-04T07:16:14
/home/tejhanagarajan/Projects/small-projects/NewsImpact/venv/lib64/python3.10/site-packages/airflow/example_dags/example_bash_operator.py                                                             1           0  0.10s           2025-07-04T07:16:13
/home/tejhanagarajan/Projects/small-projects/NewsImpact/venv/lib64/python3.10/site-packages/airflow/example_dags/example_branch_day_of_week_operator.py                                               1           0  0.10s           2025-07-04T07:16:12
/home/tejhanagarajan/Projects/small-projects/NewsImpact/venv/lib64/python3.10/site-packages/airflow/example_dags/example_branch_labels.py                                                             1           0  0.10s           2025-07-04T07:16:11
/home/tejhanagarajan/Projects/small-projects/NewsImpact/venv/lib64/python3.10/site-packages/airflow/example_dags/example_branch_operator.py                                                           1           0  0.10s           2025-07-04T07:16:10
/home/tejhanagarajan/Projects/small-projects/NewsImpact/venv/lib64/python3.10/site-packages/airflow/example_dags/example_branch_operator_decorator.py                                                 1           0  0.10s           2025-07-04T07:16:08
/home/tejhanagarajan/Projects/small-projects/NewsImpact/venv/lib64/python3.10/site-packages/airflow/example_dags/example_branch_python_dop_operator_3.py                                              1           0  0.10s           2025-07-04T07:16:08
/home/tejhanagarajan/Projects/small-projects/NewsImpact/venv/lib64/python3.10/site-packages/airflow/example_dags/example_complex.py                                                                   1           0  0.10s           2025-07-04T07:16:07
/home/tejhanagarajan/Projects/small-projects/NewsImpact/venv/lib64/python3.10/site-packages/airflow/example_dags/example_dag_decorator.py                                                             1           0  0.20s           2025-07-04T07:16:58
/home/tejhanagarajan/Projects/small-projects/NewsImpact/venv/lib64/python3.10/site-packages/airflow/example_dags/example_dynamic_task_mapping.py                                                      1           0  0.10s           2025-07-04T07:16:48
/home/tejhanagarajan/Projects/small-projects/NewsImpact/venv/lib64/python3.10/site-packages/airflow/example_dags/example_dynamic_task_mapping_with_no_taskflow_operators.py                           1           0  0.10s           2025-07-04T07:16:48
/home/tejhanagarajan/Projects/small-projects/NewsImpact/venv/lib64/python3.10/site-packages/airflow/example_dags/example_latest_only.py                                                               1           0  0.10s           2025-07-04T07:16:44
/home/tejhanagarajan/Projects/small-projects/NewsImpact/venv/lib64/python3.10/site-packages/airflow/example_dags/example_latest_only_with_trigger.py                                                  1           0  0.10s           2025-07-04T07:16:43
/home/tejhanagarajan/Projects/small-projects/NewsImpact/venv/lib64/python3.10/site-packages/airflow/example_dags/example_nested_branch_dag.py                                                         1           0  0.10s           2025-07-04T07:16:42
/home/tejhanagarajan/Projects/small-projects/NewsImpact/venv/lib64/python3.10/site-packages/airflow/example_dags/example_params_trigger_ui.py                                                         1           0  0.10s           2025-07-04T07:16:41
/home/tejhanagarajan/Projects/small-projects/NewsImpact/venv/lib64/python3.10/site-packages/airflow/example_dags/example_params_ui_tutorial.py                                                        1           0  0.10s           2025-07-04T07:16:40
/home/tejhanagarajan/Projects/small-projects/NewsImpact/venv/lib64/python3.10/site-packages/airflow/example_dags/example_passing_params_via_test_command.py                                           1           0  0.10s           2025-07-04T07:16:39
/home/tejhanagarajan/Projects/small-projects/NewsImpact/venv/lib64/python3.10/site-packages/airflow/example_dags/example_python_decorator.py                                                          1           0  0.10s           2025-07-04T07:16:32
/home/tejhanagarajan/Projects/small-projects/NewsImpact/venv/lib64/python3.10/site-packages/airflow/example_dags/example_python_operator.py                                                           1           0  0.10s           2025-07-04T07:16:31
/home/tejhanagarajan/Projects/small-projects/NewsImpact/venv/lib64/python3.10/site-packages/airflow/example_dags/example_sensor_decorator.py                                                          1           0  0.10s           2025-07-04T07:16:30
/home/tejhanagarajan/Projects/small-projects/NewsImpact/venv/lib64/python3.10/site-packages/airflow/example_dags/example_sensors.py                                                                   1           0  0.10s           2025-07-04T07:16:29
/home/tejhanagarajan/Projects/small-projects/NewsImpact/venv/lib64/python3.10/site-packages/airflow/example_dags/example_setup_teardown.py                                                            1           0  0.10s           2025-07-04T07:16:28
/home/tejhanagarajan/Projects/small-projects/NewsImpact/venv/lib64/python3.10/site-packages/airflow/example_dags/example_setup_teardown_taskflow.py                                                   1           0  0.10s           2025-07-04T07:16:27
/home/tejhanagarajan/Projects/small-projects/NewsImpact/venv/lib64/python3.10/site-packages/airflow/example_dags/example_short_circuit_decorator.py                                                   1           0  0.10s           2025-07-04T07:16:27
/home/tejhanagarajan/Projects/small-projects/NewsImpact/venv/lib64/python3.10/site-packages/airflow/example_dags/example_short_circuit_operator.py                                                    1           0  0.10s           2025-07-04T07:16:26
/home/tejhanagarajan/Projects/small-projects/NewsImpact/venv/lib64/python3.10/site-packages/airflow/example_dags/example_skip_dag.py                                                                  1           0  0.10s           2025-07-04T07:16:25
/home/tejhanagarajan/Projects/small-projects/NewsImpact/venv/lib64/python3.10/site-packages/airflow/example_dags/example_sla_dag.py                                                                   1           0  0.10s           2025-07-04T07:16:24
/home/tejhanagarajan/Projects/small-projects/NewsImpact/venv/lib64/python3.10/site-packages/airflow/example_dags/example_task_group.py                                                                1           0  0.10s           2025-07-04T07:16:22
/home/tejhanagarajan/Projects/small-projects/NewsImpact/venv/lib64/python3.10/site-packages/airflow/example_dags/example_task_group_decorator.py                                                      1           0  0.10s           2025-07-04T07:16:56
/home/tejhanagarajan/Projects/small-projects/NewsImpact/venv/lib64/python3.10/site-packages/airflow/example_dags/example_time_delta_sensor_async.py                                                   1           0  0.10s           2025-07-04T07:16:55
/home/tejhanagarajan/Projects/small-projects/NewsImpact/venv/lib64/python3.10/site-packages/airflow/example_dags/example_trigger_controller_dag.py                                                    1           0  0.10s           2025-07-04T07:16:55
/home/tejhanagarajan/Projects/small-projects/NewsImpact/venv/lib64/python3.10/site-packages/airflow/example_dags/example_trigger_target_dag.py                                                        1           0  0.10s           2025-07-04T07:16:38
/home/tejhanagarajan/Projects/small-projects/NewsImpact/venv/lib64/python3.10/site-packages/airflow/example_dags/example_xcom.py                                                                      1           0  0.10s           2025-07-04T07:16:21
/home/tejhanagarajan/Projects/small-projects/NewsImpact/venv/lib64/python3.10/site-packages/airflow/example_dags/tutorial.py                                                                          1           0  0.10s           2025-07-04T07:16:53
/home/tejhanagarajan/Projects/small-projects/NewsImpact/venv/lib64/python3.10/site-packages/airflow/example_dags/tutorial_dag.py                                                                      1           0  0.10s           2025-07-04T07:16:37
/home/tejhanagarajan/Projects/small-projects/NewsImpact/venv/lib64/python3.10/site-packages/airflow/example_dags/tutorial_objectstorage.py                                                            1           0  0.10s           2025-07-04T07:16:36
/home/tejhanagarajan/Projects/small-projects/NewsImpact/venv/lib64/python3.10/site-packages/airflow/example_dags/tutorial_taskflow_api.py                                                             1           0  0.10s           2025-07-04T07:16:35
/home/tejhanagarajan/Projects/small-projects/NewsImpact/venv/lib64/python3.10/site-packages/airflow/example_dags/tutorial_taskflow_api_virtualenv.py                                                  1           0  0.10s           2025-07-04T07:16:34
/home/tejhanagarajan/Projects/small-projects/NewsImpact/venv/lib64/python3.10/site-packages/airflow/example_dags/example_external_task_marker_dag.py                                                  2           0  0.10s           2025-07-04T07:16:46
/home/tejhanagarajan/Projects/small-projects/NewsImpact/venv/lib64/python3.10/site-packages/airflow/example_dags/example_xcomargs.py                                                                  2           0  0.10s           2025-07-04T07:16:54
/home/tejhanagarajan/Projects/small-projects/NewsImpact/venv/lib64/python3.10/site-packages/airflow/example_dags/example_branch_datetime_operator.py                                                  3           0  0.10s           2025-07-04T07:16:12
/home/tejhanagarajan/Projects/small-projects/NewsImpact/venv/lib64/python3.10/site-packages/airflow/example_dags/example_subdag_operator.py                                                           3           0  0.10s           2025-07-04T07:16:22
/home/tejhanagarajan/Projects/small-projects/NewsImpact/venv/lib64/python3.10/site-packages/airflow/example_dags/example_datasets.py                                                                  6           0  0.10s           2025-07-04T07:16:49
================================================================================
[2025-07-04T12:47:28.182+0530] {manager.py:879} INFO - 
================================================================================
DAG File Processing Stats

File Path                                                                                                                                                                    PID    Runtime      # DAGs    # Errors  Last Runtime    Last Run
---------------------------------------------------------------------------------------------------------------------------------------------------------------------------  -----  ---------  --------  ----------  --------------  -------------------
/home/tejhanagarajan/Projects/small-projects/NewsImpact/venv/lib64/python3.10/site-packages/airflow/example_dags/example_kubernetes_executor.py                                                       0           0  0.10s           2025-07-04T07:16:45
/home/tejhanagarajan/Projects/small-projects/NewsImpact/venv/lib64/python3.10/site-packages/airflow/example_dags/example_local_kubernetes_executor.py                                                 0           0  0.10s           2025-07-04T07:16:42
/home/tejhanagarajan/Projects/small-projects/NewsImpact/venv/lib64/python3.10/site-packages/airflow/example_dags/plugins/event_listener.py                                                            0           0  0.10s           2025-07-04T07:17:08
/home/tejhanagarajan/Projects/small-projects/NewsImpact/venv/lib64/python3.10/site-packages/airflow/example_dags/plugins/listener_plugin.py                                                           0           0  0.10s           2025-07-04T07:17:28
/home/tejhanagarajan/Projects/small-projects/NewsImpact/venv/lib64/python3.10/site-packages/airflow/example_dags/plugins/workday.py                                                                   0           0  0.20s           2025-07-04T07:17:27
/home/tejhanagarajan/Projects/small-projects/NewsImpact/venv/lib64/python3.10/site-packages/airflow/example_dags/subdags/subdag.py                                                                    0           0  0.10s           2025-07-04T07:17:25
/home/tejhanagarajan/Projects/small-projects/NewsImpact/airflow/dags/correlate_dag.py                                                                                                                 1           0  0.10s           2025-07-04T07:17:07
/home/tejhanagarajan/Projects/small-projects/NewsImpact/venv/lib64/python3.10/site-packages/airflow/example_dags/example_bash_operator.py                                                             1           0  0.11s           2025-07-04T07:17:06
/home/tejhanagarajan/Projects/small-projects/NewsImpact/venv/lib64/python3.10/site-packages/airflow/example_dags/example_branch_day_of_week_operator.py                                               1           0  0.10s           2025-07-04T07:17:04
/home/tejhanagarajan/Projects/small-projects/NewsImpact/venv/lib64/python3.10/site-packages/airflow/example_dags/example_branch_labels.py                                                             1           0  0.10s           2025-07-04T07:17:02
/home/tejhanagarajan/Projects/small-projects/NewsImpact/venv/lib64/python3.10/site-packages/airflow/example_dags/example_branch_operator.py                                                           1           0  0.10s           2025-07-04T07:17:01
/home/tejhanagarajan/Projects/small-projects/NewsImpact/venv/lib64/python3.10/site-packages/airflow/example_dags/example_branch_operator_decorator.py                                                 1           0  0.10s           2025-07-04T07:17:00
/home/tejhanagarajan/Projects/small-projects/NewsImpact/venv/lib64/python3.10/site-packages/airflow/example_dags/example_branch_python_dop_operator_3.py                                              1           0  0.10s           2025-07-04T07:16:59
/home/tejhanagarajan/Projects/small-projects/NewsImpact/venv/lib64/python3.10/site-packages/airflow/example_dags/example_complex.py                                                                   1           0  0.10s           2025-07-04T07:16:58
/home/tejhanagarajan/Projects/small-projects/NewsImpact/venv/lib64/python3.10/site-packages/airflow/example_dags/example_dag_decorator.py                                                             1           0  0.20s           2025-07-04T07:16:58
/home/tejhanagarajan/Projects/small-projects/NewsImpact/venv/lib64/python3.10/site-packages/airflow/example_dags/example_dynamic_task_mapping.py                                                      1           0  0.10s           2025-07-04T07:16:48
/home/tejhanagarajan/Projects/small-projects/NewsImpact/venv/lib64/python3.10/site-packages/airflow/example_dags/example_dynamic_task_mapping_with_no_taskflow_operators.py                           1           0  0.10s           2025-07-04T07:16:48
/home/tejhanagarajan/Projects/small-projects/NewsImpact/venv/lib64/python3.10/site-packages/airflow/example_dags/example_latest_only.py                                                               1           0  0.10s           2025-07-04T07:16:44
/home/tejhanagarajan/Projects/small-projects/NewsImpact/venv/lib64/python3.10/site-packages/airflow/example_dags/example_latest_only_with_trigger.py                                                  1           0  0.10s           2025-07-04T07:16:43
/home/tejhanagarajan/Projects/small-projects/NewsImpact/venv/lib64/python3.10/site-packages/airflow/example_dags/example_nested_branch_dag.py                                                         1           0  0.10s           2025-07-04T07:16:42
/home/tejhanagarajan/Projects/small-projects/NewsImpact/venv/lib64/python3.10/site-packages/airflow/example_dags/example_params_trigger_ui.py                                                         1           0  0.10s           2025-07-04T07:16:41
/home/tejhanagarajan/Projects/small-projects/NewsImpact/venv/lib64/python3.10/site-packages/airflow/example_dags/example_params_ui_tutorial.py                                                        1           0  0.10s           2025-07-04T07:16:40
/home/tejhanagarajan/Projects/small-projects/NewsImpact/venv/lib64/python3.10/site-packages/airflow/example_dags/example_passing_params_via_test_command.py                                           1           0  0.10s           2025-07-04T07:16:39
/home/tejhanagarajan/Projects/small-projects/NewsImpact/venv/lib64/python3.10/site-packages/airflow/example_dags/example_python_decorator.py                                                          1           0  0.10s           2025-07-04T07:17:24
/home/tejhanagarajan/Projects/small-projects/NewsImpact/venv/lib64/python3.10/site-packages/airflow/example_dags/example_python_operator.py                                                           1           0  0.10s           2025-07-04T07:17:24
/home/tejhanagarajan/Projects/small-projects/NewsImpact/venv/lib64/python3.10/site-packages/airflow/example_dags/example_sensor_decorator.py                                                          1           0  0.10s           2025-07-04T07:17:23
/home/tejhanagarajan/Projects/small-projects/NewsImpact/venv/lib64/python3.10/site-packages/airflow/example_dags/example_sensors.py                                                                   1           0  0.10s           2025-07-04T07:17:22
/home/tejhanagarajan/Projects/small-projects/NewsImpact/venv/lib64/python3.10/site-packages/airflow/example_dags/example_setup_teardown.py                                                            1           0  0.10s           2025-07-04T07:17:20
/home/tejhanagarajan/Projects/small-projects/NewsImpact/venv/lib64/python3.10/site-packages/airflow/example_dags/example_setup_teardown_taskflow.py                                                   1           0  0.10s           2025-07-04T07:17:19
/home/tejhanagarajan/Projects/small-projects/NewsImpact/venv/lib64/python3.10/site-packages/airflow/example_dags/example_short_circuit_decorator.py                                                   1           0  0.10s           2025-07-04T07:17:19
/home/tejhanagarajan/Projects/small-projects/NewsImpact/venv/lib64/python3.10/site-packages/airflow/example_dags/example_short_circuit_operator.py                                                    1           0  0.10s           2025-07-04T07:17:18
/home/tejhanagarajan/Projects/small-projects/NewsImpact/venv/lib64/python3.10/site-packages/airflow/example_dags/example_skip_dag.py                                                                  1           0  0.10s           2025-07-04T07:17:17
/home/tejhanagarajan/Projects/small-projects/NewsImpact/venv/lib64/python3.10/site-packages/airflow/example_dags/example_sla_dag.py                                                                   1           0  0.10s           2025-07-04T07:17:16
/home/tejhanagarajan/Projects/small-projects/NewsImpact/venv/lib64/python3.10/site-packages/airflow/example_dags/example_task_group.py                                                                1           0  0.10s           2025-07-04T07:17:14
/home/tejhanagarajan/Projects/small-projects/NewsImpact/venv/lib64/python3.10/site-packages/airflow/example_dags/example_task_group_decorator.py                                                      1           0  0.10s           2025-07-04T07:16:56
/home/tejhanagarajan/Projects/small-projects/NewsImpact/venv/lib64/python3.10/site-packages/airflow/example_dags/example_time_delta_sensor_async.py                                                   1           0  0.10s           2025-07-04T07:16:55
/home/tejhanagarajan/Projects/small-projects/NewsImpact/venv/lib64/python3.10/site-packages/airflow/example_dags/example_trigger_controller_dag.py                                                    1           0  0.10s           2025-07-04T07:16:55
/home/tejhanagarajan/Projects/small-projects/NewsImpact/venv/lib64/python3.10/site-packages/airflow/example_dags/example_trigger_target_dag.py                                                        1           0  0.10s           2025-07-04T07:17:13
/home/tejhanagarajan/Projects/small-projects/NewsImpact/venv/lib64/python3.10/site-packages/airflow/example_dags/example_xcom.py                                                                      1           0  0.10s           2025-07-04T07:17:13
/home/tejhanagarajan/Projects/small-projects/NewsImpact/venv/lib64/python3.10/site-packages/airflow/example_dags/tutorial.py                                                                          1           0  0.10s           2025-07-04T07:16:53
/home/tejhanagarajan/Projects/small-projects/NewsImpact/venv/lib64/python3.10/site-packages/airflow/example_dags/tutorial_dag.py                                                                      1           0  0.10s           2025-07-04T07:17:11
/home/tejhanagarajan/Projects/small-projects/NewsImpact/venv/lib64/python3.10/site-packages/airflow/example_dags/tutorial_objectstorage.py                                                            1           0  0.10s           2025-07-04T07:17:10
/home/tejhanagarajan/Projects/small-projects/NewsImpact/venv/lib64/python3.10/site-packages/airflow/example_dags/tutorial_taskflow_api.py                                                             1           0  0.10s           2025-07-04T07:17:09
/home/tejhanagarajan/Projects/small-projects/NewsImpact/venv/lib64/python3.10/site-packages/airflow/example_dags/tutorial_taskflow_api_virtualenv.py                                                  1           0  0.10s           2025-07-04T07:17:09
/home/tejhanagarajan/Projects/small-projects/NewsImpact/venv/lib64/python3.10/site-packages/airflow/example_dags/example_external_task_marker_dag.py                                                  2           0  0.10s           2025-07-04T07:16:46
/home/tejhanagarajan/Projects/small-projects/NewsImpact/venv/lib64/python3.10/site-packages/airflow/example_dags/example_xcomargs.py                                                                  2           0  0.10s           2025-07-04T07:16:54
/home/tejhanagarajan/Projects/small-projects/NewsImpact/venv/lib64/python3.10/site-packages/airflow/example_dags/example_branch_datetime_operator.py                                                  3           0  0.10s           2025-07-04T07:17:05
/home/tejhanagarajan/Projects/small-projects/NewsImpact/venv/lib64/python3.10/site-packages/airflow/example_dags/example_subdag_operator.py                                                           3           0  0.10s           2025-07-04T07:17:15
/home/tejhanagarajan/Projects/small-projects/NewsImpact/venv/lib64/python3.10/site-packages/airflow/example_dags/example_datasets.py                                                                  6           0  0.10s           2025-07-04T07:16:49
================================================================================
[2025-07-04T12:47:58.553+0530] {manager.py:879} INFO - 
================================================================================
DAG File Processing Stats

File Path                                                                                                                                                                    PID    Runtime      # DAGs    # Errors  Last Runtime    Last Run
---------------------------------------------------------------------------------------------------------------------------------------------------------------------------  -----  ---------  --------  ----------  --------------  -------------------
/home/tejhanagarajan/Projects/small-projects/NewsImpact/venv/lib64/python3.10/site-packages/airflow/example_dags/example_kubernetes_executor.py                                                       0           0  0.10s           2025-07-04T07:17:38
/home/tejhanagarajan/Projects/small-projects/NewsImpact/venv/lib64/python3.10/site-packages/airflow/example_dags/example_local_kubernetes_executor.py                                                 0           0  0.10s           2025-07-04T07:17:34
/home/tejhanagarajan/Projects/small-projects/NewsImpact/venv/lib64/python3.10/site-packages/airflow/example_dags/plugins/event_listener.py                                                            0           0  0.10s           2025-07-04T07:17:43
/home/tejhanagarajan/Projects/small-projects/NewsImpact/venv/lib64/python3.10/site-packages/airflow/example_dags/plugins/listener_plugin.py                                                           0           0  0.10s           2025-07-04T07:17:28
/home/tejhanagarajan/Projects/small-projects/NewsImpact/venv/lib64/python3.10/site-packages/airflow/example_dags/plugins/workday.py                                                                   0           0  0.20s           2025-07-04T07:17:27
/home/tejhanagarajan/Projects/small-projects/NewsImpact/venv/lib64/python3.10/site-packages/airflow/example_dags/subdags/subdag.py                                                                    0           0  0.10s           2025-07-04T07:17:25
/home/tejhanagarajan/Projects/small-projects/NewsImpact/airflow/dags/correlate_dag.py                                                                                                                 1           0  0.10s           2025-07-04T07:17:58
/home/tejhanagarajan/Projects/small-projects/NewsImpact/venv/lib64/python3.10/site-packages/airflow/example_dags/example_bash_operator.py                                                             1           0  0.10s           2025-07-04T07:17:58
/home/tejhanagarajan/Projects/small-projects/NewsImpact/venv/lib64/python3.10/site-packages/airflow/example_dags/example_branch_day_of_week_operator.py                                               1           0  0.10s           2025-07-04T07:17:55
/home/tejhanagarajan/Projects/small-projects/NewsImpact/venv/lib64/python3.10/site-packages/airflow/example_dags/example_branch_labels.py                                                             1           0  0.10s           2025-07-04T07:17:55
/home/tejhanagarajan/Projects/small-projects/NewsImpact/venv/lib64/python3.10/site-packages/airflow/example_dags/example_branch_operator.py                                                           1           0  0.10s           2025-07-04T07:17:55
/home/tejhanagarajan/Projects/small-projects/NewsImpact/venv/lib64/python3.10/site-packages/airflow/example_dags/example_branch_operator_decorator.py                                                 1           0  0.10s           2025-07-04T07:17:54
/home/tejhanagarajan/Projects/small-projects/NewsImpact/venv/lib64/python3.10/site-packages/airflow/example_dags/example_branch_python_dop_operator_3.py                                              1           0  0.10s           2025-07-04T07:17:53
/home/tejhanagarajan/Projects/small-projects/NewsImpact/venv/lib64/python3.10/site-packages/airflow/example_dags/example_complex.py                                                                   1           0  0.10s           2025-07-04T07:17:52
/home/tejhanagarajan/Projects/small-projects/NewsImpact/venv/lib64/python3.10/site-packages/airflow/example_dags/example_dag_decorator.py                                                             1           0  0.20s           2025-07-04T07:17:51
/home/tejhanagarajan/Projects/small-projects/NewsImpact/venv/lib64/python3.10/site-packages/airflow/example_dags/example_dynamic_task_mapping.py                                                      1           0  0.10s           2025-07-04T07:17:41
/home/tejhanagarajan/Projects/small-projects/NewsImpact/venv/lib64/python3.10/site-packages/airflow/example_dags/example_dynamic_task_mapping_with_no_taskflow_operators.py                           1           0  0.10s           2025-07-04T07:17:39
/home/tejhanagarajan/Projects/small-projects/NewsImpact/venv/lib64/python3.10/site-packages/airflow/example_dags/example_latest_only.py                                                               1           0  0.10s           2025-07-04T07:17:37
/home/tejhanagarajan/Projects/small-projects/NewsImpact/venv/lib64/python3.10/site-packages/airflow/example_dags/example_latest_only_with_trigger.py                                                  1           0  0.10s           2025-07-04T07:17:36
/home/tejhanagarajan/Projects/small-projects/NewsImpact/venv/lib64/python3.10/site-packages/airflow/example_dags/example_nested_branch_dag.py                                                         1           0  0.11s           2025-07-04T07:17:34
/home/tejhanagarajan/Projects/small-projects/NewsImpact/venv/lib64/python3.10/site-packages/airflow/example_dags/example_params_trigger_ui.py                                                         1           0  0.10s           2025-07-04T07:17:33
/home/tejhanagarajan/Projects/small-projects/NewsImpact/venv/lib64/python3.10/site-packages/airflow/example_dags/example_params_ui_tutorial.py                                                        1           0  0.10s           2025-07-04T07:17:32
/home/tejhanagarajan/Projects/small-projects/NewsImpact/venv/lib64/python3.10/site-packages/airflow/example_dags/example_passing_params_via_test_command.py                                           1           0  0.10s           2025-07-04T07:17:30
/home/tejhanagarajan/Projects/small-projects/NewsImpact/venv/lib64/python3.10/site-packages/airflow/example_dags/example_python_decorator.py                                                          1           0  0.10s           2025-07-04T07:17:24
/home/tejhanagarajan/Projects/small-projects/NewsImpact/venv/lib64/python3.10/site-packages/airflow/example_dags/example_python_operator.py                                                           1           0  0.10s           2025-07-04T07:17:24
/home/tejhanagarajan/Projects/small-projects/NewsImpact/venv/lib64/python3.10/site-packages/airflow/example_dags/example_sensor_decorator.py                                                          1           0  0.10s           2025-07-04T07:17:23
/home/tejhanagarajan/Projects/small-projects/NewsImpact/venv/lib64/python3.10/site-packages/airflow/example_dags/example_sensors.py                                                                   1           0  0.10s           2025-07-04T07:17:22
/home/tejhanagarajan/Projects/small-projects/NewsImpact/venv/lib64/python3.10/site-packages/airflow/example_dags/example_setup_teardown.py                                                            1           0  0.10s           2025-07-04T07:17:20
/home/tejhanagarajan/Projects/small-projects/NewsImpact/venv/lib64/python3.10/site-packages/airflow/example_dags/example_setup_teardown_taskflow.py                                                   1           0  0.10s           2025-07-04T07:17:19
/home/tejhanagarajan/Projects/small-projects/NewsImpact/venv/lib64/python3.10/site-packages/airflow/example_dags/example_short_circuit_decorator.py                                                   1           0  0.10s           2025-07-04T07:17:19
/home/tejhanagarajan/Projects/small-projects/NewsImpact/venv/lib64/python3.10/site-packages/airflow/example_dags/example_short_circuit_operator.py                                                    1           0  0.10s           2025-07-04T07:17:18
/home/tejhanagarajan/Projects/small-projects/NewsImpact/venv/lib64/python3.10/site-packages/airflow/example_dags/example_skip_dag.py                                                                  1           0  0.10s           2025-07-04T07:17:17
/home/tejhanagarajan/Projects/small-projects/NewsImpact/venv/lib64/python3.10/site-packages/airflow/example_dags/example_sla_dag.py                                                                   1           0  0.10s           2025-07-04T07:17:16
/home/tejhanagarajan/Projects/small-projects/NewsImpact/venv/lib64/python3.10/site-packages/airflow/example_dags/example_task_group.py                                                                1           0  0.10s           2025-07-04T07:17:14
/home/tejhanagarajan/Projects/small-projects/NewsImpact/venv/lib64/python3.10/site-packages/airflow/example_dags/example_task_group_decorator.py                                                      1           0  0.10s           2025-07-04T07:17:50
/home/tejhanagarajan/Projects/small-projects/NewsImpact/venv/lib64/python3.10/site-packages/airflow/example_dags/example_time_delta_sensor_async.py                                                   1           0  0.10s           2025-07-04T07:17:50
/home/tejhanagarajan/Projects/small-projects/NewsImpact/venv/lib64/python3.10/site-packages/airflow/example_dags/example_trigger_controller_dag.py                                                    1           0  0.10s           2025-07-04T07:17:29
/home/tejhanagarajan/Projects/small-projects/NewsImpact/venv/lib64/python3.10/site-packages/airflow/example_dags/example_trigger_target_dag.py                                                        1           0  0.10s           2025-07-04T07:17:49
/home/tejhanagarajan/Projects/small-projects/NewsImpact/venv/lib64/python3.10/site-packages/airflow/example_dags/example_xcom.py                                                                      1           0  0.10s           2025-07-04T07:17:48
/home/tejhanagarajan/Projects/small-projects/NewsImpact/venv/lib64/python3.10/site-packages/airflow/example_dags/tutorial.py                                                                          1           0  0.10s           2025-07-04T07:17:28
/home/tejhanagarajan/Projects/small-projects/NewsImpact/venv/lib64/python3.10/site-packages/airflow/example_dags/tutorial_dag.py                                                                      1           0  0.10s           2025-07-04T07:17:47
/home/tejhanagarajan/Projects/small-projects/NewsImpact/venv/lib64/python3.10/site-packages/airflow/example_dags/tutorial_objectstorage.py                                                            1           0  0.10s           2025-07-04T07:17:46
/home/tejhanagarajan/Projects/small-projects/NewsImpact/venv/lib64/python3.10/site-packages/airflow/example_dags/tutorial_taskflow_api.py                                                             1           0  0.10s           2025-07-04T07:17:45
/home/tejhanagarajan/Projects/small-projects/NewsImpact/venv/lib64/python3.10/site-packages/airflow/example_dags/tutorial_taskflow_api_virtualenv.py                                                  1           0  0.10s           2025-07-04T07:17:44
/home/tejhanagarajan/Projects/small-projects/NewsImpact/venv/lib64/python3.10/site-packages/airflow/example_dags/example_external_task_marker_dag.py                                                  2           0  0.10s           2025-07-04T07:17:39
/home/tejhanagarajan/Projects/small-projects/NewsImpact/venv/lib64/python3.10/site-packages/airflow/example_dags/example_xcomargs.py                                                                  2           0  0.10s           2025-07-04T07:17:29
/home/tejhanagarajan/Projects/small-projects/NewsImpact/venv/lib64/python3.10/site-packages/airflow/example_dags/example_branch_datetime_operator.py                                                  3           0  0.10s           2025-07-04T07:17:57
/home/tejhanagarajan/Projects/small-projects/NewsImpact/venv/lib64/python3.10/site-packages/airflow/example_dags/example_subdag_operator.py                                                           3           0  0.10s           2025-07-04T07:17:15
/home/tejhanagarajan/Projects/small-projects/NewsImpact/venv/lib64/python3.10/site-packages/airflow/example_dags/example_datasets.py                                                                  6           0  0.10s           2025-07-04T07:17:42
================================================================================
[2025-07-04T12:48:28.607+0530] {manager.py:879} INFO - 
================================================================================
DAG File Processing Stats

File Path                                                                                                                                                                    PID    Runtime      # DAGs    # Errors  Last Runtime    Last Run
---------------------------------------------------------------------------------------------------------------------------------------------------------------------------  -----  ---------  --------  ----------  --------------  -------------------
/home/tejhanagarajan/Projects/small-projects/NewsImpact/venv/lib64/python3.10/site-packages/airflow/example_dags/example_kubernetes_executor.py                                                       0           0  0.10s           2025-07-04T07:18:25
/home/tejhanagarajan/Projects/small-projects/NewsImpact/venv/lib64/python3.10/site-packages/airflow/example_dags/example_local_kubernetes_executor.py                                                 0           0  0.10s           2025-07-04T07:18:22
/home/tejhanagarajan/Projects/small-projects/NewsImpact/venv/lib64/python3.10/site-packages/airflow/example_dags/plugins/event_listener.py                                                            0           0  0.10s           2025-07-04T07:18:14
/home/tejhanagarajan/Projects/small-projects/NewsImpact/venv/lib64/python3.10/site-packages/airflow/example_dags/plugins/listener_plugin.py                                                           0           0  0.10s           2025-07-04T07:18:00
/home/tejhanagarajan/Projects/small-projects/NewsImpact/venv/lib64/python3.10/site-packages/airflow/example_dags/plugins/workday.py                                                                   0           0  0.20s           2025-07-04T07:18:00
/home/tejhanagarajan/Projects/small-projects/NewsImpact/venv/lib64/python3.10/site-packages/airflow/example_dags/subdags/subdag.py                                                                    0           0  0.10s           2025-07-04T07:17:59
/home/tejhanagarajan/Projects/small-projects/NewsImpact/airflow/dags/correlate_dag.py                                                                                                                 1           0  0.10s           2025-07-04T07:17:58
/home/tejhanagarajan/Projects/small-projects/NewsImpact/venv/lib64/python3.10/site-packages/airflow/example_dags/example_bash_operator.py                                                             1           0  0.10s           2025-07-04T07:17:58
/home/tejhanagarajan/Projects/small-projects/NewsImpact/venv/lib64/python3.10/site-packages/airflow/example_dags/example_branch_day_of_week_operator.py                                               1           0  0.10s           2025-07-04T07:17:55
/home/tejhanagarajan/Projects/small-projects/NewsImpact/venv/lib64/python3.10/site-packages/airflow/example_dags/example_branch_labels.py                                                             1           0  0.10s           2025-07-04T07:17:55
/home/tejhanagarajan/Projects/small-projects/NewsImpact/venv/lib64/python3.10/site-packages/airflow/example_dags/example_branch_operator.py                                                           1           0  0.10s           2025-07-04T07:17:55
/home/tejhanagarajan/Projects/small-projects/NewsImpact/venv/lib64/python3.10/site-packages/airflow/example_dags/example_branch_operator_decorator.py                                                 1           0  0.10s           2025-07-04T07:17:54
/home/tejhanagarajan/Projects/small-projects/NewsImpact/venv/lib64/python3.10/site-packages/airflow/example_dags/example_branch_python_dop_operator_3.py                                              1           0  0.10s           2025-07-04T07:17:53
/home/tejhanagarajan/Projects/small-projects/NewsImpact/venv/lib64/python3.10/site-packages/airflow/example_dags/example_complex.py                                                                   1           0  0.10s           2025-07-04T07:17:52
/home/tejhanagarajan/Projects/small-projects/NewsImpact/venv/lib64/python3.10/site-packages/airflow/example_dags/example_dag_decorator.py                                                             1           0  0.20s           2025-07-04T07:17:51
/home/tejhanagarajan/Projects/small-projects/NewsImpact/venv/lib64/python3.10/site-packages/airflow/example_dags/example_dynamic_task_mapping.py                                                      1           0  0.10s           2025-07-04T07:18:28
/home/tejhanagarajan/Projects/small-projects/NewsImpact/venv/lib64/python3.10/site-packages/airflow/example_dags/example_dynamic_task_mapping_with_no_taskflow_operators.py                           1           0  0.10s           2025-07-04T07:18:27
/home/tejhanagarajan/Projects/small-projects/NewsImpact/venv/lib64/python3.10/site-packages/airflow/example_dags/example_latest_only.py                                                               1           0  0.10s           2025-07-04T07:18:24
/home/tejhanagarajan/Projects/small-projects/NewsImpact/venv/lib64/python3.10/site-packages/airflow/example_dags/example_latest_only_with_trigger.py                                                  1           0  0.10s           2025-07-04T07:18:23
/home/tejhanagarajan/Projects/small-projects/NewsImpact/venv/lib64/python3.10/site-packages/airflow/example_dags/example_nested_branch_dag.py                                                         1           0  0.10s           2025-07-04T07:18:21
/home/tejhanagarajan/Projects/small-projects/NewsImpact/venv/lib64/python3.10/site-packages/airflow/example_dags/example_params_trigger_ui.py                                                         1           0  0.10s           2025-07-04T07:18:20
/home/tejhanagarajan/Projects/small-projects/NewsImpact/venv/lib64/python3.10/site-packages/airflow/example_dags/example_params_ui_tutorial.py                                                        1           0  0.10s           2025-07-04T07:18:19
/home/tejhanagarajan/Projects/small-projects/NewsImpact/venv/lib64/python3.10/site-packages/airflow/example_dags/example_passing_params_via_test_command.py                                           1           0  0.10s           2025-07-04T07:18:18
/home/tejhanagarajan/Projects/small-projects/NewsImpact/venv/lib64/python3.10/site-packages/airflow/example_dags/example_python_decorator.py                                                          1           0  0.10s           2025-07-04T07:18:13
/home/tejhanagarajan/Projects/small-projects/NewsImpact/venv/lib64/python3.10/site-packages/airflow/example_dags/example_python_operator.py                                                           1           0  0.10s           2025-07-04T07:18:13
/home/tejhanagarajan/Projects/small-projects/NewsImpact/venv/lib64/python3.10/site-packages/airflow/example_dags/example_sensor_decorator.py                                                          1           0  0.10s           2025-07-04T07:18:12
/home/tejhanagarajan/Projects/small-projects/NewsImpact/venv/lib64/python3.10/site-packages/airflow/example_dags/example_sensors.py                                                                   1           0  0.10s           2025-07-04T07:18:10
/home/tejhanagarajan/Projects/small-projects/NewsImpact/venv/lib64/python3.10/site-packages/airflow/example_dags/example_setup_teardown.py                                                            1           0  0.10s           2025-07-04T07:18:10
/home/tejhanagarajan/Projects/small-projects/NewsImpact/venv/lib64/python3.10/site-packages/airflow/example_dags/example_setup_teardown_taskflow.py                                                   1           0  0.10s           2025-07-04T07:18:10
/home/tejhanagarajan/Projects/small-projects/NewsImpact/venv/lib64/python3.10/site-packages/airflow/example_dags/example_short_circuit_decorator.py                                                   1           0  0.10s           2025-07-04T07:18:09
/home/tejhanagarajan/Projects/small-projects/NewsImpact/venv/lib64/python3.10/site-packages/airflow/example_dags/example_short_circuit_operator.py                                                    1           0  0.10s           2025-07-04T07:18:08
/home/tejhanagarajan/Projects/small-projects/NewsImpact/venv/lib64/python3.10/site-packages/airflow/example_dags/example_skip_dag.py                                                                  1           0  0.10s           2025-07-04T07:18:06
/home/tejhanagarajan/Projects/small-projects/NewsImpact/venv/lib64/python3.10/site-packages/airflow/example_dags/example_sla_dag.py                                                                   1           0  0.10s           2025-07-04T07:18:05
/home/tejhanagarajan/Projects/small-projects/NewsImpact/venv/lib64/python3.10/site-packages/airflow/example_dags/example_task_group.py                                                                1           0  0.10s           2025-07-04T07:18:04
/home/tejhanagarajan/Projects/small-projects/NewsImpact/venv/lib64/python3.10/site-packages/airflow/example_dags/example_task_group_decorator.py                                                      1           0  0.10s           2025-07-04T07:17:50
/home/tejhanagarajan/Projects/small-projects/NewsImpact/venv/lib64/python3.10/site-packages/airflow/example_dags/example_time_delta_sensor_async.py                                                   1           0  0.10s           2025-07-04T07:17:50
/home/tejhanagarajan/Projects/small-projects/NewsImpact/venv/lib64/python3.10/site-packages/airflow/example_dags/example_trigger_controller_dag.py                                                    1           0  0.10s           2025-07-04T07:18:17
/home/tejhanagarajan/Projects/small-projects/NewsImpact/venv/lib64/python3.10/site-packages/airflow/example_dags/example_trigger_target_dag.py                                                        1           0  0.10s           2025-07-04T07:17:49
/home/tejhanagarajan/Projects/small-projects/NewsImpact/venv/lib64/python3.10/site-packages/airflow/example_dags/example_xcom.py                                                                      1           0  0.10s           2025-07-04T07:17:48
/home/tejhanagarajan/Projects/small-projects/NewsImpact/venv/lib64/python3.10/site-packages/airflow/example_dags/tutorial.py                                                                          1           0  0.10s           2025-07-04T07:18:01
/home/tejhanagarajan/Projects/small-projects/NewsImpact/venv/lib64/python3.10/site-packages/airflow/example_dags/tutorial_dag.py                                                                      1           0  0.10s           2025-07-04T07:17:47
/home/tejhanagarajan/Projects/small-projects/NewsImpact/venv/lib64/python3.10/site-packages/airflow/example_dags/tutorial_objectstorage.py                                                            1           0  0.10s           2025-07-04T07:17:46
/home/tejhanagarajan/Projects/small-projects/NewsImpact/venv/lib64/python3.10/site-packages/airflow/example_dags/tutorial_taskflow_api.py                                                             1           0  0.10s           2025-07-04T07:17:45
/home/tejhanagarajan/Projects/small-projects/NewsImpact/venv/lib64/python3.10/site-packages/airflow/example_dags/tutorial_taskflow_api_virtualenv.py                                                  1           0  0.10s           2025-07-04T07:18:15
/home/tejhanagarajan/Projects/small-projects/NewsImpact/venv/lib64/python3.10/site-packages/airflow/example_dags/example_external_task_marker_dag.py                                                  2           0  0.10s           2025-07-04T07:18:26
/home/tejhanagarajan/Projects/small-projects/NewsImpact/venv/lib64/python3.10/site-packages/airflow/example_dags/example_xcomargs.py                                                                  2           0  0.10s           2025-07-04T07:18:02
/home/tejhanagarajan/Projects/small-projects/NewsImpact/venv/lib64/python3.10/site-packages/airflow/example_dags/example_branch_datetime_operator.py                                                  3           0  0.10s           2025-07-04T07:17:57
/home/tejhanagarajan/Projects/small-projects/NewsImpact/venv/lib64/python3.10/site-packages/airflow/example_dags/example_subdag_operator.py                                                           3           0  0.10s           2025-07-04T07:18:05
/home/tejhanagarajan/Projects/small-projects/NewsImpact/venv/lib64/python3.10/site-packages/airflow/example_dags/example_datasets.py                                                                  6           0  0.10s           2025-07-04T07:17:42
================================================================================
